"rgn_id","habitat","year","value"
"01101","Bosques y matorrales",2017,0.0597776980137716
"01101","Bosques y matorrales",2018,0.000992160962884176
"01101","Bosques y matorrales",2019,0.000744120722163132
"01101","Bosques y matorrales",2020,0.000992160962884176
"01101","Bosques y matorrales",2021,0.0147710494372246
"01101","Bosques y matorrales",2022,0.0275324667200359
"01101","Bosques y matorrales",2023,0.0128626581973913
"01101","Bosques y matorrales",2024,0.000496080481442088
"01101","Macrocystis",2017,0.003318296956227
"01101","Macrocystis",2018,0.00325962372910312
"01101","Macrocystis",2019,0.0032019879460738
"01101","Macrocystis",2020,0.00314537126333381
"01101","Macrocystis",2021,0.00308975566142809
"01101","Macrocystis",2022,0.00311078016408141
"01101","Macrocystis",2023,0.0022878622223094
"01101","Macrocystis",2024,0.00347256337009462
"01101","Marismas y humedales",2017,0.447712634501484
"01101","Marismas y humedales",2018,0.0644904625874714
"01101","Marismas y humedales",2019,0.000744120722163132
"01101","Marismas y humedales",2020,0.016866736369031
"01101","Marismas y humedales",2021,0.000744120722163132
"01101","Marismas y humedales",2022,0.0148824144432626
"01101","Marismas y humedales",2023,0.0779200699065108
"01101","Marismas y humedales",2024,0.000496080481442088
"01101","Playas y dunas",2017,7.58507056124953
"01101","Playas y dunas",2018,7.61880403398759
"01101","Playas y dunas",2019,7.40871395009686
"01101","Playas y dunas",2020,7.41144239274479
"01101","Playas y dunas",2021,8.16002783924091
"01101","Playas y dunas",2022,2.89611785065891
"01101","Playas y dunas",2023,5.8685966611398
"01101","Playas y dunas",2024,7.90405031081679
"01404","Bosques y matorrales",2017,0.0460768780399001
"01404","Bosques y matorrales",2018,0.0291011861304632
"01404","Bosques y matorrales",2019,0.000929621223612019
"01404","Bosques y matorrales",2020,0.00242509884420527
"01404","Bosques y matorrales",2021,0.00323346512560702
"01404","Bosques y matorrales",2022,1.82367433084236
"01404","Bosques y matorrales",2023,0.272205797172307
"01404","Bosques y matorrales",2024,0
"01404","Macrocystis",2017,0.00632552878428199
"01404","Macrocystis",2018,0.00621368249929467
"01404","Macrocystis",2019,0.00610381384999479
"01404","Macrocystis",2020,0.00599588786836423
"01404","Macrocystis",2021,0.00588987020467999
"01404","Macrocystis",2022,0.00561943607116108
"01404","Macrocystis",2023,0.00436125474380224
"01404","Macrocystis",2024,0.00444601454770965
"01404","Marismas y humedales",2017,0.00472894274620027
"01404","Marismas y humedales",2018,0.0953872212054071
"01404","Marismas y humedales",2019,0.00278886367083606
"01404","Marismas y humedales",2020,0.00282928198490614
"01404","Marismas y humedales",2021,0.0202072323534215
"01404","Marismas y humedales",2022,0.0202072323534215
"01404","Marismas y humedales",2023,0.0151049013724785
"01404","Marismas y humedales",2024,0.000404183140700878
"01404","Playas y dunas",2017,8.16854127356474
"01404","Playas y dunas",2018,8.8896039965751
"01404","Playas y dunas",2019,8.11640164841433
"01404","Playas y dunas",2020,8.07962098261055
"01404","Playas y dunas",2021,9.46596915521456
"01404","Playas y dunas",2022,0.144293381230213
"01404","Playas y dunas",2023,6.12349006251564
"01404","Playas y dunas",2024,8.60748416436589
"02101","Bosques y matorrales",2017,0.203884582579965
"02101","Bosques y matorrales",2018,0.00284597442987627
"02101","Bosques y matorrales",2019,0.000307672911337975
"02101","Bosques y matorrales",2020,0.0245369146792035
"02101","Bosques y matorrales",2021,0.0397651540306815
"02101","Bosques y matorrales",2022,0.0061534582267595
"02101","Bosques y matorrales",2023,0.033961228975306
"02101","Bosques y matorrales",2024,0.00666624641232279
"02101","Macrocystis",2017,0.00138265580738211
"02101","Macrocystis",2018,0.0013582080622614
"02101","Macrocystis",2019,0.00133419259554165
"02101","Macrocystis",2020,0.00131060176379337
"02101","Macrocystis",2021,0.00128742805873612
"02101","Macrocystis",2022,0.00127106405480279
"02101","Macrocystis",2023,0.000953298041102093
"02101","Macrocystis",2024,0
"02101","Marismas y humedales",2017,0.812000091839472
"02101","Marismas y humedales",2018,0.229985501225136
"02101","Marismas y humedales",2019,0.00307672911337975
"02101","Marismas y humedales",2020,0.0507660303707658
"02101","Marismas y humedales",2021,0.0028203350205981
"02101","Marismas y humedales",2022,0.18134911158421
"02101","Marismas y humedales",2023,0.156949812509907
"02101","Marismas y humedales",2024,0.0138452810102089
"02101","Playas y dunas",2017,7.77771480453122
"02101","Playas y dunas",2018,7.97744580280812
"02101","Playas y dunas",2019,7.79079090326309
"02101","Playas y dunas",2020,7.72259007458317
"02101","Playas y dunas",2021,7.83796741633491
"02101","Playas y dunas",2022,0.840716230231016
"02101","Playas y dunas",2023,5.70674646167879
"02101","Playas y dunas",2024,8.94892302035778
"02102","Bosques y matorrales",2017,0.0570187536219599
"02102","Bosques y matorrales",2018,1.61868095996512
"02102","Bosques y matorrales",2019,1.61868095996512
"02102","Bosques y matorrales",2020,1.61868095996512
"02102","Bosques y matorrales",2021,1.61868095996512
"02102","Bosques y matorrales",2022,4.19201876628649
"02102","Bosques y matorrales",2023,0.607005359986922
"02102","Bosques y matorrales",2024,0
"02102","Macrocystis",2017,0.000592783017741928
"02102","Macrocystis",2018,0.000582301589137457
"02102","Macrocystis",2019,0.000572005490311842
"02102","Macrocystis",2020,0.000561891444314187
"02102","Macrocystis",2021,0.000551956232135743
"02102","Macrocystis",2022,0.0205267513039056
"02102","Macrocystis",2023,0.00334109843964953
"02102","Macrocystis",2024,0
"02102","Marismas y humedales",2017,0.080966630143183
"02102","Marismas y humedales",2018,0.0509367532356175
"02102","Marismas y humedales",2019,0.0461580386463485
"02102","Marismas y humedales",2020,0.0461580386463485
"02102","Marismas y humedales",2021,0.0461580386463485
"02102","Marismas y humedales",2022,0.0296497518834191
"02102","Marismas y humedales",2023,0.0230790193231742
"02102","Marismas y humedales",2024,0
"02102","Playas y dunas",2017,8.30687215267126
"02102","Playas y dunas",2018,8.34754553025493
"02102","Playas y dunas",2019,8.27532177566711
"02102","Playas y dunas",2020,8.28862615151223
"02102","Playas y dunas",2021,8.36008965605176
"02102","Playas y dunas",2022,0.0296497518834191
"02102","Playas y dunas",2023,5.94401500257724
"02102","Playas y dunas",2024,8.99261769623137
"02104","Bosques y matorrales",2017,0.205664913280715
"02104","Bosques y matorrales",2018,0.418947045571826
"02104","Bosques y matorrales",2019,0.322885450274044
"02104","Bosques y matorrales",2020,0.227141239101695
"02104","Bosques y matorrales",2021,0.226823854976262
"02104","Bosques y matorrales",2022,0.0444337775606483
"02104","Bosques y matorrales",2023,0.206556611537884
"02104","Bosques y matorrales",2024,0.0188314581090366
"02104","Macrocystis",2017,0.00167160525239928
"02104","Macrocystis",2018,0.00164204838153171
"02104","Macrocystis",2019,0.00161301412724137
"02104","Macrocystis",2020,0.00158449324876362
"02104","Macrocystis",2021,0.00155647666872654
"02104","Macrocystis",2022,0.00397714657701772
"02104","Macrocystis",2023,0.00115251966838036
"02104","Macrocystis",2024,0.0186198686920812
"02104","Marismas y humedales",2017,0.0571291425779763
"02104","Marismas y humedales",2018,0.377475519848555
"02104","Marismas y humedales",2019,0.135417226851499
"02104","Marismas y humedales",2020,0.100081794219936
"02104","Marismas y humedales",2021,0.462534465464653
"02104","Marismas y humedales",2022,0.0342774855467858
"02104","Marismas y humedales",2023,0.166702233501344
"02104","Marismas y humedales",2024,0.0120605967664617
"02104","Playas y dunas",2017,7.74205676640057
"02104","Playas y dunas",2018,8.02410545920221
"02104","Playas y dunas",2019,7.77337200010998
"02104","Playas y dunas",2020,7.68133060373435
"02104","Playas y dunas",2021,7.68133060373435
"02104","Playas y dunas",2022,3.05958296917607
"02104","Playas y dunas",2023,5.99453977176536
"02104","Playas y dunas",2024,10.6958450270989
"02301","Bosques y matorrales",2017,0.0625931291657933
"02301","Bosques y matorrales",2018,0.00142906687593135
"02301","Bosques y matorrales",2019,0.00171488025111763
"02301","Bosques y matorrales",2020,0.000571626750372542
"02301","Bosques y matorrales",2021,0.00114325350074508
"02301","Bosques y matorrales",2022,0.00257232037667644
"02301","Bosques y matorrales",2023,0.0100034681315195
"02301","Bosques y matorrales",2024,0
"02301","Macrocystis",2017,0.0102099007889902
"02301","Macrocystis",2018,0.010029372091346
"02301","Macrocystis",2019,0.0098520354531886
"02301","Macrocystis",2020,0.00967783443338763
"02301","Macrocystis",2021,0.00950671358878941
"02301","Macrocystis",2022,0.000857440125558813
"02301","Macrocystis",2023,0.00716189949732295
"02301","Macrocystis",2024,0.00400138725260779
"02301","Marismas y humedales",2017,0.10575094881892
"02301","Marismas y humedales",2018,0.0828858788040186
"02301","Marismas y humedales",2019,0.0344084306168125
"02301","Marismas y humedales",2020,0.0177204292615488
"02301","Marismas y humedales",2021,0.000571626750372542
"02301","Marismas y humedales",2022,0.00257232037667644
"02301","Marismas y humedales",2023,0.0299287434302195
"02301","Marismas y humedales",2024,0.00142906687593135
"02301","Playas y dunas",2017,7.74554246754794
"02301","Playas y dunas",2018,7.99991637146372
"02301","Playas y dunas",2019,7.71410299627745
"02301","Playas y dunas",2020,7.64893754673498
"02301","Playas y dunas",2021,7.70838672877372
"02301","Playas y dunas",2022,0.806851158150843
"02301","Playas y dunas",2023,5.66053389556409
"02301","Playas y dunas",2024,8.14482375268316
"03101","Bosques y matorrales",2017,0.147030042932282
"03101","Bosques y matorrales",2018,0.409270194132398
"03101","Bosques y matorrales",2019,0.00768067388452221
"03101","Bosques y matorrales",2020,0.00548619563180158
"03101","Bosques y matorrales",2021,0.149985870782886
"03101","Bosques y matorrales",2022,0.289671129359123
"03101","Bosques y matorrales",2023,0.122734033705733
"03101","Bosques y matorrales",2024,0.0680288258343396
"03101","Macrocystis",2017,0.0055383154783727
"03101","Macrocystis",2018,0.00544038848563134
"03101","Macrocystis",2019,0.00534419301142567
"03101","Macrocystis",2020,0.00524969843951441
"03101","Macrocystis",2021,0.00515687469500433
"03101","Macrocystis",2022,0.00509132763999018
"03101","Macrocystis",2023,0.00381849572999264
"03101","Macrocystis",2024,0
"03101","Marismas y humedales",2017,0.00109723912636032
"03101","Marismas y humedales",2018,0.0773553584084023
"03101","Marismas y humedales",2019,0.00329171737908095
"03101","Marismas y humedales",2020,0.0773553584084023
"03101","Marismas y humedales",2021,0.00219447825272063
"03101","Marismas y humedales",2022,0.362088911698904
"03101","Marismas y humedales",2023,0.0526674780652952
"03101","Marismas y humedales",2024,0.0427923259280523
"03101","Playas y dunas",2017,10.1165447450421
"03101","Playas y dunas",2018,11.2851044146158
"03101","Playas y dunas",2019,9.91904170229726
"03101","Playas y dunas",2020,9.83894324607295
"03101","Playas y dunas",2021,9.93001409356086
"03101","Playas y dunas",2022,1.15539280005741
"03101","Playas y dunas",2023,7.46357728594949
"03101","Playas y dunas",2024,12.5677769533311
"03102","Bosques y matorrales",2017,0.0883836207111437
"03102","Bosques y matorrales",2018,0.0164728276474922
"03102","Bosques y matorrales",2019,0.01380076469576
"03102","Bosques y matorrales",2020,0.0231970300205327
"03102","Bosques y matorrales",2021,0.00469813266238638
"03102","Bosques y matorrales",2022,0.509160127286124
"03102","Bosques y matorrales",2023,0.0936732147176341
"03102","Bosques y matorrales",2024,0.0317123954711081
"03102","Macrocystis",2017,0.00222419383653513
"03102","Macrocystis",2018,0.00218486624414059
"03102","Macrocystis",2019,0.00214623403157229
"03102","Macrocystis",2020,0.00210828490331266
"03102","Macrocystis",2021,0.00207100678125016
"03102","Macrocystis",2022,0.00242374724512635
"03102","Macrocystis",2023,0.00153351225668726
"03102","Macrocystis",2024,0.00469813266238638
"03102","Marismas y humedales",2017,0.220224968549361
"03102","Marismas y humedales",2018,0.21728863563537
"03102","Marismas y humedales",2019,0.00205543303979404
"03102","Marismas y humedales",2020,0.0176179974839489
"03102","Marismas y humedales",2021,0.019673430523743
"03102","Marismas y humedales",2022,0.0820075835264765
"03102","Marismas y humedales",2023,0.0681229236046025
"03102","Marismas y humedales",2024,0.0290696958485157
"03102","Playas y dunas",2017,9.27293934238511
"03102","Playas y dunas",2018,10.5003265004336
"03102","Playas y dunas",2019,8.72090875455472
"03102","Playas y dunas",2020,8.56264041049057
"03102","Playas y dunas",2021,9.12905902959953
"03102","Playas y dunas",2022,0.0748764893067829
"03102","Playas y dunas",2023,6.60867864668147
"03102","Playas y dunas",2024,12.4899856829542
"03201","Bosques y matorrales",2017,0.0315448852204379
"03201","Bosques y matorrales",2018,0.0562072500291439
"03201","Bosques y matorrales",2019,0.0022941734705773
"03201","Bosques y matorrales",2020,0.00481776428821233
"03201","Bosques y matorrales",2021,0.180270532933955
"03201","Bosques y matorrales",2022,1.00828924031872
"03201","Bosques y matorrales",2023,0.157593330475299
"03201","Bosques y matorrales",2024,0.00114708673528865
"03201","Macrocystis",2017,0.000516802629105908
"03201","Macrocystis",2018,0.000507664665133505
"03201","Macrocystis",2019,0.000498688276162578
"03201","Macrocystis",2020,0.000489870605267759
"03201","Macrocystis",2021,0.000481208846039056
"03201","Macrocystis",2022,0.00172063010293298
"03201","Macrocystis",2023,0.00060212358923454
"03201","Macrocystis",2024,0.00401480357351028
"03201","Marismas y humedales",2017,0.0590749668673655
"03201","Marismas y humedales",2018,0.269565382792833
"03201","Marismas y humedales",2019,0.0022941734705773
"03201","Marismas y humedales",2020,0.02122110460284
"03201","Marismas y humedales",2021,0.00286771683822163
"03201","Marismas y humedales",2022,0.00860315051466488
"03201","Marismas y humedales",2023,0.0519466421552146
"03201","Marismas y humedales",2024,0
"03201","Playas y dunas",2017,8.77750769842875
"03201","Playas y dunas",2018,9.4147143798816
"03201","Playas y dunas",2019,8.9644828362808
"03201","Playas y dunas",2020,8.52858987687111
"03201","Playas y dunas",2021,11.1554185006821
"03201","Playas y dunas",2022,0.0963552857642466
"03201","Playas y dunas",2023,6.70529551112981
"03201","Playas y dunas",2024,9.71926590810074
"03303","Bosques y matorrales",2017,0.124675648871651
"03303","Bosques y matorrales",2018,0.43730218194455
"03303","Bosques y matorrales",2019,0.0332780867288993
"03303","Bosques y matorrales",2020,0.124206943424765
"03303","Bosques y matorrales",2021,0.0220291560036376
"03303","Bosques y matorrales",2022,0.00984281438460401
"03303","Bosques y matorrales",2023,0.107333547336872
"03303","Bosques y matorrales",2024,0.00796799259706039
"03303","Macrocystis",2017,0.00417634540783686
"03303","Macrocystis",2018,0.00410250040062561
"03303","Macrocystis",2019,0.00402996110081101
"03303","Macrocystis",2020,0.00395870442122888
"03303","Macrocystis",2021,0.00388870768293604
"03303","Macrocystis",2022,0.0038392798120835
"03303","Macrocystis",2023,0.00287945985906263
"03303","Macrocystis",2024,0
"03303","Marismas y humedales",2017,0.267162104724966
"03303","Marismas y humedales",2018,0.222166381823919
"03303","Marismas y humedales",2019,0.019685628769208
"03303","Marismas y humedales",2020,0.0154672797472349
"03303","Marismas y humedales",2021,0.0337467921757852
"03303","Marismas y humedales",2022,0.0918758330069208
"03303","Marismas y humedales",2023,0.0797468838915876
"03303","Marismas y humedales",2024,0.00515575991574496
"03303","Playas y dunas",2017,5.67133590731946
"03303","Playas y dunas",2018,7.99330269119223
"03303","Playas y dunas",2019,7.42195075143831
"03303","Playas y dunas",2020,7.29352545899157
"03303","Playas y dunas",2021,7.94033897569412
"03303","Playas y dunas",2022,0.00562446536263086
"03303","Playas y dunas",2023,5.18943974999976
"03303","Playas y dunas",2024,9.21053073675493
"03304","Bosques y matorrales",2017,0.25150073184842
"03304","Bosques y matorrales",2018,0.332302030803976
"03304","Bosques y matorrales",2019,0.142873820007506
"03304","Bosques y matorrales",2020,0.0355846780168509
"03304","Bosques y matorrales",2021,0.0337118002264903
"03304","Bosques y matorrales",2022,0.385277716874175
"03304","Bosques y matorrales",2023,0.16875011111106
"03304","Bosques y matorrales",2024,0.0454841749087567
"03304","Macrocystis",2017,0.00353105610916036
"03304","Macrocystis",2018,0.00346862093237756
"03304","Macrocystis",2019,0.00340728971746323
"03304","Macrocystis",2020,0.0033470429444629
"03304","Macrocystis",2021,0.00328786143856866
"03304","Macrocystis",2022,0.00324607069372052
"03304","Macrocystis",2023,0.00243455302029039
"03304","Macrocystis",2024,0
"03304","Marismas y humedales",2017,0.947141053982346
"03304","Marismas y humedales",2018,0.183542023455336
"03304","Marismas y humedales",2019,0.026755397005151
"03304","Marismas y humedales",2020,0.165348353491833
"03304","Marismas y humedales",2021,0.105416264200295
"03304","Marismas y humedales",2022,0.239903086289452
"03304","Marismas y humedales",2023,0.204029013162137
"03304","Marismas y humedales",2024,0.0470894987290658
"03304","Playas y dunas",2017,7.32509259207025
"03304","Playas y dunas",2018,9.44465514281831
"03304","Playas y dunas",2019,8.23531119818549
"03304","Playas y dunas",2020,8.04802341914943
"03304","Playas y dunas",2021,8.1668173818523
"03304","Playas y dunas",2022,0.00481597146092718
"03304","Playas y dunas",2023,5.88924510079095
"03304","Playas y dunas",2024,8.71316258869748
"04101","Bosques y matorrales",2017,1.14698037411796
"04101","Bosques y matorrales",2018,1.14611798285922
"04101","Bosques y matorrales",2019,0.92448342936425
"04101","Bosques y matorrales",2020,0.765803437756953
"04101","Bosques y matorrales",2021,0.534682580415891
"04101","Bosques y matorrales",2022,0.0413947804192948
"04101","Bosques y matorrales",2023,0.651351797847653
"04101","Bosques y matorrales",2024,0.0457067367129713
"04101","Macrocystis",2017,0.00113246640109811
"04101","Macrocystis",2018,0.001112442437228
"04101","Macrocystis",2019,0.00109277253165816
"04101","Macrocystis",2020,0.0010734504240257
"04101","Macrocystis",2021,0.00105446996466178
"04101","Macrocystis",2022,0.00104106700165176
"04101","Macrocystis",2023,0.000780800251238823
"04101","Macrocystis",2024,0
"04101","Marismas y humedales",2017,3.28829786955773
"04101","Marismas y humedales",2018,3.28571069578152
"04101","Marismas y humedales",2019,1.39448666537499
"04101","Marismas y humedales",2020,1.93175641956709
"04101","Marismas y humedales",2021,0.822721260833483
"04101","Marismas y humedales",2022,0.0206973902096474
"04101","Marismas y humedales",2023,1.53481004304635
"04101","Marismas y humedales",2024,0.0388076066430888
"04101","Playas y dunas",2017,0.711472788456629
"04101","Playas y dunas",2018,0.483801496150507
"04101","Playas y dunas",2019,4.51893019577301
"04101","Playas y dunas",2020,2.1128585839015
"04101","Playas y dunas",2021,3.40558308074573
"04101","Playas y dunas",2022,5.01135560451087
"04101","Playas y dunas",2023,2.32057167850546
"04101","Playas y dunas",2024,3.06838809858022
"04102","Bosques y matorrales",2017,1.75015239376087
"04102","Bosques y matorrales",2018,1.75015239376087
"04102","Bosques y matorrales",2019,1.12120986686168
"04102","Bosques y matorrales",2020,1.69216898112106
"04102","Bosques y matorrales",2021,0.746684354606566
"04102","Bosques y matorrales",2022,0.78277607063747
"04102","Bosques y matorrales",2023,1.1204491515355
"04102","Bosques y matorrales",2024,0.0295833737958227
"04102","Macrocystis",2017,0.000977507405628011
"04102","Macrocystis",2018,0.000960223384703349
"04102","Macrocystis",2019,0.00094324497515064
"04102","Macrocystis",2020,0.000926566773232451
"04102","Macrocystis",2021,0.000910183470758795
"04102","Macrocystis",2022,0.00220714770836417
"04102","Macrocystis",2023,0.000673960858496178
"04102","Macrocystis",2024,0.0100583470905797
"04102","Marismas y humedales",2017,4.46649777569332
"04102","Marismas y humedales",2018,4.46708944316923
"04102","Marismas y humedales",2019,0.793426085203966
"04102","Marismas y humedales",2020,3.20269604713577
"04102","Marismas y humedales",2021,0.683967602159422
"04102","Marismas y humedales",2022,0.00887501213874682
"04102","Marismas y humedales",2023,1.94607885221435
"04102","Marismas y humedales",2024,0.0633084199230607
"04102","Playas y dunas",2017,1.83002750300959
"04102","Playas y dunas",2018,1.82825250058185
"04102","Playas y dunas",2019,7.14734310907077
"04102","Playas y dunas",2020,3.09797090389856
"04102","Playas y dunas",2021,6.7958926283764
"04102","Playas y dunas",2022,0.0994001359539644
"04102","Playas y dunas",2023,2.97126954012731
"04102","Playas y dunas",2024,4.70138976363215
"04104","Bosques y matorrales",2017,0.12138315471147
"04104","Bosques y matorrales",2018,0.555339048478482
"04104","Bosques y matorrales",2019,0.0698064296326035
"04104","Bosques y matorrales",2020,0.180518537776032
"04104","Bosques y matorrales",2021,0.00844791186636602
"04104","Bosques y matorrales",2022,0.99240733082784
"04104","Bosques y matorrales",2023,0.275414630470399
"04104","Bosques y matorrales",2024,0
"04104","Macrocystis",2017,0.00311389527105917
"04104","Macrocystis",2018,0.0030588362191151
"04104","Macrocystis",2019,0.0030047507063999
"04104","Macrocystis",2020,0.00295162151905687
"04104","Macrocystis",2021,0.00289943174760008
"04104","Macrocystis",2022,0.00666940410502581
"04104","Macrocystis",2023,0.00309970565260813
"04104","Macrocystis",2024,0
"04104","Marismas y humedales",2017,0.0355701552268043
"04104","Marismas y humedales",2018,0.128941812697166
"04104","Marismas y humedales",2019,0.310794231294203
"04104","Marismas y humedales",2020,0.0280114972411084
"04104","Marismas y humedales",2021,0.160065698520619
"04104","Marismas y humedales",2022,0.00533552328402065
"04104","Marismas y humedales",2023,0.095531274037703
"04104","Marismas y humedales",2024,0.000444626940335054
"04104","Playas y dunas",2017,2.32984516735568
"04104","Playas y dunas",2018,2.55971729550891
"04104","Playas y dunas",2019,2.69888552783378
"04104","Playas y dunas",2020,2.8678437651611
"04104","Playas y dunas",2021,3.02746483674138
"04104","Playas y dunas",2022,0.0560229944822168
"04104","Playas y dunas",2023,1.93425422672615
"04104","Playas y dunas",2024,6.54313005397065
"04202","Bosques y matorrales",2017,0.909653669112943
"04202","Bosques y matorrales",2018,0.909653669112943
"04202","Bosques y matorrales",2019,1.0039470372527
"04202","Bosques y matorrales",2020,1.0094937059668
"04202","Bosques y matorrales",2021,1.08160039925015
"04202","Bosques y matorrales",2022,5.51408203540795
"04202","Bosques y matorrales",2023,1.48977578801478
"04202","Bosques y matorrales",2024,0.147680054513001
"04202","Macrocystis",2017,0.00815668185918948
"04202","Macrocystis",2018,0.00801245762199359
"04202","Macrocystis",2019,0.00787078351865775
"04202","Macrocystis",2020,0.00773161445840645
"04202","Macrocystis",2021,0.00759490614774702
"04202","Macrocystis",2022,0.00416000153557748
"04202","Macrocystis",2023,0.00621806359165311
"04202","Macrocystis",2024,0.0506133520161927
"04202","Marismas y humedales",2017,5.68186876400958
"04202","Marismas y humedales",2018,5.67840209606327
"04202","Marismas y humedales",2019,4.63008170909774
"04202","Marismas y humedales",2020,5.30677529221834
"04202","Marismas y humedales",2021,4.00053481004701
"04202","Marismas y humedales",2022,4.14261159718556
"04202","Marismas y humedales",2023,3.61395181020513
"04202","Marismas y humedales",2024,0.0866666986578642
"04202","Playas y dunas",2017,1.08576040078572
"04202","Playas y dunas",2018,1.08853373514277
"04202","Playas y dunas",2019,2.22976082306953
"04202","Playas y dunas",2020,1.51077389100389
"04202","Playas y dunas",2021,2.72688100657104
"04202","Playas y dunas",2022,0.0124800046067325
"04202","Playas y dunas",2023,1.23631283731138
"04202","Playas y dunas",2024,1.77909399004864
"04203","Bosques y matorrales",2017,2.61573654158732
"04203","Bosques y matorrales",2018,2.61573654158732
"04203","Bosques y matorrales",2019,2.59387801895568
"04203","Bosques y matorrales",2020,2.59096354927146
"04203","Bosques y matorrales",2021,1.8266438745848
"04203","Bosques y matorrales",2022,0.2054701127375
"04203","Bosques y matorrales",2023,1.77834694838915
"04203","Bosques y matorrales",2024,1.4382907891625
"04203","Macrocystis",2017,0.0191266160876289
"04203","Macrocystis",2018,0.0187884244475726
"04203","Macrocystis",2019,0.0184562126204054
"04203","Macrocystis",2020,0.0181298748726968
"04203","Macrocystis",2021,0.0178093073405666
"04203","Macrocystis",2022,0.0237104123384469
"04203","Macrocystis",2023,0.0131872050526958
"04203","Macrocystis",2024,0.0604752459475621
"04203","Marismas y humedales",2017,4.37170452632979
"04203","Marismas y humedales",2018,4.44456626843529
"04203","Marismas y humedales",2019,4.71415471422563
"04203","Marismas y humedales",2020,4.71196886196246
"04203","Marismas y humedales",2021,4.66169425990967
"04203","Marismas y humedales",2022,3.74787418621716
"04203","Marismas y humedales",2023,3.27201266155183
"04203","Marismas y humedales",2024,0.0590180111054522
"04203","Playas y dunas",2017,0.655755678949469
"04203","Playas y dunas",2018,0.648469504738919
"04203","Playas y dunas",2019,0.825523538055276
"04203","Playas y dunas",2020,0.825523538055276
"04203","Playas y dunas",2021,0.850296530371144
"04203","Playas y dunas",2022,0.0153009658421543
"04203","Playas y dunas",2023,0.545838536573177
"04203","Playas y dunas",2024,2.5239307465344
"04301","Bosques y matorrales",2017,0.561407814482771
"04301","Bosques y matorrales",2018,0.576647791838503
"04301","Bosques y matorrales",2019,0.403653454286952
"04301","Bosques y matorrales",2020,0.602596942471236
"04301","Bosques y matorrales",2021,0.571705096479888
"04301","Bosques y matorrales",2022,0.018535107594809
"04301","Bosques y matorrales",2023,0.39064945816488
"04301","Bosques y matorrales",2024,0.0601361268631582
"04301","Macrocystis",2017,0.00552320072000009
"04301","Macrocystis",2018,0.00542554098231835
"04301","Macrocystis",2019,0.00532960803764082
"04301","Macrocystis",2020,0.00523537135328174
"04301","Macrocystis",2021,0.00514280093642609
"04301","Macrocystis",2022,0.013649059832444
"04301","Macrocystis",2023,0.00380807457566673
"04301","Macrocystis",2024,0.065078822221774
"04301","Marismas y humedales",2017,6.22779615185584
"04301","Marismas y humedales",2018,6.22779615185584
"04301","Marismas y humedales",2019,3.4228165358414
"04301","Marismas y humedales",2020,2.80786285497363
"04301","Marismas y humedales",2021,1.40537304696641
"04301","Marismas y humedales",2022,3.28397555074233
"04301","Marismas y humedales",2023,2.87023496307044
"04301","Marismas y humedales",2024,0.0259491506327327
"04301","Playas y dunas",2017,1.81355730533209
"04301","Playas y dunas",2018,1.81355730533209
"04301","Playas y dunas",2019,5.06626274258114
"04301","Playas y dunas",2020,4.76558210826535
"04301","Playas y dunas",2021,6.39193482688987
"04301","Playas y dunas",2022,0.00864971687757755
"04301","Playas y dunas",2023,2.83707771503973
"04301","Playas y dunas",2024,3.85159535820132
"05101","Bosques y matorrales",2017,5.18347548277281
"05101","Bosques y matorrales",2018,5.18121590322495
"05101","Bosques y matorrales",2019,4.3293544136847
"05101","Bosques y matorrales",2020,4.3293544136847
"05101","Bosques y matorrales",2021,0.15817056834965
"05101","Bosques y matorrales",2022,6.24999702935901
"05101","Bosques y matorrales",2023,3.63308111586797
"05101","Bosques y matorrales",2024,5.94947294949468
"05101","Macrocystis",2017,0.00146621170101197
"05101","Macrocystis",2018,0.00144028654323376
"05101","Macrocystis",2019,0.00141481978706656
"05101","Macrocystis",2020,0.00138980332717737
"05101","Macrocystis",2021,0.00136522920154948
"05101","Macrocystis",2022,0.00276930793173751
"05101","Macrocystis",2023,0.00101090722286273
"05101","Macrocystis",2024,0.0112978977392607
"05101","Marismas y humedales",2017,1.31055613775424
"05101","Marismas y humedales",2018,1.28796034227572
"05101","Marismas y humedales",2019,1.62237811535784
"05101","Marismas y humedales",2020,1.62237811535784
"05101","Marismas y humedales",2021,2.47649918444594
"05101","Marismas y humedales",2022,0.0610086477920077
"05101","Marismas y humedales",2023,1.19725436328337
"05101","Marismas y humedales",2024,0.0180766363828171
"05101","Playas y dunas",2017,0.15817056834965
"05101","Playas y dunas",2018,0.167208886541058
"05101","Playas y dunas",2019,1.17950052397882
"05101","Playas y dunas",2020,1.18176010352667
"05101","Playas y dunas",2021,0.212400477498101
"05101","Playas y dunas",2022,1.78958700189889
"05101","Playas y dunas",2023,0.669803937399027
"05101","Playas y dunas",2024,0.352494409464933
"05102","Bosques y matorrales",2017,4.57499340295746
"05102","Bosques y matorrales",2018,4.561246427588
"05102","Bosques y matorrales",2019,4.54749945221853
"05102","Bosques y matorrales",2020,4.37978635271108
"05102","Bosques y matorrales",2021,0.296934667980412
"05102","Bosques y matorrales",2022,0.17321188965524
"05102","Bosques y matorrales",2023,2.64766745615867
"05102","Bosques y matorrales",2024,5.43005527093809
"05102","Macrocystis",2017,0.000690539877141719
"05102","Macrocystis",2018,0.000678329938253163
"05102","Macrocystis",2019,0.000666335892193675
"05102","Macrocystis",2020,0.000654553921604789
"05102","Macrocystis",2021,0.000642980276625531
"05102","Macrocystis",2022,0.000936891525791836
"05102","Macrocystis",2023,0.000476105700831268
"05102","Macrocystis",2024,0.0027493950738927
"05102","Marismas y humedales",2017,2.08954025615846
"05102","Marismas y humedales",2018,2.08954025615846
"05102","Marismas y humedales",2019,2.08954025615846
"05102","Marismas y humedales",2020,2.53769165320297
"05102","Marismas y humedales",2021,2.6870754522178
"05102","Marismas y humedales",2022,0.0824818522167811
"05102","Marismas y humedales",2023,1.65369567515899
"05102","Marismas y humedales",2024,0.0192457655172489
"05102","Playas y dunas",2017,0.219951605911416
"05102","Playas y dunas",2018,0.208954025615846
"05102","Playas y dunas",2019,0.197956445320275
"05102","Playas y dunas",2020,0.118223988177386
"05102","Playas y dunas",2021,0.107226407881815
"05102","Playas y dunas",2022,10.0875305261123
"05102","Playas y dunas",2023,1.56283471414558
"05102","Playas y dunas",2024,0.566375385221897
"05103","Bosques y matorrales",2017,1.1338310245911
"05103","Bosques y matorrales",2018,1.1338310245911
"05103","Bosques y matorrales",2019,0.562777442862737
"05103","Bosques y matorrales",2020,0.926927552950391
"05103","Bosques y matorrales",2021,0.033104555462514
"05103","Bosques y matorrales",2022,2.20972907712281
"05103","Bosques y matorrales",2023,0.857171525368665
"05103","Bosques y matorrales",2024,0.753128636772193
"05103","Macrocystis",2017,0
"05103","Macrocystis",2018,0
"05103","Macrocystis",2019,0
"05103","Macrocystis",2020,0
"05103","Macrocystis",2021,0
"05103","Macrocystis",2022,0
"05103","Macrocystis",2023,0
"05103","Macrocystis",2024,0
"05103","Marismas y humedales",2017,0.60415813719088
"05103","Marismas y humedales",2018,0.60415813719088
"05103","Marismas y humedales",2019,0.562777442862737
"05103","Marismas y humedales",2020,0.670367248115908
"05103","Marismas y humedales",2021,0.372426248953282
"05103","Marismas y humedales",2022,1.98627332775084
"05103","Marismas y humedales",2023,0.685737220294932
"05103","Marismas y humedales",2024,0.0993136663875419
"05103","Playas y dunas",2017,0.355873971222025
"05103","Playas y dunas",2018,5.29672887400223
"05103","Playas y dunas",2019,0.703471803578422
"05103","Playas y dunas",2020,0.413806943281425
"05103","Playas y dunas",2021,0.455187637609567
"05103","Playas y dunas",2022,32.6741962415013
"05103","Playas y dunas",2023,5.69989506731356
"05103","Playas y dunas",2024,0.496568331937709
"05104","Bosques y matorrales",2017,0.956571332031349
"05104","Bosques y matorrales",2018,0.956571332031349
"05104","Bosques y matorrales",2019,0.956571332031349
"05104","Bosques y matorrales",2020,1.03571635768109
"05104","Bosques y matorrales",2021,1.03571635768109
"05104","Bosques y matorrales",2022,1.0639013403946
"05104","Bosques y matorrales",2023,0.622507334912854
"05104","Bosques y matorrales",2024,1.02501526948711
"05104","Macrocystis",2017,0.00348979999603791
"05104","Macrocystis",2018,0.00348979999603791
"05104","Macrocystis",2019,0.00348979999603791
"05104","Macrocystis",2020,0.000555140398668974
"05104","Macrocystis",2021,0.000555140398668974
"05104","Macrocystis",2022,0.00141308465115739
"05104","Macrocystis",2023,0.000627236554340269
"05104","Macrocystis",2024,0.014298397977354
"05104","Marismas y humedales",2017,0.0038640078824342
"05104","Marismas y humedales",2018,0.0038640078824342
"05104","Marismas y humedales",2019,0.0038640078824342
"05104","Marismas y humedales",2020,0.00328844985247912
"05104","Marismas y humedales",2021,0.00328844985247912
"05104","Marismas y humedales",2022,0.0067626194019675
"05104","Marismas y humedales",2023,0.00398201487003698
"05104","Marismas y humedales",2024,0.0019985054352083
"05104","Playas y dunas",2017,0.309741811072
"05104","Playas y dunas",2018,0.309741811072
"05104","Playas y dunas",2019,0.309741811072
"05104","Playas y dunas",2020,0.354861892368078
"05104","Playas y dunas",2021,0.354861892368078
"05104","Playas y dunas",2022,0.359276772556766
"05104","Playas y dunas",2023,0.177861504425708
"05104","Playas y dunas",2024,0.301846993641371
"05105","Bosques y matorrales",2017,2.52059310333534
"05105","Bosques y matorrales",2018,2.52059310333534
"05105","Bosques y matorrales",2019,1.88990112752236
"05105","Bosques y matorrales",2020,1.83770592952404
"05105","Bosques y matorrales",2021,1.10479835763102
"05105","Bosques y matorrales",2022,2.14000311793096
"05105","Bosques y matorrales",2023,1.71622781989701
"05105","Bosques y matorrales",2024,1.4940875427018
"05105","Macrocystis",2017,0.00313280250313917
"05105","Macrocystis",2018,0.00307740913864358
"05105","Macrocystis",2019,0.00302299522460077
"05105","Macrocystis",2020,0.00296954344263337
"05105","Macrocystis",2021,0.00291703678058288
"05105","Macrocystis",2022,0.00526470798902812
"05105","Macrocystis",2023,0.00215996958422854
"05105","Macrocystis",2024,0.0195731992493685
"05105","Marismas y humedales",2017,1.66589673611292
"05105","Marismas y humedales",2018,1.6745959357793
"05105","Marismas y humedales",2019,2.09433231968243
"05105","Marismas y humedales",2020,2.39662950808934
"05105","Marismas y humedales",2021,2.52276790325194
"05105","Marismas y humedales",2022,1.69421351870044
"05105","Marismas y humedales",2023,1.47917462898799
"05105","Marismas y humedales",2024,0.026097598999158
"05105","Playas y dunas",2017,0.78292796997474
"05105","Playas y dunas",2018,0.78292796997474
"05105","Playas y dunas",2019,1.84857992910702
"05105","Playas y dunas",2020,0.402337984570353
"05105","Playas y dunas",2021,0.421911183819721
"05105","Playas y dunas",2022,0.580671577731265
"05105","Playas y dunas",2023,0.688479516453978
"05105","Playas y dunas",2024,0.367541185904808
"05107","Bosques y matorrales",2017,1.68283517750503
"05107","Bosques y matorrales",2018,1.70474709387879
"05107","Bosques y matorrales",2019,1.85374812522038
"05107","Bosques y matorrales",2020,1.30375902423892
"05107","Bosques y matorrales",2021,1.00794815319312
"05107","Bosques y matorrales",2022,9.61714009644476
"05107","Bosques y matorrales",2023,2.45288252435443
"05107","Bosques y matorrales",2024,1.0561543692154
"05107","Macrocystis",2017,0.000812054903958555
"05107","Macrocystis",2018,0.000797696369310959
"05107","Macrocystis",2019,0.000783591718380118
"05107","Macrocystis",2020,0.000769736462062983
"05107","Macrocystis",2021,0.000756126190631614
"05107","Macrocystis",2022,0.0788828989455483
"05107","Macrocystis",2023,0.0118288720842704
"05107","Macrocystis",2024,0.00438238327475268
"05107","Marismas y humedales",2017,1.62148181165849
"05107","Marismas y humedales",2018,1.62148181165849
"05107","Marismas y humedales",2019,1.76390926808795
"05107","Marismas y humedales",2020,2.14079422971669
"05107","Marismas y humedales",2021,1.82745382557187
"05107","Marismas y humedales",2022,0.0854564738576773
"05107","Marismas y humedales",2023,1.29436820293588
"05107","Marismas y humedales",2024,0.111750773506193
"05107","Playas y dunas",2017,1.99617558164985
"05107","Playas y dunas",2018,1.95016055726494
"05107","Playas y dunas",2019,4.27501488452124
"05107","Playas y dunas",2020,2.27226572795927
"05107","Playas y dunas",2021,2.10792635515604
"05107","Playas y dunas",2022,0.13147149824258
"05107","Playas y dunas",2023,1.81900208639913
"05107","Playas y dunas",2024,2.13202946316718
"05109","Bosques y matorrales",2017,0.802780070386184
"05109","Bosques y matorrales",2018,0.730806684765354
"05109","Bosques y matorrales",2019,0.802780070386184
"05109","Bosques y matorrales",2020,0.692051784815676
"05109","Bosques y matorrales",2021,0.110728285570508
"05109","Bosques y matorrales",2022,0.830462141778812
"05109","Bosques y matorrales",2023,0.567087005386102
"05109","Bosques y matorrales",2024,0.835998556057337
"05109","Macrocystis",2017,0.00156861995598752
"05109","Macrocystis",2018,0.00154088404320975
"05109","Macrocystis",2019,0.00151363854932196
"05109","Macrocystis",2020,0.00148687480287029
"05109","Macrocystis",2021,0.0014605842857272
"05109","Macrocystis",2022,0.00830462141778811
"05109","Macrocystis",2023,0.00226788900784355
"05109","Macrocystis",2024,0.0027682071392627
"05109","Marismas y humedales",2017,2.15643336148565
"05109","Marismas y humedales",2018,1.23738859125043
"05109","Marismas y humedales",2019,0.318343821015211
"05109","Marismas y humedales",2020,0.318343821015211
"05109","Marismas y humedales",2021,0.304502785318898
"05109","Marismas y humedales",2022,0.82571664382579
"05109","Marismas y humedales",2023,0.619287482869342
"05109","Marismas y humedales",2024,0
"05109","Playas y dunas",2017,0.0664369713423049
"05109","Playas y dunas",2018,0.155019599798711
"05109","Playas y dunas",2019,0.243602228255118
"05109","Playas y dunas",2020,0.0913508355956693
"05109","Playas y dunas",2021,0.0996554570134574
"05109","Playas y dunas",2022,0.17439704977355
"05109","Playas y dunas",2023,0.118637448825544
"05109","Playas y dunas",2024,0.293429956761847
"05201","Bosques y matorrales",2017,0.385908297698154
"05201","Bosques y matorrales",2018,0.385908297698154
"05201","Bosques y matorrales",2019,0.385908297698154
"05201","Bosques y matorrales",2020,0.402505942285906
"05201","Bosques y matorrales",2021,0.402505942285906
"05201","Bosques y matorrales",2022,0.351921630776127
"05201","Bosques y matorrales",2023,0.219588732442934
"05201","Bosques y matorrales",2024,0.5530192406999
"05201","Macrocystis",2017,0.00189436106175058
"05201","Macrocystis",2018,0.00189436106175058
"05201","Macrocystis",2019,0.00189436106175058
"05201","Macrocystis",2020,0.00113877333430389
"05201","Macrocystis",2021,0.00113877333430389
"05201","Macrocystis",2022,0.00451442286099042
"05201","Macrocystis",2023,0.00104000217775712
"05201","Macrocystis",2024,0.0016398336013976
"05201","Marismas y humedales",2017,0.00695613881191499
"05201","Marismas y humedales",2018,0.00695613881191499
"05201","Marismas y humedales",2019,0.00695613881191499
"05201","Marismas y humedales",2020,0.005563721147599
"05201","Marismas y humedales",2021,0.005563721147599
"05201","Marismas y humedales",2022,0.0110216990570126
"05201","Marismas y humedales",2023,0.00569154264430658
"05201","Marismas y humedales",2024,0.0069400100630577
"05201","Playas y dunas",2017,0.0858604416905923
"05201","Playas y dunas",2018,0.0858604416905923
"05201","Playas y dunas",2019,0.0858604416905923
"05201","Playas y dunas",2020,0.125095877592331
"05201","Playas y dunas",2021,0.125095877592331
"05201","Playas y dunas",2022,0.0870754895980224
"05201","Playas y dunas",2023,0.0558561348394419
"05201","Playas y dunas",2024,0.0361788288308346
"05401","Bosques y matorrales",2017,2.50857793322886
"05401","Bosques y matorrales",2018,3.59777245466498
"05401","Bosques y matorrales",2019,3.43911026059751
"05401","Bosques y matorrales",2020,3.45769231936217
"05401","Bosques y matorrales",2021,3.38765225171077
"05401","Bosques y matorrales",2022,0.364494229614449
"05401","Bosques y matorrales",2023,2.39361420702553
"05401","Bosques y matorrales",2024,2.56289472038709
"05401","Macrocystis",2017,0.00189822965669163
"05401","Macrocystis",2018,0.00186466567454974
"05401","Macrocystis",2019,0.00183169516164022
"05401","Macrocystis",2020,0.00179930762440099
"05401","Macrocystis",2021,0.00176749275481434
"05401","Macrocystis",2022,0.00353772176487308
"05401","Macrocystis",2023,0.00130877012458527
"05401","Macrocystis",2024,0.0142938913574294
"05401","Marismas y humedales",2017,0.0161316773890989
"05401","Marismas y humedales",2018,0.0161316773890989
"05401","Marismas y humedales",2019,0.0161316773890989
"05401","Marismas y humedales",2020,0.0161316773890989
"05401","Marismas y humedales",2021,0.0161316773890989
"05401","Marismas y humedales",2022,0.00857633481445764
"05401","Marismas y humedales",2023,0.00122519068777966
"05401","Marismas y humedales",2024,0.0385935066650594
"05401","Playas y dunas",2017,1.30217350266182
"05401","Playas y dunas",2018,1.30217350266182
"05401","Playas y dunas",2019,1.10062963452206
"05401","Playas y dunas",2020,1.07775940835018
"05401","Playas y dunas",2021,1.08633574316463
"05401","Playas y dunas",2022,0.334477057763848
"05401","Playas y dunas",2023,0.886221264160623
"05401","Playas y dunas",2024,0.9919960602056
"05403","Bosques y matorrales",2017,5.38386097867665
"05403","Bosques y matorrales",2018,5.51772289506582
"05403","Bosques y matorrales",2019,3.43470087905873
"05403","Bosques y matorrales",2020,2.49766746433453
"05403","Bosques y matorrales",2021,0.652984957995955
"05403","Bosques y matorrales",2022,0.411380523537452
"05403","Bosques y matorrales",2023,2.5569025283813
"05403","Bosques y matorrales",2024,2.97434648367158
"05403","Macrocystis",2017,0.00478503494871422
"05403","Macrocystis",2018,0.00470042725806896
"05403","Macrocystis",2019,0.00461731557767089
"05403","Macrocystis",2020,0.00453567345547238
"05403","Macrocystis",2021,0.0044554749071438
"05403","Macrocystis",2022,0.00423685474911062
"05403","Macrocystis",2023,0.00329913230672432
"05403","Macrocystis",2024,0.00326492478997978
"05403","Marismas y humedales",2017,3.73833888452684
"05403","Marismas y humedales",2018,3.75466350847674
"05403","Marismas y humedales",2019,5.83768552448384
"05403","Marismas y humedales",2020,4.89738718496967
"05403","Marismas y humedales",2021,5.77891687826421
"05403","Marismas y humedales",2022,3.930702922663
"05403","Marismas y humedales",2023,3.42957028296018
"05403","Marismas y humedales",2024,0.0783581949595146
"05403","Playas y dunas",2017,14.375463850281
"05403","Playas y dunas",2018,14.375463850281
"05403","Playas y dunas",2019,10.1963601191068
"05403","Playas y dunas",2020,37.775179820066
"05403","Playas y dunas",2021,35.685627954479
"05403","Playas y dunas",2022,0.00979477436993933
"05403","Playas y dunas",2023,16.0596986240834
"05403","Playas y dunas",2024,4.1497194080643
"05405","Bosques y matorrales",2017,3.07149621529129
"05405","Bosques y matorrales",2018,3.06094124547929
"05405","Bosques y matorrales",2019,2.74429215111937
"05405","Bosques y matorrales",2020,2.07405156805752
"05405","Bosques y matorrales",2021,0.316649094359927
"05405","Bosques y matorrales",2022,0.522471005693879
"05405","Bosques y matorrales",2023,1.68427161142875
"05405","Bosques y matorrales",2024,2.76540209074336
"05405","Macrocystis",2017,0.00173535922989383
"05405","Macrocystis",2018,0.00170467507848117
"05405","Macrocystis",2019,0.00167453347591471
"05405","Macrocystis",2020,0.00164492482899284
"05405","Macrocystis",2021,0.00161583971413835
"05405","Macrocystis",2022,0.00174436440388496
"05405","Macrocystis",2023,0.00119647604677441
"05405","Macrocystis",2024,0.00263874245299939
"05405","Marismas y humedales",2017,1.18743410384973
"05405","Marismas y humedales",2018,1.17424039158473
"05405","Marismas y humedales",2019,1.63602032085962
"05405","Marismas y humedales",2020,1.95266941521955
"05405","Marismas y humedales",2021,2.29570593410947
"05405","Marismas y humedales",2022,1.34818198593551
"05405","Marismas y humedales",2023,1.17801002366044
"05405","Marismas y humedales",2024,0.013193712264997
"05405","Playas y dunas",2017,0.316649094359927
"05405","Playas y dunas",2018,2.95539154735932
"05405","Playas y dunas",2019,0.150408319820965
"05405","Playas y dunas",2020,0.155685804726964
"05405","Playas y dunas",2021,0.102910955666976
"05405","Playas y dunas",2022,0.292900412282932
"05405","Playas y dunas",2023,0.56770659060244
"05405","Playas y dunas",2024,2.64929742281139
"05601","Bosques y matorrales",2017,0.938082775940309
"05601","Bosques y matorrales",2018,6.12915881134033
"05601","Bosques y matorrales",2019,11.3202348467404
"05601","Bosques y matorrales",2020,10.7457908996758
"05601","Bosques y matorrales",2021,5.43350192131718
"05601","Bosques y matorrales",2022,5.68044505976696
"05601","Bosques y matorrales",2023,4.93810989357342
"05601","Bosques y matorrales",2024,0.258236269781321
"05601","Macrocystis",2017,0.000483677411533404
"05601","Macrocystis",2018,0.000475125158677214
"05601","Macrocystis",2019,0.000466724124437342
"05601","Macrocystis",2020,0.000458471635007212
"05601","Macrocystis",2021,0.000450365063857772
"05601","Macrocystis",2022,0.000444640646383418
"05601","Macrocystis",2023,0.000333480484787564
"05601","Macrocystis",2024,0
"05601","Marismas y humedales",2017,0.311188507802564
"05601","Marismas y humedales",2018,0.200264862279392
"05601","Marismas y humedales",2019,0.400529724558784
"05601","Marismas y humedales",2020,0.479581643879596
"05601","Marismas y humedales",2021,0.479581643879596
"05601","Marismas y humedales",2022,0.311188507802564
"05601","Marismas y humedales",2023,0.222851124942481
"05601","Marismas y humedales",2024,0.0843220472755334
"05601","Playas y dunas",2017,0.722007529796755
"05601","Playas y dunas",2018,0.516472539562642
"05601","Playas y dunas",2019,0.310937549328529
"05601","Playas y dunas",2020,0.337288189102134
"05601","Playas y dunas",2021,0.337288189102134
"05601","Playas y dunas",2022,0.614561451699487
"05601","Playas y dunas",2023,0.317713428127456
"05601","Playas y dunas",2024,1.76022273687676
"05602","Bosques y matorrales",2017,2.55716148938146
"05602","Bosques y matorrales",2018,2.59125697590654
"05602","Bosques y matorrales",2019,1.43882953135863
"05602","Bosques y matorrales",2020,2.37304586214599
"05602","Bosques y matorrales",2021,0.511432297876291
"05602","Bosques y matorrales",2022,7.66125582218685
"05602","Bosques y matorrales",2023,2.44756885412225
"05602","Bosques y matorrales",2024,2.26053075661321
"05602","Macrocystis",2017,0.00238476202737138
"05602","Macrocystis",2018,0.00234259531175971
"05602","Macrocystis",2019,0.00230117417658125
"05602","Macrocystis",2020,0.00226048543868492
"05602","Macrocystis",2021,0.00222051614802055
"05602","Macrocystis",2022,0.00772404799245032
"05602","Macrocystis",2023,0.00164421901463111
"05602","Macrocystis",2024,0.0409145838301033
"05602","Marismas y humedales",2017,1.73205071547437
"05602","Marismas y humedales",2018,1.73205071547437
"05602","Marismas y humedales",2019,1.79001304256702
"05602","Marismas y humedales",2020,1.80706078582956
"05602","Marismas y humedales",2021,1.80706078582956
"05602","Marismas y humedales",2022,0.0409145838301033
"05602","Marismas y humedales",2023,1.27273580414357
"05602","Marismas y humedales",2024,0.0988769109227497
"05602","Playas y dunas",2017,0.579623270926464
"05602","Playas y dunas",2018,0.596671014189007
"05602","Playas y dunas",2019,0.61371875745155
"05602","Playas y dunas",2020,0.603490111494024
"05602","Playas y dunas",2021,0.61371875745155
"05602","Playas y dunas",2022,0.286402086810723
"05602","Playas y dunas",2023,0.470517714046188
"05602","Playas y dunas",2024,5.52005926841144
"05603","Bosques y matorrales",2017,0.995243888824549
"05603","Bosques y matorrales",2018,1.00454523357992
"05603","Bosques y matorrales",2019,1.52542053988062
"05603","Bosques y matorrales",2020,1.06035330211214
"05603","Bosques y matorrales",2021,0.558080685322177
"05603","Bosques y matorrales",2022,6.33421577840671
"05603","Bosques y matorrales",2023,1.63969420401801
"05603","Bosques y matorrales",2024,0.576683374832916
"05603","Macrocystis",2017,0.000426873210019851
"05603","Macrocystis",2018,0.000419325353654078
"05603","Macrocystis",2019,0.00041191095643819
"05603","Macrocystis",2020,0.000404627658583684
"05603","Macrocystis",2021,0.000397473142027194
"05603","Macrocystis",2022,0.000392421013471047
"05603","Macrocystis",2023,0.000294315760103285
"05603","Macrocystis",2024,0
"05603","Marismas y humedales",2017,0.744107580429569
"05603","Marismas y humedales",2018,0.753408925184939
"05603","Marismas y humedales",2019,7.44107580429569
"05603","Marismas y humedales",2020,0.688299511897351
"05603","Marismas y humedales",2021,0.567382030077546
"05603","Marismas y humedales",2022,0.0279040342661088
"05603","Marismas y humedales",2023,1.46031112659303
"05603","Marismas y humedales",2024,0.00930134475536961
"05603","Playas y dunas",2017,0.195328239862762
"05603","Playas y dunas",2018,0.176725550352023
"05603","Playas y dunas",2019,0.158122860841283
"05603","Playas y dunas",2020,0.334848411193306
"05603","Playas y dunas",2021,2.01839181191521
"05603","Playas y dunas",2022,0.362752445459415
"05603","Playas y dunas",2023,0.463738474231999
"05603","Playas y dunas",2024,1.87887164058466
"05604","Bosques y matorrales",2017,0.986969473334777
"05604","Bosques y matorrales",2018,1.00622741427789
"05604","Bosques y matorrales",2019,1.03029984045679
"05604","Bosques y matorrales",2020,1.91135063860442
"05604","Bosques y matorrales",2021,0.115547645658706
"05604","Bosques y matorrales",2022,0.0288869114146764
"05604","Bosques y matorrales",2023,0.725611703392467
"05604","Bosques y matorrales",2024,1.35287035125401
"05604","Macrocystis",2017,0.000221587160213663
"05604","Macrocystis",2018,0.000217669116123442
"05604","Macrocystis",2019,0.000213820349826563
"05604","Macrocystis",2020,0.00021003963637187
"05604","Macrocystis",2021,0.000206325772467455
"05604","Macrocystis",2022,0.000203703244762475
"05604","Macrocystis",2023,0.000152777433571856
"05604","Macrocystis",2024,0
"05604","Marismas y humedales",2017,0.914752194798086
"05604","Marismas y humedales",2018,0.914752194798086
"05604","Marismas y humedales",2019,0.813648004846719
"05604","Marismas y humedales",2020,1.26620961700998
"05604","Marismas y humedales",2021,0.635512051122881
"05604","Marismas y humedales",2022,0.746146956745077
"05604","Marismas y humedales",2023,0.649267723225108
"05604","Marismas y humedales",2024,0.0288869114146764
"05604","Playas y dunas",2017,0.674027933009116
"05604","Playas y dunas",2018,0.674027933009116
"05604","Playas y dunas",2019,2.32539636888145
"05604","Playas y dunas",2020,2.07022865138514
"05604","Playas y dunas",2021,1.13140403040816
"05604","Playas y dunas",2022,34.0143381907815
"05604","Playas y dunas",2023,5.84134615821064
"05604","Playas y dunas",2024,3.03312569854102
"05605","Bosques y matorrales",2017,1.39517329631922
"05605","Bosques y matorrales",2018,1.43115197731313
"05605","Bosques y matorrales",2019,1.49911170807939
"05605","Bosques y matorrales",2020,1.83891036191072
"05605","Bosques y matorrales",2021,0.0959431493170812
"05605","Bosques y matorrales",2022,0.479715746585406
"05605","Bosques y matorrales",2023,0.962858034217851
"05605","Bosques y matorrales",2024,1.81092694335991
"05605","Macrocystis",2017,0.000546035553415683
"05605","Macrocystis",2018,0.000536380700801259
"05605","Macrocystis",2019,0.000526896562673144
"05605","Macrocystis",2020,0.000517580120504069
"05605","Macrocystis",2021,0.000508428409139557
"05605","Macrocystis",2022,0.00499897794242434
"05605","Macrocystis",2023,0.000376474478076245
"05605","Macrocystis",2024,0.0319810497723604
"05605","Marismas y humedales",2017,1.03938411760171
"05605","Marismas y humedales",2018,3.72579229847999
"05605","Marismas y humedales",2019,0.279834185508154
"05605","Marismas y humedales",2020,1.05537464248789
"05605","Marismas y humedales",2021,0.187888667412617
"05605","Marismas y humedales",2022,0.215872085963433
"05605","Marismas y humedales",2023,0.929163713921971
"05605","Marismas y humedales",2024,0.0799526244309011
"05605","Playas y dunas",2017,0.559668371016307
"05605","Playas y dunas",2018,0.559668371016307
"05605","Playas y dunas",2019,1.93085588000626
"05605","Playas y dunas",2020,1.71898142526437
"05605","Playas y dunas",2021,0.939443337063087
"05605","Playas y dunas",2022,25.1610909084046
"05605","Playas y dunas",2023,4.4099583275387
"05605","Playas y dunas",2024,2.16671612207742
"05606","Bosques y matorrales",2017,3.1537444638416
"05606","Bosques y matorrales",2018,3.15011216385445
"05606","Bosques y matorrales",2019,2.78143371515889
"05606","Bosques y matorrales",2020,2.78143371515889
"05606","Bosques y matorrales",2021,1.38299822010675
"05606","Bosques y matorrales",2022,2.48636493763145
"05606","Bosques y matorrales",2023,1.89281746830294
"05606","Bosques y matorrales",2024,2.26201481699667
"05606","Macrocystis",2017,0.0000828075678314332
"05606","Macrocystis",2018,0.0000813433868678126
"05606","Macrocystis",2019,0.0000799050951550222
"05606","Macrocystis",2020,0.000078492234926348
"05606","Macrocystis",2021,0.0000771043565091827
"05606","Macrocystis",2022,0.00084359940806891
"05606","Macrocystis",2023,0.0000570932344699712
"05606","Macrocystis",2024,0.0054484499807226
"05606","Marismas y humedales",2017,1.22862547065295
"05606","Marismas y humedales",2018,1.22590124566258
"05606","Marismas y humedales",2019,1.59457969435815
"05606","Marismas y humedales",2020,1.59457969435815
"05606","Marismas y humedales",2021,1.59457969435815
"05606","Marismas y humedales",2022,1.20095698146513
"05606","Marismas y humedales",2023,1.03403797134142
"05606","Marismas y humedales",2024,0.134395099524491
"05606","Playas y dunas",2017,0.855406646973448
"05606","Playas y dunas",2018,0.72645999742968
"05606","Playas y dunas",2019,1.62545424424891
"05606","Playas y dunas",2020,1.62545424424891
"05606","Playas y dunas",2021,1.62545424424891
"05606","Playas y dunas",2022,1.15974149589667
"05606","Playas y dunas",2023,0.922604196735693
"05606","Playas y dunas",2024,0.737356897391125
"06201","Bosques y matorrales",2017,4.91085442239536
"06201","Bosques y matorrales",2018,4.15081938281716
"06201","Bosques y matorrales",2019,4.24169313754934
"06201","Bosques y matorrales",2020,4.40600022943883
"06201","Bosques y matorrales",2021,1.28661326144377
"06201","Bosques y matorrales",2022,0.11290375587937
"06201","Bosques y matorrales",2023,2.7298405985034
"06201","Bosques y matorrales",2024,4.81263733394745
"06201","Macrocystis",2017,0.00335523437393333
"06201","Macrocystis",2018,0.00329590802940405
"06201","Macrocystis",2019,0.0032376306772142
"06201","Macrocystis",2020,0.00318038376936562
"06201","Macrocystis",2021,0.00312414908582084
"06201","Macrocystis",2022,0.00447963847966559
"06201","Macrocystis",2023,0.00231332941939115
"06201","Macrocystis",2024,0.0128508340025299
"06201","Marismas y humedales",2017,1.02806672020239
"06201","Marismas y humedales",2018,1.05744005506532
"06201","Marismas y humedales",2019,1.18778422851955
"06201","Marismas y humedales",2020,0.983088801193538
"06201","Marismas y humedales",2021,1.00175310772102
"06201","Marismas y humedales",2022,0.0771050040151795
"06201","Marismas y humedales",2023,0.762176845245286
"06201","Marismas y humedales",2024,0.0394704187220562
"06201","Playas y dunas",2017,0.457122523804278
"06201","Playas y dunas",2018,0.507607943099932
"06201","Playas y dunas",2019,0.394704187220561
"06201","Playas y dunas",2020,0.318517099919849
"06201","Playas y dunas",2021,0.217852233566697
"06201","Playas y dunas",2022,6.09680281748598
"06201","Playas y dunas",2023,1.14180097215676
"06201","Playas y dunas",2024,0.656310450843492
"06203","Bosques y matorrales",2017,4.31370045330101
"06203","Bosques y matorrales",2018,4.31370045330101
"06203","Bosques y matorrales",2019,4.12387145004497
"06203","Bosques y matorrales",2020,4.28751714250707
"06203","Bosques y matorrales",2021,0.623490088280609
"06203","Bosques y matorrales",2022,2.76888511645877
"06203","Bosques y matorrales",2023,2.91873781484192
"06203","Bosques y matorrales",2024,6.32654247058487
"06203","Macrocystis",2017,0.00161378003870664
"06203","Macrocystis",2018,0.00158524561759002
"06203","Macrocystis",2019,0.00155721573437133
"06203","Macrocystis",2020,0.00152968146794827
"06203","Macrocystis",2021,0.001502634054959
"06203","Macrocystis",2022,0.00981874154772613
"06203","Macrocystis",2023,0.00251532835161448
"06203","Macrocystis",2024,0.00327291384924204
"06203","Marismas y humedales",2017,1.99647744803765
"06203","Marismas y humedales",2018,1.99647744803765
"06203","Marismas y humedales",2019,2.03575241422855
"06203","Marismas y humedales",2020,1.67573189081193
"06203","Marismas y humedales",2021,1.69536937390738
"06203","Marismas y humedales",2022,0.0589124492863568
"06203","Marismas y humedales",2023,1.35124586061564
"06203","Marismas y humedales",2024,0.0490937077386306
"06203","Playas y dunas",2017,0.618580717506746
"06203","Playas y dunas",2018,0.618580717506746
"06203","Playas y dunas",2019,0.782226409968848
"06203","Playas y dunas",2020,0.589124492863568
"06203","Playas y dunas",2021,0.670947339094619
"06203","Playas y dunas",2022,1.10951779489305
"06203","Playas y dunas",2023,0.626996781690511
"06203","Playas y dunas",2024,0.690584822190071
"06205","Bosques y matorrales",2017,0.210970223921146
"06205","Bosques y matorrales",2018,2.43269205105534
"06205","Bosques y matorrales",2019,0.253911065958194
"06205","Bosques y matorrales",2020,2.15264308124851
"06205","Bosques y matorrales",2021,0.218438196449328
"06205","Bosques y matorrales",2022,0.190433299468645
"06205","Bosques y matorrales",2023,0.779869702585881
"06205","Bosques y matorrales",2024,3.72278430529881
"06205","Macrocystis",2017,0.00238938850239586
"06205","Macrocystis",2018,0.00234713998270713
"06205","Macrocystis",2019,0.00230563848988914
"06205","Macrocystis",2020,0.00226487081521527
"06205","Macrocystis",2021,0.00222482398351204
"06205","Macrocystis",2022,0.00214946624722601
"06205","Macrocystis",2023,0.00164740882481706
"06205","Macrocystis",2024,0.00186699313204554
"06205","Marismas y humedales",2017,1.73630361280235
"06205","Marismas y humedales",2018,1.73630361280235
"06205","Marismas y humedales",2019,1.90339949812043
"06205","Marismas y humedales",2020,2.07049538343851
"06205","Marismas y humedales",2021,1.60561409355917
"06205","Marismas y humedales",2022,0.100817629130459
"06205","Marismas y humedales",2023,1.30756197569332
"06205","Marismas y humedales",2024,0.0429408420370475
"06205","Playas y dunas",2017,0.203502251392964
"06205","Playas y dunas",2018,0.203502251392964
"06205","Playas y dunas",2019,0.251110576260125
"06205","Playas y dunas",2020,0.298718901127287
"06205","Playas y dunas",2021,0.266980017882513
"06205","Playas y dunas",2022,2.55964758403444
"06205","Playas y dunas",2023,0.540494511727185
"06205","Playas y dunas",2024,0.412605482182065
"06206","Bosques y matorrales",2017,5.10830939215949
"06206","Bosques y matorrales",2018,1.56123191255559
"06206","Bosques y matorrales",2019,1.67774175677615
"06206","Bosques y matorrales",2020,1.3644597312053
"06206","Bosques y matorrales",2021,0.35470774796039
"06206","Bosques y matorrales",2022,5.68568039796363
"06206","Bosques y matorrales",2023,2.25030441980293
"06206","Bosques y matorrales",2024,4.63191358467984
"06206","Macrocystis",2017,0.0030213886023294
"06206","Macrocystis",2018,0.00296796522822141
"06206","Macrocystis",2019,0.00291548647173026
"06206","Macrocystis",2020,0.00286393563038335
"06206","Macrocystis",2021,0.0028132962970367
"06206","Macrocystis",2022,0.00277753756756212
"06206","Macrocystis",2023,0.00208315317567159
"06206","Macrocystis",2024,0
"06206","Marismas y humedales",2017,1.08224699742659
"06206","Marismas y humedales",2018,0.463450269232918
"06206","Marismas y humedales",2019,0.497108668674415
"06206","Marismas y humedales",2020,0.507465099271799
"06206","Marismas y humedales",2021,0.517821529869183
"06206","Marismas y humedales",2022,0.0155346458960755
"06206","Marismas y humedales",2023,0.440518172910141
"06206","Marismas y humedales",2024,0.0362475070908428
"06206","Playas y dunas",2017,0.349529532661698
"06206","Playas y dunas",2018,0.318460240869547
"06206","Playas y dunas",2019,0.289980056726742
"06206","Playas y dunas",2020,0.455682946284881
"06206","Playas y dunas",2021,0.621385835843019
"06206","Playas y dunas",2022,0.279623626129359
"06206","Playas y dunas",2023,0.330666034073607
"06206","Playas y dunas",2024,0.611029405245636
"07102","Bosques y matorrales",2017,3.93046170948181
"07102","Bosques y matorrales",2018,4.06775328616032
"07102","Bosques y matorrales",2019,4.30114896651378
"07102","Bosques y matorrales",2020,4.04225627906288
"07102","Bosques y matorrales",2021,0.444127354398089
"07102","Bosques y matorrales",2022,2.4280995989713
"07102","Bosques y matorrales",2023,2.7448353135126
"07102","Bosques y matorrales",2024,0.999613432102077
"07102","Macrocystis",2017,0.00117615461066578
"07102","Macrocystis",2018,0.00115535816371884
"07102","Macrocystis",2019,0.00113492943390849
"07102","Macrocystis",2020,0.00111486191936001
"07102","Macrocystis",2021,0.00109514923316307
"07102","Macrocystis",2022,0.00588392471479313
"07102","Macrocystis",2023,0.0016514825822299
"07102","Macrocystis",2024,0.0241894682719273
"07102","Marismas y humedales",2017,0.84990023658123
"07102","Marismas y humedales",2018,0.789099681195034
"07102","Marismas y humedales",2019,0.866898241312855
"07102","Marismas y humedales",2020,1.0643366039648
"07102","Marismas y humedales",2021,1.26177496661675
"07102","Marismas y humedales",2022,0.00196130823826438
"07102","Marismas y humedales",2023,0.690567291129848
"07102","Marismas y humedales",2024,0.222281600336629
"07102","Playas y dunas",2017,1.12905977582753
"07102","Playas y dunas",2018,1.34284237379834
"07102","Playas y dunas",2019,1.40495046801005
"07102","Playas y dunas",2020,1.42194847274167
"07102","Playas y dunas",2021,1.4389464774733
"07102","Playas y dunas",2022,0.190246899111645
"07102","Playas y dunas",2023,0.989713495280362
"07102","Playas y dunas",2024,19.7091864863187
"07103","Bosques y matorrales",2017,1.2913176307875
"07103","Bosques y matorrales",2018,0.369267606724329
"07103","Bosques y matorrales",2019,0.358077679247834
"07103","Bosques y matorrales",2020,0.449835084555092
"07103","Bosques y matorrales",2021,0.15106402093268
"07103","Bosques y matorrales",2022,1.34950525366527
"07103","Bosques y matorrales",2023,0.567009610844673
"07103","Bosques y matorrales",2024,1.46811848491612
"07103","Macrocystis",2017,0.00223798549529896
"07103","Macrocystis",2018,0.00223798549529896
"07103","Macrocystis",2019,0.00223798549529896
"07103","Macrocystis",2020,0.00223798549529896
"07103","Macrocystis",2021,0.00223798549529896
"07103","Macrocystis",2022,0.00223798549529896
"07103","Macrocystis",2023,0.00223798549529896
"07103","Macrocystis",2024,0.00223798549529896
"07103","Marismas y humedales",2017,0.651253779131998
"07103","Marismas y humedales",2018,0.252892360968783
"07103","Marismas y humedales",2019,0.111899274764948
"07103","Marismas y humedales",2020,0.183514810614515
"07103","Marismas y humedales",2021,0.113391265095148
"07103","Marismas y humedales",2022,0.00671395648589689
"07103","Marismas y humedales",2023,0.18852363529447
"07103","Marismas y humedales",2024,0.0671395648589689
"07103","Playas y dunas",2017,1.78591242524857
"07103","Playas y dunas",2018,0.810150749298225
"07103","Playas y dunas",2019,0.693775503542679
"07103","Playas y dunas",2020,0.760915068401647
"07103","Playas y dunas",2021,0.828054633260616
"07103","Playas y dunas",2022,0.0537116518871751
"07103","Playas y dunas",2023,0.704645718805559
"07103","Playas y dunas",2024,2.3633126830357
"07202","Bosques y matorrales",2017,1.77558354205242
"07202","Bosques y matorrales",2018,3.91342181680499
"07202","Bosques y matorrales",2019,4.16503717301544
"07202","Bosques y matorrales",2020,3.96874150504984
"07202","Bosques y matorrales",2021,0.28195195944149
"07202","Bosques y matorrales",2022,1.21524863531427
"07202","Bosques y matorrales",2023,2.18856923309692
"07202","Bosques y matorrales",2024,0.7262939714727
"07202","Macrocystis",2017,0.00280746576495364
"07202","Macrocystis",2018,0.0027578249164574
"07202","Macrocystis",2019,0.00270906180398567
"07202","Macrocystis",2020,0.002661160907648
"07202","Macrocystis",2021,0.00261410698197249
"07202","Macrocystis",2022,0.00297697123511923
"07202","Macrocystis",2023,0.00193566005357389
"07202","Macrocystis",2024,0.00535351821724349
"07202","Marismas y humedales",2017,0.157036534372476
"07202","Marismas y humedales",2018,1.35087109681777
"07202","Marismas y humedales",2019,1.38834572433848
"07202","Marismas y humedales",2020,1.57036534372476
"07202","Marismas y humedales",2021,2.18601993870776
"07202","Marismas y humedales",2022,0.00535351821724349
"07202","Marismas y humedales",2023,0.951141736596927
"07202","Marismas y humedales",2024,0.0856562914758958
"07202","Playas y dunas",2017,3.99729360220847
"07202","Playas y dunas",2018,0.46040256668294
"07202","Playas y dunas",2019,0.440772999886381
"07202","Playas y dunas",2020,0.446126518103624
"07202","Playas y dunas",2021,0.356901214482899
"07202","Playas y dunas",2022,0.112423882562113
"07202","Playas y dunas",2023,0.83056011198949
"07202","Playas y dunas",2024,27.9489341061558
"07203","Bosques y matorrales",2017,4.97486755710766
"07203","Bosques y matorrales",2018,0.945408410299057
"07203","Bosques y matorrales",2019,5.03338191259947
"07203","Bosques y matorrales",2020,4.40808144704973
"07203","Bosques y matorrales",2021,0.904104159363662
"07203","Bosques y matorrales",2022,0.326991986571883
"07203","Bosques y matorrales",2023,2.37040506757021
"07203","Bosques y matorrales",2024,0.741181836229601
"07203","Macrocystis",2017,0.00804978478278819
"07203","Macrocystis",2018,0.00790745067071532
"07203","Macrocystis",2019,0.00776763327182252
"07203","Macrocystis",2020,0.00763028808626967
"07203","Macrocystis",2021,0.00749537140105075
"07203","Macrocystis",2022,0.00667075489701685
"07203","Macrocystis",2023,0.00555007545894949
"07203","Macrocystis",2024,0.00229468060752198
"07203","Marismas y humedales",2017,0.469262184238246
"07203","Marismas y humedales",2018,0.479588246972095
"07203","Marismas y humedales",2019,0.489914309705944
"07203","Marismas y humedales",2020,1.14275094254595
"07203","Marismas y humedales",2021,0.469262184238246
"07203","Marismas y humedales",2022,0.00344202091128298
"07203","Marismas y humedales",2023,0.436317126944537
"07203","Marismas y humedales",2024,0.10440796764225
"07203","Playas y dunas",2017,0.229468060752198
"07203","Playas y dunas",2018,0.229468060752198
"07203","Playas y dunas",2019,0.234057421967242
"07203","Playas y dunas",2020,3.38800225657325
"07203","Playas y dunas",2021,0.00229468060752198
"07203","Playas y dunas",2022,0.0791664809595084
"07203","Playas y dunas",2023,0.110636386434096
"07203","Playas y dunas",2024,22.83092470454
"07303","Bosques y matorrales",2017,6.24600878708337
"07303","Bosques y matorrales",2018,6.81277625109649
"07303","Bosques y matorrales",2019,6.90916527558852
"07303","Bosques y matorrales",2020,6.95157644636501
"07303","Bosques y matorrales",2021,2.47912570993494
"07303","Bosques y matorrales",2022,15.7306887970989
"07303","Bosques y matorrales",2023,6.44704875245245
"07303","Bosques y matorrales",2024,5.77177478658259
"07303","Macrocystis",2017,0.00102695372229648
"07303","Macrocystis",2018,0.00100879540500637
"07303","Macrocystis",2019,0.000990958158159498
"07303","Macrocystis",2020,0.000973436304675341
"07303","Macrocystis",2021,0.000956224267853969
"07303","Macrocystis",2022,0.000944070068188887
"07303","Macrocystis",2023,0.000708052551141665
"07303","Macrocystis",2024,0
"07303","Marismas y humedales",2017,1.46125761129913
"07303","Marismas y humedales",2018,1.09112375724975
"07303","Marismas y humedales",2019,1.31089073309157
"07303","Marismas y humedales",2020,1.21064614761986
"07303","Marismas y humedales",2021,1.13546270851608
"07303","Marismas y humedales",2022,0.138800195268519
"07303","Marismas y humedales",2023,0.90688302186356
"07303","Marismas y humedales",2024,0.0925334635123462
"07303","Playas y dunas",2017,0.362422732090023
"07303","Playas y dunas",2018,1.5692133187302
"07303","Playas y dunas",2019,2.77600390537039
"07303","Playas y dunas",2020,0.825090049651754
"07303","Playas y dunas",2021,0.747978830058132
"07303","Playas y dunas",2022,0.138800195268519
"07303","Playas y dunas",2023,0.917072718738431
"07303","Playas y dunas",2024,1.19136834272146
"07309","Bosques y matorrales",2017,4.89792766479444
"07309","Bosques y matorrales",2018,5.36382390809359
"07309","Bosques y matorrales",2019,5.45150179889897
"07309","Bosques y matorrales",2020,5.17987225483525
"07309","Bosques y matorrales",2021,0.950703404222999
"07309","Bosques y matorrales",2022,1.69682506323345
"07309","Bosques y matorrales",2023,3.36295058486839
"07309","Bosques y matorrales",2024,6.13745235637632
"07309","Macrocystis",2017,0.00606783956576456
"07309","Macrocystis",2018,0.00596054967167443
"07309","Macrocystis",2019,0.00585515684840316
"07309","Macrocystis",2020,0.00575162755245891
"07309","Macrocystis",2021,0.00564992883345669
"07309","Macrocystis",2022,0.00515752298855153
"07309","Macrocystis",2023,0.00492037506575847
"07309","Macrocystis",2024,0.00343834865903435
"07309","Marismas y humedales",2017,1.701982586222
"07309","Marismas y humedales",2018,1.61086634675759
"07309","Marismas y humedales",2019,1.54553772223594
"07309","Marismas y humedales",2020,1.64696900767746
"07309","Marismas y humedales",2021,1.64696900767746
"07309","Marismas y humedales",2022,0.0309451379313092
"07309","Marismas y humedales",2023,1.16903854407168
"07309","Marismas y humedales",2024,0.00171917432951718
"07309","Playas y dunas",2017,0.335238994255849
"07309","Playas y dunas",2018,0.300855507665506
"07309","Playas y dunas",2019,0.29225963601792
"07309","Playas y dunas",2020,0.283663764370334
"07309","Playas y dunas",2021,0.283663764370334
"07309","Playas y dunas",2022,1.04181964368741
"07309","Playas y dunas",2023,0.362500187195336
"07309","Playas y dunas",2024,0.264752846745645
"08102","Bosques y matorrales",2017,1.18194168844878
"08102","Bosques y matorrales",2018,0.826021134719674
"08102","Bosques y matorrales",2019,0.717193296236089
"08102","Bosques y matorrales",2020,0.764173619953047
"08102","Bosques y matorrales",2021,0.180785043163989
"08102","Bosques y matorrales",2022,0.602121237511641
"08102","Bosques y matorrales",2023,0.610319431433317
"08102","Bosques y matorrales",2024,1.0008593014638
"08102","Macrocystis",2017,0.0450429518021856
"08102","Macrocystis",2018,0.0442465145404574
"08102","Macrocystis",2019,0.0434641596664611
"08102","Macrocystis",2020,0.0426956381792349
"08102","Macrocystis",2021,0.0419407054805843
"08102","Macrocystis",2022,0.0361294052766468
"08102","Macrocystis",2023,0.0310557099527033
"08102","Macrocystis",2024,0.00446015731490105
"08102","Marismas y humedales",2017,0.312211012043073
"08102","Marismas y humedales",2018,1.56640724899325
"08102","Marismas y humedales",2019,0.236388337689756
"08102","Marismas y humedales",2020,0.629179525222041
"08102","Marismas y humedales",2021,0.591268188045382
"08102","Marismas y humedales",2022,0.545710866900322
"08102","Marismas y humedales",2023,0.476493473141929
"08102","Marismas y humedales",2024,0.00802828316682189
"08102","Playas y dunas",2017,0.0927712721499418
"08102","Playas y dunas",2018,0.104367681168685
"08102","Playas y dunas",2019,0.115964090187427
"08102","Playas y dunas",2020,0.139156908224913
"08102","Playas y dunas",2021,0.181974418447963
"08102","Playas y dunas",2022,0.0187326607225844
"08102","Playas y dunas",2023,0.0932810044145019
"08102","Playas y dunas",2024,4.4940545104943
"08106","Bosques y matorrales",2017,2.07773497371
"08106","Bosques y matorrales",2018,2.07773497371
"08106","Bosques y matorrales",2019,2.32179154853889
"08106","Bosques y matorrales",2020,2.33968903069301
"08106","Bosques y matorrales",2021,0.227786136506969
"08106","Bosques y matorrales",2022,3.84145048780681
"08106","Bosques y matorrales",2023,1.84088387870938
"08106","Bosques y matorrales",2024,1.73605576894954
"08106","Macrocystis",2017,0.0164696287299337
"08106","Macrocystis",2018,0.0161784172199741
"08106","Macrocystis",2019,0.0158923548329805
"08106","Macrocystis",2020,0.0156113505235565
"08106","Macrocystis",2021,0.0153353148561458
"08106","Macrocystis",2022,0.00488113149657791
"08106","Macrocystis",2023,0.0120525996655955
"08106","Macrocystis",2024,0.00488113149657791
"08106","Marismas y humedales",2017,0.109011936756907
"08106","Marismas y humedales",2018,0.109011936756907
"08106","Marismas y humedales",2019,0.089487410770595
"08106","Marismas y humedales",2020,0.0846062792740171
"08106","Marismas y humedales",2021,0.0748440162808613
"08106","Marismas y humedales",2022,0.0244056574828895
"08106","Marismas y humedales",2023,0.0701953196174537
"08106","Marismas y humedales",2024,0.149688032561723
"08106","Playas y dunas",2017,0.0471842711335864
"08106","Playas y dunas",2018,0.0471842711335864
"08106","Playas y dunas",2019,0.0488113149657791
"08106","Playas y dunas",2020,0.0471842711335864
"08106","Playas y dunas",2021,0.0479977930496828
"08106","Playas y dunas",2022,0.219650917346006
"08106","Playas y dunas",2023,0.065430405537461
"08106","Playas y dunas",2024,18.8899788917565
"08107","Bosques y matorrales",2017,1.64684258313688
"08107","Bosques y matorrales",2018,1.64684258313688
"08107","Bosques y matorrales",2019,1.61342838579788
"08107","Bosques y matorrales",2020,1.57524073169615
"08107","Bosques y matorrales",2021,0.0652372424237801
"08107","Bosques y matorrales",2022,33.8103942503146
"08107","Bosques y matorrales",2023,5.76542653950089
"08107","Bosques y matorrales",2024,4.65889380041043
"08107","Macrocystis",2017,0.0925456359302393
"08107","Macrocystis",2018,0.0909092690866789
"08107","Macrocystis",2019,0.0893018360379949
"08107","Macrocystis",2020,0.0877228251846708
"08107","Macrocystis",2021,0.0861717339731542
"08107","Macrocystis",2022,0.0143203702881468
"08107","Macrocystis",2023,0.0658530957858407
"08107","Macrocystis",2024,0.229125924610349
"08107","Marismas y humedales",2017,0.0334141973390092
"08107","Marismas y humedales",2018,0.0334141973390092
"08107","Marismas y humedales",2019,0.0763753082034497
"08107","Marismas y humedales",2020,0.0620549379153029
"08107","Marismas y humedales",2021,0.0859222217288809
"08107","Marismas y humedales",2022,0.400970368068111
"08107","Marismas y humedales",2023,0.0988787472276805
"08107","Marismas y humedales",2024,0.453478392457983
"08107","Playas y dunas",2017,0.023867283813578
"08107","Playas y dunas",2018,0.023867283813578
"08107","Playas y dunas",2019,0.0190938270508624
"08107","Playas y dunas",2020,0.0286407405762936
"08107","Playas y dunas",2021,0.0286407405762936
"08107","Playas y dunas",2022,0.486892589796992
"08107","Playas y dunas",2023,0.0872860665182283
"08107","Playas y dunas",2024,0.0954691352543121
"08108","Bosques y matorrales",2017,0.338142326847194
"08108","Bosques y matorrales",2018,0.0760820235406186
"08108","Bosques y matorrales",2019,0.0676284653694387
"08108","Bosques y matorrales",2020,0.0659377537352028
"08108","Bosques y matorrales",2021,0.00845355817117984
"08108","Bosques y matorrales",2022,0.133566219104642
"08108","Bosques y matorrales",2023,0.0794634468090905
"08108","Bosques y matorrales",2024,0.299255959259766
"08108","Macrocystis",2017,0.0000714184413552605
"08108","Macrocystis",2018,0.0000701556398381735
"08108","Macrocystis",2019,0.0000689151668351408
"08108","Macrocystis",2020,0.0000676966275394311
"08108","Macrocystis",2021,0.0000664996341251779
"08108","Macrocystis",2022,0.0000656543827987017
"08108","Macrocystis",2023,0.0000492407870990263
"08108","Macrocystis",2024,0
"08108","Marismas y humedales",2017,0.380410117703093
"08108","Marismas y humedales",2018,0.11327767949381
"08108","Marismas y humedales",2019,0.12173123766499
"08108","Marismas y humedales",2020,0.123421949299226
"08108","Marismas y humedales",2021,0.123421949299226
"08108","Marismas y humedales",2022,0.164240558754351
"08108","Marismas y humedales",2023,0.123180419065763
"08108","Marismas y humedales",2024,0
"08108","Playas y dunas",2017,0.228246070621856
"08108","Playas y dunas",2018,0.126803372567698
"08108","Playas y dunas",2019,0.165689740155125
"08108","Playas y dunas",2020,0.165689740155125
"08108","Playas y dunas",2021,0.165689740155125
"08108","Playas y dunas",2022,0.177283191361314
"08108","Playas y dunas",2023,0.12173123766499
"08108","Playas y dunas",2024,0.267132438209283
"08110","Bosques y matorrales",2017,8.39860432595835
"08110","Bosques y matorrales",2018,4.40574558915224
"08110","Bosques y matorrales",2019,4.32802571106355
"08110","Bosques y matorrales",2020,4.44946302057712
"08110","Bosques y matorrales",2021,0.131152294274653
"08110","Bosques y matorrales",2022,1.75598349556619
"08110","Bosques y matorrales",2023,3.35271063379887
"08110","Bosques y matorrales",2024,11.2693823228591
"08110","Macrocystis",2017,0.0150746930795794
"08110","Macrocystis",2018,0.0148081464435946
"08110","Macrocystis",2019,0.0145463128129614
"08110","Macrocystis",2020,0.0142891088535966
"08110","Macrocystis",2021,0.0140364527049083
"08110","Macrocystis",2022,0.0139601030846636
"08110","Macrocystis",2023,0.0103935305563772
"08110","Macrocystis",2024,0.0145724771416281
"08110","Marismas y humedales",2017,0.886492359449044
"08110","Marismas y humedales",2018,0.182155964270352
"08110","Marismas y humedales",2019,0.242874619027136
"08110","Marismas y humedales",2020,0.172440979509266
"08110","Marismas y humedales",2021,0.172440979509266
"08110","Marismas y humedales",2022,0.395687364019107
"08110","Marismas y humedales",2023,0.236629271680723
"08110","Marismas y humedales",2024,0.876777374687959
"08110","Playas y dunas",2017,0.425030583297487
"08110","Playas y dunas",2018,0.325451989496362
"08110","Playas y dunas",2019,0.41288685234613
"08110","Playas y dunas",2020,0.391028136633688
"08110","Playas y dunas",2021,0.38495627115801
"08110","Playas y dunas",2022,0.116579817133025
"08110","Playas y dunas",2023,0.2937048071521
"08110","Playas y dunas",2024,0.801486242789547
"08111","Bosques y matorrales",2017,7.93281841567616
"08111","Bosques y matorrales",2018,7.93281841567616
"08111","Bosques y matorrales",2019,7.92293592254398
"08111","Bosques y matorrales",2020,7.95540697140686
"08111","Bosques y matorrales",2021,0.557654969601723
"08111","Bosques y matorrales",2022,0.220238418374351
"08111","Bosques y matorrales",2023,4.6459818733256
"08111","Bosques y matorrales",2024,9.09330546634101
"08111","Macrocystis",2017,0.0154538092753321
"08111","Macrocystis",2018,0.01518055920956
"08111","Macrocystis",2019,0.0149121406773674
"08111","Macrocystis",2020,0.0146484682488874
"08111","Macrocystis",2021,0.014389458004801
"08111","Macrocystis",2022,0.0164124048796615
"08111","Macrocystis",2023,0.0106549193451354
"08111","Macrocystis",2024,0.0296474793965473
"08111","Marismas y humedales",2017,0.197649862643649
"08111","Marismas y humedales",2018,0.197649862643649
"08111","Marismas y humedales",2019,0.283768731366953
"08111","Marismas y humedales",2020,0.24847411303773
"08111","Marismas y humedales",2021,0.24847411303773
"08111","Marismas y humedales",2022,0.944483986490007
"08111","Marismas y humedales",2023,0.302928667031388
"08111","Marismas y humedales",2024,0.016941416798027
"08111","Playas y dunas",2017,0.0395299725287298
"08111","Playas y dunas",2018,0.0395299725287298
"08111","Playas y dunas",2019,0.0677656671921081
"08111","Playas y dunas",2020,0.121413487052527
"08111","Playas y dunas",2021,0.121413487052527
"08111","Playas y dunas",2022,4.26500167890331
"08111","Playas y dunas",2023,0.664950609322561
"08111","Playas y dunas",2024,0.0790599450574595
"08112","Bosques y matorrales",2017,0.464686470974433
"08112","Bosques y matorrales",2018,3.32015116217964
"08112","Bosques y matorrales",2019,3.34933437050171
"08112","Bosques y matorrales",2020,3.3044371269293
"08112","Bosques y matorrales",2021,0.0987739358592997
"08112","Bosques y matorrales",2022,1.2189601629909
"08112","Bosques y matorrales",2023,1.67947760420504
"08112","Bosques y matorrales",2024,4.32360455602298
"08112","Macrocystis",2017,0.0158473351863852
"08112","Macrocystis",2018,0.0155671269021466
"08112","Macrocystis",2019,0.0152918731848198
"08112","Macrocystis",2020,0.0150214864290961
"08112","Macrocystis",2021,0.0147558805786799
"08112","Macrocystis",2022,0.014731997244927
"08112","Macrocystis",2023,0.0109262431830182
"08112","Macrocystis",2024,0.0157140352503431
"08112","Marismas y humedales",2017,0.520808025439944
"08112","Marismas y humedales",2018,0.287342358863417
"08112","Marismas y humedales",2019,0.314280705006863
"08112","Marismas y humedales",2020,0.312035842828242
"08112","Marismas y humedales",2021,0.309790980649622
"08112","Marismas y humedales",2022,0.0336729326793067
"08112","Marismas y humedales",2023,0.253990120781056
"08112","Marismas y humedales",2024,0.271628323613074
"08112","Playas y dunas",2017,0.0561215544655112
"08112","Playas y dunas",2018,0.0381626570365476
"08112","Playas y dunas",2019,0.0516318301082703
"08112","Playas y dunas",2020,0.0516318301082703
"08112","Playas y dunas",2021,0.0493869679296498
"08112","Playas y dunas",2022,0.269383461434454
"08112","Playas y dunas",2023,0.073759757297529
"08112","Playas y dunas",2024,0.0538766922868907
"08201","Bosques y matorrales",2017,4.11224167243159
"08201","Bosques y matorrales",2018,4.11224167243159
"08201","Bosques y matorrales",2019,4.4329830179825
"08201","Bosques y matorrales",2020,4.27345640137955
"08201","Bosques y matorrales",2021,0.356754408911006
"08201","Bosques y matorrales",2022,0.569737916439106
"08201","Bosques y matorrales",2023,2.55105929851076
"08201","Bosques y matorrales",2024,8.55619742065662
"08201","Macrocystis",2017,0.0399915669658445
"08201","Macrocystis",2018,0.0392844469212618
"08201","Macrocystis",2019,0.0385898299815931
"08201","Macrocystis",2020,0.0379074950703272
"08201","Macrocystis",2021,0.0372372250199678
"08201","Macrocystis",2022,0.0328383027949926
"08201","Macrocystis",2023,0.0275729377084278
"08201","Macrocystis",2024,0.00928461789752618
"08201","Marismas y humedales",2017,0.31230078382588
"08201","Marismas y humedales",2018,0.31230078382588
"08201","Marismas y humedales",2019,0.447349771426261
"08201","Marismas y humedales",2020,0.883726812609991
"08201","Marismas y humedales",2021,0.951251306410182
"08201","Marismas y humedales",2022,0.488226206066019
"08201","Marismas y humedales",2023,0.415275636871171
"08201","Marismas y humedales",2024,0.0953783474927689
"08201","Playas y dunas",2017,0.486176355361371
"08201","Playas y dunas",2018,0.486176355361371
"08201","Playas y dunas",2019,0.514874265226452
"08201","Playas y dunas",2020,0.593371489269173
"08201","Playas y dunas",2021,0.638669170526801
"08201","Playas y dunas",2022,0.0151930111050428
"08201","Playas y dunas",2023,0.390637235264316
"08201","Playas y dunas",2024,2.06371734176832
"08202","Bosques y matorrales",2017,0.75080838029071
"08202","Bosques y matorrales",2018,8.30460092337334
"08202","Bosques y matorrales",2019,8.36385299397126
"08202","Bosques y matorrales",2020,0.529882802775631
"08202","Bosques y matorrales",2021,1.20789578204605
"08202","Bosques y matorrales",2022,1.48807343015904
"08202","Bosques y matorrales",2023,2.94930204465943
"08202","Bosques y matorrales",2024,7.32270946775077
"08202","Macrocystis",2017,0.0331608394057826
"08202","Macrocystis",2018,0.032574498433971
"08202","Macrocystis",2019,0.0319985249842545
"08202","Macrocystis",2020,0.0314327357409179
"08202","Macrocystis",2021,0.0308769506295854
"08202","Macrocystis",2022,0.0272178623896778
"08202","Macrocystis",2023,0.0228633641706445
"08202","Macrocystis",2024,0.00761812336258894
"08202","Marismas y humedales",2017,0.981891455622575
"08202","Marismas y humedales",2018,0.660237358091042
"08202","Marismas y humedales",2019,0.761812336258894
"08202","Marismas y humedales",2020,0.59252070597914
"08202","Marismas y humedales",2021,0.787206080800857
"08202","Marismas y humedales",2022,0.0177756211793742
"08202","Marismas y humedales",2023,0.54306336541884
"08202","Marismas y humedales",2024,0.233622449786061
"08202","Playas y dunas",2017,7.43190256928121
"08202","Playas y dunas",2018,0.11003955968184
"08202","Playas y dunas",2019,0.808367534585827
"08202","Playas y dunas",2020,0.798210036769041
"08202","Playas y dunas",2021,0.788052538952256
"08202","Playas y dunas",2022,0.126968722709816
"08202","Playas y dunas",2023,1.43764870885428
"08202","Playas y dunas",2024,12.0967334416398
"08203","Bosques y matorrales",2017,4.56813736865697
"08203","Bosques y matorrales",2018,4.3039429383658
"08203","Bosques y matorrales",2019,4.05727160804293
"08203","Bosques y matorrales",2020,3.82407958538797
"08203","Bosques y matorrales",2021,0.436055603057105
"08203","Bosques y matorrales",2022,0.509517829847251
"08203","Bosques y matorrales",2023,2.528429276194
"08203","Bosques y matorrales",2024,3.92652232366413
"08203","Macrocystis",2017,0.000608168080685442
"08203","Macrocystis",2018,0.000597414617569197
"08203","Macrocystis",2019,0.000586851294272295
"08203","Macrocystis",2020,0.000576474748794003
"08203","Macrocystis",2021,0.00056628167857957
"08203","Macrocystis",2022,0.000559083889504859
"08203","Macrocystis",2023,0.000419312917128644
"08203","Macrocystis",2024,0
"08203","Marismas y humedales",2017,0.903113613750419
"08203","Marismas y humedales",2018,0.498734383712918
"08203","Marismas y humedales",2019,0.660486075727918
"08203","Marismas y humedales",2020,0.811454321608585
"08203","Marismas y humedales",2021,0.690140552597335
"08203","Marismas y humedales",2022,0.00404379230037501
"08203","Marismas y humedales",2023,0.509710391385364
"08203","Marismas y humedales",2024,0.160403761248209
"08203","Playas y dunas",2017,0.889634306082502
"08203","Playas y dunas",2018,0.764276744770877
"08203","Playas y dunas",2019,0.768320537071252
"08203","Playas y dunas",2020,1.01094807509375
"08203","Playas y dunas",2021,0.950291190588127
"08203","Playas y dunas",2022,0.012131376901125
"08203","Playas y dunas",2023,0.627943175786805
"08203","Playas y dunas",2024,4.45625911501326
"08206","Bosques y matorrales",2017,2.33015438195865
"08206","Bosques y matorrales",2018,1.03076534322568
"08206","Bosques y matorrales",2019,1.04325946859811
"08206","Bosques y matorrales",2020,1.11197715814649
"08206","Bosques y matorrales",2021,0.149929504469189
"08206","Bosques y matorrales",2022,12.0318427336525
"08206","Bosques y matorrales",2023,2.52827551286437
"08206","Bosques y matorrales",2024,4.26674381468568
"08206","Macrocystis",2017,0.000257262528996014
"08206","Macrocystis",2018,0.000252713682707283
"08206","Macrocystis",2019,0.000248245267885346
"08206","Macrocystis",2020,0.000243855862362816
"08206","Macrocystis",2021,0.00023954406911868
"08206","Macrocystis",2022,0.000236499316394312
"08206","Macrocystis",2023,0.000177374487295734
"08206","Macrocystis",2024,0
"08206","Marismas y humedales",2017,1.15570659695
"08206","Marismas y humedales",2018,0.374823761172974
"08206","Marismas y humedales",2019,0.506012077583514
"08206","Marismas y humedales",2020,0.549741516387028
"08206","Marismas y humedales",2021,0.224894256703784
"08206","Marismas y humedales",2022,0.0374823761172974
"08206","Marismas y humedales",2023,0.406951512130657
"08206","Marismas y humedales",2024,0.0499765014897298
"08206","Playas y dunas",2017,1.6929539879646
"08206","Playas y dunas",2018,1.12447128351892
"08206","Playas y dunas",2019,1.12893347115193
"08206","Playas y dunas",2020,1.26815372530189
"08206","Playas y dunas",2021,0.421676731319595
"08206","Playas y dunas",2022,0.543494453700812
"08206","Playas y dunas",2023,0.721535740257974
"08206","Playas y dunas",2024,2.13024837599973
"08207","Bosques y matorrales",2017,2.24113052123051
"08207","Bosques y matorrales",2018,2.00927523209916
"08207","Bosques y matorrales",2019,2.11017140587746
"08207","Bosques y matorrales",2020,2.19706566166203
"08207","Bosques y matorrales",2021,0.17337669045168
"08207","Bosques y matorrales",2022,0.123546335238727
"08207","Bosques y matorrales",2023,1.26493797807994
"08207","Bosques y matorrales",2024,2.26089793486871
"08207","Macrocystis",2017,0.00636893369553318
"08207","Macrocystis",2018,0.00625631993667303
"08207","Macrocystis",2019,0.00614569738376525
"08207","Macrocystis",2020,0.00603703082884606
"08207","Macrocystis",2021,0.00593028568648922
"08207","Macrocystis",2022,0.00507732424638145
"08207","Macrocystis",2023,0.00439118107590096
"08207","Macrocystis",2024,0.000411821117462424
"08207","Marismas y humedales",2017,0.431176709983158
"08207","Marismas y humedales",2018,0.24297445930283
"08207","Marismas y humedales",2019,0.273449221995049
"08207","Marismas y humedales",2020,0.387111850414678
"08207","Marismas y humedales",2021,0.387111850414678
"08207","Marismas y humedales",2022,0.00123546335238727
"08207","Marismas y humedales",2023,0.246151365066112
"08207","Marismas y humedales",2024,0.045712144038329
"08207","Playas y dunas",2017,0.114898091772016
"08207","Playas y dunas",2018,0.0918361091941205
"08207","Playas y dunas",2019,0.0955424992512823
"08207","Playas y dunas",2020,0.119428124064103
"08207","Playas y dunas",2021,0.119428124064103
"08207","Playas y dunas",2022,0.0605377042669763
"08207","Playas y dunas",2023,0.0859529503732287
"08207","Playas y dunas",2024,0.288686603341159
"09102","Bosques y matorrales",2017,0.0765335456536111
"09102","Bosques y matorrales",2018,0.70926137358198
"09102","Bosques y matorrales",2019,0.747907025347664
"09102","Bosques y matorrales",2020,0.722901015381633
"09102","Bosques y matorrales",2021,0.0340991044991336
"09102","Bosques y matorrales",2022,4.11235200259552
"09102","Bosques y matorrales",2023,0.914722009579934
"09102","Bosques y matorrales",2024,3.09165214125478
"09102","Macrocystis",2017,0.000488587990319417
"09102","Macrocystis",2018,0.000479948909940488
"09102","Macrocystis",2019,0.000471462583438594
"09102","Macrocystis",2020,0.000463126309861095
"09102","Macrocystis",2021,0.000454937436012863
"09102","Macrocystis",2022,0.0227327363327558
"09102","Macrocystis",2023,0.00358439993747546
"09102","Macrocystis",2024,0.0197017048217217
"09102","Marismas y humedales",2017,0.0492542620543041
"09102","Marismas y humedales",2018,0.0128818839218949
"09102","Marismas y humedales",2019,0.0136396417996535
"09102","Marismas y humedales",2020,0.014397399677412
"09102","Marismas y humedales",2021,0.0697137247537843
"09102","Marismas y humedales",2022,0.0136396417996535
"09102","Marismas y humedales",2023,0.0247895077152432
"09102","Marismas y humedales",2024,0.114421439541537
"09102","Playas y dunas",2017,1.25787807707915
"09102","Playas y dunas",2018,0.000757757877758525
"09102","Playas y dunas",2019,0.35828957482931
"09102","Playas y dunas",2020,0.35828957482931
"09102","Playas y dunas",2021,0.35828957482931
"09102","Playas y dunas",2022,0.0204594626994802
"09102","Playas y dunas",2023,0.182727899665199
"09102","Playas y dunas",2024,0.329624676824959
"09116","Bosques y matorrales",2017,3.16536377021546
"09116","Bosques y matorrales",2018,3.43029095533132
"09116","Bosques y matorrales",2019,3.69521814044718
"09116","Bosques y matorrales",2020,3.50770474318985
"09116","Bosques y matorrales",2021,1.77363589515877
"09116","Bosques y matorrales",2022,1.56891943393288
"09116","Bosques y matorrales",2023,2.4487332768965
"09116","Bosques y matorrales",2024,1.16464743067167
"09116","Macrocystis",2017,0.000619918927281733
"09116","Macrocystis",2018,0.00060895768888186
"09116","Macrocystis",2019,0.000598190264127564
"09116","Macrocystis",2020,0.000587613226058509
"09116","Macrocystis",2021,0.000577223208308949
"09116","Macrocystis",2022,0.00859848988145017
"09116","Macrocystis",2023,0.000427414759236945
"09116","Macrocystis",2024,0.0567701110962556
"09116","Marismas y humedales",2017,0.120421447779936
"09116","Marismas y humedales",2018,0.125582366970505
"09116","Marismas y humedales",2019,0.130743286161074
"09116","Marismas y humedales",2020,0.156547882113917
"09116","Marismas y humedales",2021,0.156547882113917
"09116","Marismas y humedales",2022,0.132288051088863
"09116","Marismas y humedales",2023,0.0985489807341926
"09116","Marismas y humedales",2024,0.137624511748498
"09116","Playas y dunas",2017,0.0860153198428115
"09116","Playas y dunas",2018,0.0937566986286646
"09116","Playas y dunas",2019,0.101498077414518
"09116","Playas y dunas",2020,0.110099609398799
"09116","Playas y dunas",2021,0.110099609398799
"09116","Playas y dunas",2022,0.316325727258666
"09116","Playas y dunas",2023,0.0716384735262273
"09116","Playas y dunas",2024,1.64117230260084
"09117","Bosques y matorrales",2017,3.52911481658238
"09117","Bosques y matorrales",2018,3.60072732799043
"09117","Bosques y matorrales",2019,3.67233983939847
"09117","Bosques y matorrales",2020,3.79923218417413
"09117","Bosques y matorrales",2021,1.26892344775657
"09117","Bosques y matorrales",2022,3.48639858170741
"09117","Bosques y matorrales",2023,2.76524802822991
"09117","Bosques y matorrales",2024,1.48878642137776
"09117","Macrocystis",2017,0.000349752491645816
"09117","Macrocystis",2018,0.000343568262913375
"09117","Macrocystis",2019,0.000337493382036715
"09117","Macrocystis",2020,0.000331525915556694
"09117","Macrocystis",2021,0.000325663964201074
"09117","Macrocystis",2022,0.00386519206179143
"09117","Macrocystis",2023,0.000241143430907668
"09117","Macrocystis",2024,0.0251271969852786
"09117","Marismas y humedales",2017,0.321628121411567
"09117","Marismas y humedales",2018,0.304039083521871
"09117","Marismas y humedales",2019,0.286450045632176
"09117","Marismas y humedales",2020,0.255041049400578
"09117","Marismas y humedales",2021,0.255041049400578
"09117","Marismas y humedales",2022,0.0150763181911672
"09117","Marismas y humedales",2023,0.20532509536542
"09117","Marismas y humedales",2024,0.193479416786646
"09117","Playas y dunas",2017,0.100508787941115
"09117","Playas y dunas",2018,0.0992524280918506
"09117","Playas y dunas",2019,0.0979960682425867
"09117","Playas y dunas",2020,0.0979960682425867
"09117","Playas y dunas",2021,0.0979960682425867
"09117","Playas y dunas",2022,0.10553422733817
"09117","Playas y dunas",2023,0.0856119497284137
"09117","Playas y dunas",2024,1.97625404289217
"09118","Bosques y matorrales",2017,5.26724419732875
"09118","Bosques y matorrales",2018,5.45298774562315
"09118","Bosques y matorrales",2019,5.63873129391756
"09118","Bosques y matorrales",2020,4.95234122803492
"09118","Bosques y matorrales",2021,0.223876329732329
"09118","Bosques y matorrales",2022,0.53139876068333
"09118","Bosques y matorrales",2023,3.15236850790286
"09118","Bosques y matorrales",2024,6.49733392113275
"09118","Macrocystis",2017,0.00353194065886462
"09118","Macrocystis",2018,0.00346948984171376
"09118","Macrocystis",2019,0.00340814326298011
"09118","Macrocystis",2020,0.00334788139781938
"09118","Macrocystis",2021,0.00328868506662019
"09118","Macrocystis",2022,0.0108664900589566
"09118","Macrocystis",2023,0.00243516288971401
"09118","Macrocystis",2024,0.0565841272949842
"09118","Marismas y humedales",2017,0.231256868075153
"09118","Marismas y humedales",2018,0.210345342770485
"09118","Marismas y humedales",2019,0.189433817465817
"09118","Marismas y humedales",2020,0.147610766856481
"09118","Marismas y humedales",2021,0.147610766856481
"09118","Marismas y humedales",2022,0.0221416150284721
"09118","Marismas y humedales",2023,0.135485596721841
"09118","Marismas y humedales",2024,0.0615044861902002
"09118","Playas y dunas",2017,0.1230089723804
"09118","Playas y dunas",2018,0.0959469984567124
"09118","Playas y dunas",2019,0.0688850245330243
"09118","Playas y dunas",2020,0.0541239478473762
"09118","Playas y dunas",2021,0.0541239478473762
"09118","Playas y dunas",2022,0.959469984567123
"09118","Playas y dunas",2023,0.19365126794743
"09118","Playas y dunas",2024,4.66204005321718
"10101","Bosques y matorrales",2017,10.7898113067246
"10101","Bosques y matorrales",2018,11.9638633155693
"10101","Bosques y matorrales",2019,10.8131456737374
"10101","Bosques y matorrales",2020,13.137915324414
"10101","Bosques y matorrales",2021,0.386683796212326
"10101","Bosques y matorrales",2022,10.4132776200117
"10101","Bosques y matorrales",2023,6.72734563095109
"10101","Bosques y matorrales",2024,19.0741782924735
"10101","Macrocystis",2017,0.0613374491624583
"10101","Macrocystis",2018,0.0602528970161673
"10101","Macrocystis",2019,0.0591875216268834
"10101","Macrocystis",2020,0.0581409839163885
"10101","Macrocystis",2021,0.0571129508019533
"10101","Macrocystis",2022,0.0643324316698228
"10101","Macrocystis",2023,0.0422902575034073
"10101","Macrocystis",2024,0.112004961661501
"10101","Marismas y humedales",2017,0.124005493268091
"10101","Marismas y humedales",2018,0.113338354062233
"10101","Marismas y humedales",2019,0.108004784459305
"10101","Marismas y humedales",2020,0.102671214856376
"10101","Marismas y humedales",2021,0.114671746462966
"10101","Marismas y humedales",2022,0.216063993098231
"10101","Marismas y humedales",2023,0.0803845133012815
"10101","Marismas y humedales",2024,0.869371845277367
"10101","Playas y dunas",2017,0.992043946144725
"10101","Playas y dunas",2018,0.554691238704578
"10101","Playas y dunas",2019,0.315165476536691
"10101","Playas y dunas",2020,0.11733853126443
"10101","Playas y dunas",2021,0.249344378936914
"10101","Playas y dunas",2022,0.563478269887139
"10101","Playas y dunas",2023,0.318369081655334
"10101","Playas y dunas",2024,1.3973952359673
"10102","Bosques y matorrales",2017,11.3565268933979
"10102","Bosques y matorrales",2018,12.3150033878501
"10102","Bosques y matorrales",2019,13.2734798823024
"10102","Bosques y matorrales",2020,12.1665778939586
"10102","Bosques y matorrales",2021,0.316257710955383
"10102","Bosques y matorrales",2022,0.659828587856913
"10102","Bosques y matorrales",2023,7.15538205090304
"10102","Bosques y matorrales",2024,19.4721310170279
"10102","Macrocystis",2017,0.0433996072923402
"10102","Macrocystis",2018,0.0426322272026917
"10102","Macrocystis",2019,0.0418784157197365
"10102","Macrocystis",2020,0.0411379329270496
"10102","Macrocystis",2021,0.0404105431503434
"10102","Macrocystis",2022,0.038407267142514
"10102","Macrocystis",2023,0.0299226751845945
"10102","Macrocystis",2024,0.0294694685208425
"10102","Marismas y humedales",2017,0.0934397782368178
"10102","Marismas y humedales",2018,0.0970336158613108
"10102","Marismas y humedales",2019,0.100627453485804
"10102","Marismas y humedales",2020,0.098471150911108
"10102","Marismas y humedales",2021,0.0934397782368178
"10102","Marismas y humedales",2022,0.00646890772408739
"10102","Marismas y humedales",2023,0.0699258120651351
"10102","Marismas y humedales",2024,0.185442021423838
"10102","Playas y dunas",2017,0.0560638669420907
"10102","Playas y dunas",2018,0.0607358558539316
"10102","Playas y dunas",2019,0.0654078447657725
"10102","Playas y dunas",2020,0.0718767524898598
"10102","Playas y dunas",2021,0.0560638669420907
"10102","Playas y dunas",2022,0.0129378154481748
"10102","Playas y dunas",2023,0.0461551432059886
"10102","Playas y dunas",2024,2.39062078781274
"10103","Bosques y matorrales",2017,39.3372292717706
"10103","Bosques y matorrales",2018,47.1098279314207
"10103","Bosques y matorrales",2019,54.8824265910709
"10103","Bosques y matorrales",2020,39.4060006516163
"10103","Bosques y matorrales",2021,0.0916951731276703
"10103","Bosques y matorrales",2022,0.0429821124035955
"10103","Bosques y matorrales",2023,25.8385945330585
"10103","Bosques y matorrales",2024,71.4190779698142
"10103","Macrocystis",2017,0.0252657544682412
"10103","Macrocystis",2018,0.0248190122477812
"10103","Macrocystis",2019,0.0243801692021426
"10103","Macrocystis",2020,0.023949085660258
"10103","Macrocystis",2021,0.0235256244206856
"10103","Macrocystis",2022,0.125521704109914
"10103","Macrocystis",2023,0.0174199494284441
"10103","Macrocystis",2024,0.739292333341842
"10103","Marismas y humedales",2017,0.0429821124035955
"10103","Marismas y humedales",2018,0.0501457978041947
"10103","Marismas y humedales",2019,0.0573094832047939
"10103","Marismas y humedales",2020,0.0573094832047939
"10103","Marismas y humedales",2021,0.0429821124035955
"10103","Marismas y humedales",2022,0.048303707272612
"10103","Marismas y humedales",2023,0.0358184270029962
"10103","Marismas y humedales",2024,0.0515785348843145
"10103","Playas y dunas",2017,0.315202157626367
"10103","Playas y dunas",2018,0.207746876617378
"10103","Playas y dunas",2019,0.100291595608389
"10103","Playas y dunas",2020,0.0429821124035955
"10103","Playas y dunas",2021,0.315202157626367
"10103","Playas y dunas",2022,0.154735604652944
"10103","Playas y dunas",2023,0.162308643505006
"10103","Playas y dunas",2024,0.0773678023264718
"10104","Bosques y matorrales",2017,6.05678552920448
"10104","Bosques y matorrales",2018,5.89236802034126
"10104","Bosques y matorrales",2019,5.72795051147804
"10104","Bosques y matorrales",2020,6.03752942456284
"10104","Bosques y matorrales",2021,5.84251979969124
"10104","Bosques y matorrales",2022,6.23453418743498
"10104","Bosques y matorrales",2023,4.27845252471737
"10104","Bosques y matorrales",2024,6.67001840009972
"10104","Macrocystis",2017,0.00422001694091816
"10104","Macrocystis",2018,0.00414539974549918
"10104","Macrocystis",2019,0.00407210191109939
"10104","Macrocystis",2020,0.00400010010913497
"10104","Macrocystis",2021,0.00392937142351175
"10104","Macrocystis",2022,0.00387942669145971
"10104","Macrocystis",2023,0.00290957001859478
"10104","Macrocystis",2024,0
"10104","Marismas y humedales",2017,0.00740619409293773
"10104","Marismas y humedales",2018,0.0111092911394066
"10104","Marismas y humedales",2019,0.0148123881858755
"10104","Marismas y humedales",2020,0.0192561046416381
"10104","Marismas y humedales",2021,0.0236998210974007
"10104","Marismas y humedales",2022,0.0444371645576264
"10104","Marismas y humedales",2023,0.0172458519592693
"10104","Marismas y humedales",2024,0.185154852323443
"10104","Playas y dunas",2017,0.0296247763717509
"10104","Playas y dunas",2018,0.0274029181438696
"10104","Playas y dunas",2019,0.0251810599159883
"10104","Playas y dunas",2020,0.0340684928275136
"10104","Playas y dunas",2021,0.0429559257390388
"10104","Playas y dunas",2022,0.333278734182198
"10104","Playas y dunas",2023,0.0703588438829084
"10104","Playas y dunas",2024,0.125905299579941
"10106","Bosques y matorrales",2017,9.48690068457038
"10106","Bosques y matorrales",2018,9.56357853291278
"10106","Bosques y matorrales",2019,9.64025638125518
"10106","Bosques y matorrales",2020,9.89673056364184
"10106","Bosques y matorrales",2021,0.675558284533927
"10106","Bosques y matorrales",2022,8.26340066112517
"10106","Bosques y matorrales",2023,5.6090034924163
"10106","Bosques y matorrales",2024,12.9717766885458
"10106","Macrocystis",2017,0.0210114521702598
"10106","Macrocystis",2018,0.0206399333696069
"10106","Macrocystis",2019,0.0202749836636609
"10106","Macrocystis",2020,0.0199164868994705
"10106","Macrocystis",2021,0.0195643289778688
"10106","Macrocystis",2022,0.0193156543011175
"10106","Macrocystis",2023,0.0144867407258381
"10106","Macrocystis",2024,0
"10106","Marismas y humedales",2017,0.187728525252089
"10106","Marismas y humedales",2018,0.212847130743566
"10106","Marismas y humedales",2019,0.237965736235043
"10106","Marismas y humedales",2020,0.0965083263619896
"10106","Marismas y humedales",2021,0.187728525252089
"10106","Marismas y humedales",2022,0.173132214219985
"10106","Marismas y humedales",2023,0.131825463406397
"10106","Marismas y humedales",2024,0.157321792288723
"10106","Playas y dunas",2017,0.0740337846064578
"10106","Playas y dunas",2018,0.116338804381577
"10106","Playas y dunas",2019,0.158643824156695
"10106","Playas y dunas",2020,0.111050676909687
"10106","Playas y dunas",2021,0.0740337846064578
"10106","Playas y dunas",2022,0.12119524797821
"10106","Playas y dunas",2023,0.0763001249515534
"10106","Playas y dunas",2024,0.237965736235043
"10108","Bosques y matorrales",2017,9.63276736468632
"10108","Bosques y matorrales",2018,9.57977155717834
"10108","Bosques y matorrales",2019,9.52677574967036
"10108","Bosques y matorrales",2020,10.8049099307452
"10108","Bosques y matorrales",2021,0.02939263273552
"10108","Bosques y matorrales",2022,0.895139269672654
"10108","Bosques y matorrales",2023,5.7812509292412
"10108","Bosques y matorrales",2024,17.6934742209426
"10108","Macrocystis",2017,0.110293870064594
"10108","Macrocystis",2018,0.108343683756968
"10108","Macrocystis",2019,0.1064279801149
"10108","Macrocystis",2020,0.104546149425246
"10108","Macrocystis",2021,0.102697592755645
"10108","Macrocystis",2022,0.101540332867702
"10108","Macrocystis",2023,0.076044182302479
"10108","Macrocystis",2024,0.102428871654085
"10108","Marismas y humedales",2017,0.0801617256423272
"10108","Marismas y humedales",2018,0.289027555232613
"10108","Marismas y humedales",2019,0.497893384822899
"10108","Marismas y humedales",2020,0.409715486616339
"10108","Marismas y humedales",2021,0.0801617256423272
"10108","Marismas y humedales",2022,0.0160323451284654
"10108","Marismas y humedales",2023,0.196141746154996
"10108","Marismas y humedales",2024,0.460484579523146
"10108","Playas y dunas",2017,0.0979754424517333
"10108","Playas y dunas",2018,0.27923001098744
"10108","Playas y dunas",2019,0.460484579523146
"10108","Playas y dunas",2020,0.195950884903467
"10108","Playas y dunas",2021,0.0979754424517333
"10108","Playas y dunas",2022,0.272549867183913
"10108","Playas y dunas",2023,0.200595175357347
"10108","Playas y dunas",2024,0.283238097269556
"10109","Bosques y matorrales",2017,23.021408433536
"10109","Bosques y matorrales",2018,8.54269752410361
"10109","Bosques y matorrales",2019,0.103235015397022
"10109","Bosques y matorrales",2020,12.6979068938338
"10109","Bosques y matorrales",2021,3.09705046191067
"10109","Bosques y matorrales",2022,17.9987089089135
"10109","Bosques y matorrales",2023,6.78032833268301
"10109","Bosques y matorrales",2024,71.7483357009306
"10109","Macrocystis",2017,0.0179667518126564
"10109","Macrocystis",2018,0.0176490685782479
"10109","Macrocystis",2019,0.01733700253266
"10109","Macrocystis",2020,0.0170304543542829
"10109","Macrocystis",2021,0.0167293264776846
"10109","Macrocystis",2022,0.132140034536276
"10109","Macrocystis",2023,0.0123875148222188
"10109","Macrocystis",2024,0.82588012317618
"10109","Marismas y humedales",2017,2.40021410798077
"10109","Marismas y humedales",2018,0.0516175076985112
"10109","Marismas y humedales",2019,0.567792584683624
"10109","Marismas y humedales",2020,0.0516175076985112
"10109","Marismas y humedales",2021,0.683931977005274
"10109","Marismas y humedales",2022,0.683931977005274
"10109","Marismas y humedales",2023,0.438748815437346
"10109","Marismas y humedales",2024,0.593601338532879
"10109","Playas y dunas",2017,24.3634636336973
"10109","Playas y dunas",2018,0.438748815437346
"10109","Playas y dunas",2019,8.23299247791254
"10109","Playas y dunas",2020,16.0272361403877
"10109","Playas y dunas",2021,23.8214798028629
"10109","Playas y dunas",2022,12.1501292611149
"10109","Playas y dunas",2023,10.4119886957568
"10109","Playas y dunas",2024,1.75499526174938
"10201","Bosques y matorrales",2017,15.923718684276
"10201","Bosques y matorrales",2018,16.1007744633536
"10201","Bosques y matorrales",2019,14.1456266050287
"10201","Bosques y matorrales",2020,16.2081380740709
"10201","Bosques y matorrales",2021,0.968156068573204
"10201","Bosques y matorrales",2022,22.190363120352
"10201","Bosques y matorrales",2023,12.2195395736649
"10201","Bosques y matorrales",2024,24.7727404939198
"10201","Macrocystis",2017,0.189034335413319
"10201","Macrocystis",2018,0.1856918815455
"10201","Macrocystis",2019,0.182408528040766
"10201","Macrocystis",2020,0.179183229902521
"10201","Macrocystis",2021,0.176014960611514
"10201","Macrocystis",2022,0.0226028654141604
"10201","Macrocystis",2023,0.133562257275397
"10201","Macrocystis",2024,0.158220057899123
"10201","Marismas y humedales",2017,0.0734593125960213
"10201","Marismas y humedales",2018,0.0838189592441781
"10201","Marismas y humedales",2019,0.094178605892335
"10201","Marismas y humedales",2020,0.0470893029461675
"10201","Marismas y humedales",2021,0.0906421031404596
"10201","Marismas y humedales",2022,0.180822923313283
"10201","Marismas y humedales",2023,0.0684813005702836
"10201","Marismas y humedales",2024,0.0866443174209482
"10201","Playas y dunas",2017,0.0075342884713868
"10201","Playas y dunas",2018,0.0056507163535401
"10201","Playas y dunas",2019,0.0037671442356934
"10201","Playas y dunas",2020,0.118665043424342
"10201","Playas y dunas",2021,0.233562942612991
"10201","Playas y dunas",2022,0.689387395131892
"10201","Playas y dunas",2023,0.151223932889978
"10201","Playas y dunas",2024,0.246747947437918
"10202","Bosques y matorrales",2017,10.2336929575947
"10202","Bosques y matorrales",2018,10.2336929575947
"10202","Bosques y matorrales",2019,10.2479173956824
"10202","Bosques y matorrales",2020,10.6772846935172
"10202","Bosques y matorrales",2021,0.260430144249041
"10202","Bosques y matorrales",2022,2.83698515195095
"10202","Bosques y matorrales",2023,6.35571475722699
"10202","Bosques y matorrales",2024,16.936564283179
"10202","Macrocystis",2017,0.0576614881290572
"10202","Macrocystis",2018,0.0566419333291327
"10202","Macrocystis",2019,0.0556404060207591
"10202","Macrocystis",2020,0.0546565874467184
"10202","Macrocystis",2021,0.0536901644859706
"10202","Macrocystis",2022,0.00632197248345616
"10202","Macrocystis",2023,0.0406589359850134
"10202","Macrocystis",2024,0.142244380877764
"10202","Marismas y humedales",2017,0.182283539939653
"10202","Marismas y humedales",2018,0.182283539939653
"10202","Marismas y humedales",2019,0.191239667624549
"10202","Marismas y humedales",2020,0.162790791448996
"10202","Marismas y humedales",2021,0.159278584513742
"10202","Marismas y humedales",2022,0.0142244380877764
"10202","Marismas y humedales",2023,0.12744293736491
"10202","Marismas y humedales",2024,0.0532099350690893
"10202","Playas y dunas",2017,0.163844453529572
"10202","Playas y dunas",2018,0.163844453529572
"10202","Playas y dunas",2019,0.196507978027429
"10202","Playas y dunas",2020,0.205464105712325
"10202","Playas y dunas",2021,0.230225164605862
"10202","Playas y dunas",2022,0.00158049312086404
"10202","Playas y dunas",2023,0.137352378360803
"10202","Playas y dunas",2024,0.234439812928166
"10203","Bosques y matorrales",2017,7.63738729547249
"10203","Bosques y matorrales",2018,7.4026388825896
"10203","Bosques y matorrales",2019,7.1678904697067
"10203","Bosques y matorrales",2020,7.34619174514066
"10203","Bosques y matorrales",2021,0.161277535568401
"10203","Bosques y matorrales",2022,27.2155841271676
"10203","Bosques y matorrales",2023,8.13299572223507
"10203","Bosques y matorrales",2024,12.8645714205061
"10203","Macrocystis",2017,0.0132596009300714
"10203","Macrocystis",2018,0.0130251482613667
"10203","Macrocystis",2019,0.0127948411211854
"10203","Macrocystis",2020,0.0125686062094159
"10203","Macrocystis",2021,0.0123463715220195
"10203","Macrocystis",2022,0.206972837312781
"10203","Macrocystis",2023,0.0387096293366914
"10203","Macrocystis",2024,0.0878066582539071
"10203","Marismas y humedales",2017,0.110206315971741
"10203","Marismas y humedales",2018,0.106174377582531
"10203","Marismas y humedales",2019,0.10214243919332
"10203","Marismas y humedales",2020,0.0931825761061871
"10203","Marismas y humedales",2021,0.110206315971741
"10203","Marismas y humedales",2022,0.0902020502220999
"10203","Marismas y humedales",2023,0.0745588606893599
"10203","Marismas y humedales",2024,0.0349434660398202
"10203","Playas y dunas",2017,0.430073428182402
"10203","Playas y dunas",2018,0.427833462410619
"10203","Playas y dunas",2019,0.425593496638835
"10203","Playas y dunas",2020,0.498168387644616
"10203","Playas y dunas",2021,0.430073428182402
"10203","Playas y dunas",2022,0.260732015835581
"10203","Playas y dunas",2023,0.353210602699208
"10203","Playas y dunas",2024,1.59395964320103
"10204","Bosques y matorrales",2017,35.8924200766849
"10204","Bosques y matorrales",2018,34.6407688854056
"10204","Bosques y matorrales",2019,33.3891176941263
"10204","Bosques y matorrales",2020,40.9765919578813
"10204","Bosques y matorrales",2021,1.76994055780902
"10204","Bosques y matorrales",2022,29.4380876904962
"10204","Bosques y matorrales",2023,20.9526913102724
"10204","Bosques y matorrales",2024,38.4450833512939
"10204","Macrocystis",2017,0.2059889206085
"10204","Macrocystis",2018,0.202346680361984
"10204","Macrocystis",2019,0.198768841220024
"10204","Macrocystis",2020,0.195254264459749
"10204","Macrocystis",2021,0.191801831492877
"10204","Macrocystis",2022,0.189363912027263
"10204","Macrocystis",2023,0.142022934020448
"10204","Macrocystis",2024,0
"10204","Marismas y humedales",2017,0.0423093360432434
"10204","Marismas y humedales",2018,0.0599382260612616
"10204","Marismas y humedales",2019,0.0775671160792797
"10204","Marismas y humedales",2020,0.28206224028829
"10204","Marismas y humedales",2021,0.28206224028829
"10204","Marismas y humedales",2022,0.123474184779261
"10204","Marismas y humedales",2023,0.106277022680052
"10204","Marismas y humedales",2024,0.0141031120144145
"10204","Playas y dunas",2017,0.00705155600720724
"10204","Playas y dunas",2018,0.00705155600720724
"10204","Playas y dunas",2019,0.00705155600720724
"10204","Playas y dunas",2020,0.00705155600720724
"10204","Playas y dunas",2021,0.00705155600720724
"10204","Playas y dunas",2022,0.00705155600720724
"10204","Playas y dunas",2023,0.00705155600720724
"10204","Playas y dunas",2024,0.00705155600720724
"10205","Bosques y matorrales",2017,8.33496995636073
"10205","Bosques y matorrales",2018,8.30125073529833
"10205","Bosques y matorrales",2019,8.26753151423594
"10205","Bosques y matorrales",2020,8.40556957546012
"10205","Bosques y matorrales",2021,0.191778069792371
"10205","Bosques y matorrales",2022,72.3445887893681
"10205","Bosques y matorrales",2023,15.1208126629308
"10205","Bosques y matorrales",2024,15.4381346182858
"10205","Macrocystis",2017,0.0175714657616258
"10205","Macrocystis",2018,0.0172607718680018
"10205","Macrocystis",2019,0.0169555715795696
"10205","Macrocystis",2020,0.0166557677598915
"10205","Macrocystis",2021,0.0163612649900703
"10205","Macrocystis",2022,0.752360119954685
"10205","Macrocystis",2023,0.119594994559121
"10205","Macrocystis",2024,0.0779756987067881
"10205","Marismas y humedales",2017,0.00632235394919903
"10205","Marismas y humedales",2018,0.0105372565819984
"10205","Marismas y humedales",2019,0.0147521592147977
"10205","Marismas y humedales",2020,0.0210745131639968
"10205","Marismas y humedales",2021,0.0273968671131958
"10205","Marismas y humedales",2022,0.818744836421275
"10205","Marismas y humedales",2023,0.128403998063495
"10205","Marismas y humedales",2024,0.00737607960739887
"10205","Playas y dunas",2017,0.0126447078983981
"10205","Playas y dunas",2018,0.0126447078983981
"10205","Playas y dunas",2019,0.0126447078983981
"10205","Playas y dunas",2020,0.0273968671131958
"10205","Playas y dunas",2021,0.0421490263279936
"10205","Playas y dunas",2022,3.06950284233613
"10205","Playas y dunas",2023,0.453854694210359
"10205","Playas y dunas",2024,0.164381202679175
"10206","Bosques y matorrales",2017,27.5073659557009
"10206","Bosques y matorrales",2018,26.3055457081096
"10206","Bosques y matorrales",2019,25.1037254605182
"10206","Bosques y matorrales",2020,25.1037254605182
"10206","Bosques y matorrales",2021,1.70510959315307
"10206","Bosques y matorrales",2022,9.13730484269813
"10206","Bosques y matorrales",2023,16.408968145814
"10206","Bosques y matorrales",2024,32.0326313645016
"10206","Macrocystis",2017,0.122901254570043
"10206","Macrocystis",2018,0.120728147907704
"10206","Macrocystis",2019,0.118593465528197
"10206","Macrocystis",2020,0.116496528023769
"10206","Macrocystis",2021,0.114436667999773
"10206","Macrocystis",2022,0.135890117665743
"10206","Macrocystis",2023,0.0847365805756409
"10206","Macrocystis",2024,0.273338179055072
"10206","Marismas y humedales",2017,0.216935062742121
"10206","Marismas y humedales",2018,0.242967270271175
"10206","Marismas y humedales",2019,0.26899947780023
"10206","Marismas y humedales",2020,0.26899947780023
"10206","Marismas y humedales",2021,0.26899947780023
"10206","Marismas y humedales",2022,0.241314431697902
"10206","Marismas y humedales",2023,0.180985823773427
"10206","Marismas y humedales",2024,0
"10206","Playas y dunas",2017,3.06312308591875
"10206","Playas y dunas",2018,1.55108569860616
"10206","Playas y dunas",2019,0.0390483112935817
"10206","Playas y dunas",2020,0.0390483112935817
"10206","Playas y dunas",2021,0.0390483112935817
"10206","Playas y dunas",2022,0.0130161037645272
"10206","Playas y dunas",2023,0.677767117452883
"10206","Playas y dunas",2024,3.14989711101559
"10207","Bosques y matorrales",2017,12.5009502618419
"10207","Bosques y matorrales",2018,12.4392039985814
"10207","Bosques y matorrales",2019,12.3774577353209
"10207","Bosques y matorrales",2020,12.3462034539174
"10207","Bosques y matorrales",2021,0.182951891142268
"10207","Bosques y matorrales",2022,3.90144907860887
"10207","Bosques y matorrales",2023,7.67831663134468
"10207","Bosques y matorrales",2024,18.9339961341319
"10207","Macrocystis",2017,0.410386030045408
"10207","Macrocystis",2018,0.403129695525941
"10207","Macrocystis",2019,0.396001665546111
"10207","Macrocystis",2020,0.388999671459834
"10207","Macrocystis",2021,0.382121484734611
"10207","Macrocystis",2022,0.0297296823106186
"10207","Macrocystis",2023,0.287195461374646
"10207","Macrocystis",2024,0.438322239195018
"10207","Marismas y humedales",2017,0.0586970650748111
"10207","Marismas y humedales",2018,0.0606028139408764
"10207","Marismas y humedales",2019,0.0625085628069417
"10207","Marismas y humedales",2020,0.0625085628069417
"10207","Marismas y humedales",2021,0.0625085628069417
"10207","Marismas y humedales",2022,0.0739430560033335
"10207","Marismas y humedales",2023,0.0438322239195018
"10207","Marismas y humedales",2024,0.16694360066732
"10207","Playas y dunas",2017,0.0724184569104812
"10207","Playas y dunas",2018,0.0423076248266496
"10207","Playas y dunas",2019,0.0121967927428179
"10207","Playas y dunas",2020,0.0663200605390723
"10207","Playas y dunas",2021,0.0663200605390723
"10207","Playas y dunas",2022,0.0777545537354641
"10207","Playas y dunas",2023,0.048188221327651
"10207","Playas y dunas",2024,3.40214287569977
"10208","Bosques y matorrales",2017,6.26166412004888
"10208","Bosques y matorrales",2018,6.26236320055798
"10208","Bosques y matorrales",2019,6.26306228106709
"10208","Bosques y matorrales",2020,6.33285381855935
"10208","Bosques y matorrales",2021,0.00990364054564688
"10208","Bosques y matorrales",2022,2.77989364445399
"10208","Bosques y matorrales",2023,3.98710581503328
"10208","Bosques y matorrales",2024,11.7515433580464
"10208","Macrocystis",2017,0.0877916770974172
"10208","Macrocystis",2018,0.0862393684650463
"10208","Macrocystis",2019,0.0847145073330514
"10208","Macrocystis",2020,0.0832166083821722
"10208","Macrocystis",2021,0.0817451948744325
"10208","Macrocystis",2022,0.000349540254552243
"10208","Macrocystis",2023,0.0605795566295246
"10208","Macrocystis",2024,0.206811317276744
"10208","Marismas y humedales",2017,0.0888997380744538
"10208","Marismas y humedales",2018,0.080569028674292
"10208","Marismas y humedales",2019,0.0722383192741302
"10208","Marismas y humedales",2020,0.0744520742196277
"10208","Marismas y humedales",2021,0.0744520742196277
"10208","Marismas y humedales",2022,0.00908804661835832
"10208","Marismas y humedales",2023,0.0570998972972128
"10208","Marismas y humedales",2024,0.0284292740369158
"10208","Playas y dunas",2017,0.0235357104731844
"10208","Playas y dunas",2018,0.0200403079276619
"10208","Playas y dunas",2019,0.0165449053821395
"10208","Playas y dunas",2020,0.0247008446550252
"10208","Playas y dunas",2021,0.0247008446550252
"10208","Playas y dunas",2022,0.0873850636380607
"10208","Playas y dunas",2023,0.0281296681044424
"10208","Playas y dunas",2024,0.0249338714913933
"10209","Bosques y matorrales",2017,8.522895630122
"10209","Bosques y matorrales",2018,8.66984210650341
"10209","Bosques y matorrales",2019,8.81678858288483
"10209","Bosques y matorrales",2020,8.99137845581324
"10209","Bosques y matorrales",2021,0.0884588689503956
"10209","Bosques y matorrales",2022,8.58458405189004
"10209","Bosques y matorrales",2023,6.23913538516627
"10209","Bosques y matorrales",2024,13.4538956078635
"10209","Macrocystis",2017,0.0380868569186979
"10209","Macrocystis",2018,0.0374134154407642
"10209","Macrocystis",2019,0.0367518815724599
"10209","Macrocystis",2020,0.03610204476666
"10209","Macrocystis",2021,0.0354636981990766
"10209","Macrocystis",2022,0.0069835949171365
"10209","Macrocystis",2023,0.0272573559735422
"10209","Macrocystis",2024,0.0168770210497465
"10209","Marismas y humedales",2017,0.0878769027073009
"10209","Marismas y humedales",2018,0.103299008149311
"10209","Marismas y humedales",2019,0.11872111359132
"10209","Marismas y humedales",2020,0.0739097128730279
"10209","Marismas y humedales",2021,0.0739097128730279
"10209","Marismas y humedales",2022,0.00174589872928412
"10209","Marismas y humedales",2023,0.0656374784176103
"10209","Marismas y humedales",2024,0.0803113415470697
"10209","Playas y dunas",2017,0.0261884809392619
"10209","Playas y dunas",2018,0.0226966834806936
"10209","Playas y dunas",2019,0.0192048860221254
"10209","Playas y dunas",2020,0.0285163459116407
"10209","Playas y dunas",2021,0.0285163459116407
"10209","Playas y dunas",2022,0.0384097720442507
"10209","Playas y dunas",2023,0.0233617877585161
"10209","Playas y dunas",2024,0.0453933669613872
"10210","Bosques y matorrales",2017,8.77265811261699
"10210","Bosques y matorrales",2018,9.27199930419486
"10210","Bosques y matorrales",2019,9.77134049577273
"10210","Bosques y matorrales",2020,9.78791613698693
"10210","Bosques y matorrales",2021,0.348088465498265
"10210","Bosques y matorrales",2022,2.89659330218199
"10210","Bosques y matorrales",2023,5.83551368817882
"10210","Bosques y matorrales",2024,13.5702702665529
"10210","Macrocystis",2017,0.213661883703097
"10210","Macrocystis",2018,0.209883972203435
"10210","Macrocystis",2019,0.206172860710644
"10210","Macrocystis",2020,0.202527368085111
"10210","Macrocystis",2021,0.198946334071819
"10210","Macrocystis",2022,0.0124317309106523
"10210","Macrocystis",2023,0.14908916424068
"10210","Macrocystis",2024,0.112921555771759
"10210","Marismas y humedales",2017,0.0217555290936416
"10210","Marismas y humedales",2018,0.0222735178815854
"10210","Marismas y humedales",2019,0.0227915066695293
"10210","Marismas y humedales",2020,0.0207195515177539
"10210","Marismas y humedales",2021,0.0207195515177539
"10210","Marismas y humedales",2022,0.0302547736958222
"10210","Marismas y humedales",2023,0.0154656652400377
"10210","Marismas y humedales",2024,0.088058093950454
"10210","Playas y dunas",2017,0.0290073721248554
"10210","Playas y dunas",2018,0.0326332936404624
"10210","Playas y dunas",2019,0.0362592151560693
"10210","Playas y dunas",2020,0.0227915066695293
"10210","Playas y dunas",2021,0.0227915066695293
"10210","Playas y dunas",2022,0.00310793272766308
"10210","Playas y dunas",2023,0.020941546712587
"10210","Playas y dunas",2024,0.298361541855656
"10303","Bosques y matorrales",2017,6.78426440316891
"10303","Bosques y matorrales",2018,6.79955026536257
"10303","Bosques y matorrales",2019,6.81483612755623
"10303","Bosques y matorrales",2020,6.8228113600051
"10303","Bosques y matorrales",2021,5.99148832045423
"10303","Bosques y matorrales",2022,0.175455113875058
"10303","Bosques y matorrales",2023,3.91384532428112
"10303","Bosques y matorrales",2024,10.6296556489306
"10303","Macrocystis",2017,0.0170913634665147
"10303","Macrocystis",2018,0.0167891586115077
"10303","Macrocystis",2019,0.016492297260813
"10303","Macrocystis",2020,0.0162006849320363
"10303","Macrocystis",2021,0.0159142288133952
"10303","Macrocystis",2022,0.015711949158908
"10303","Macrocystis",2023,0.011783961869181
"10303","Macrocystis",2024,0
"10303","Marismas y humedales",2017,0.00398761622443314
"10303","Marismas y humedales",2018,0.0219318892343823
"10303","Marismas y humedales",2019,0.0398761622443314
"10303","Marismas y humedales",2020,0.010633643265155
"10303","Marismas y humedales",2021,0.010633643265155
"10303","Marismas y humedales",2022,0.179442730099491
"10303","Marismas y humedales",2023,0.0380722406189926
"10303","Marismas y humedales",2024,0.0624726541827858
"10303","Playas y dunas",2017,0.0119628486732994
"10303","Playas y dunas",2018,0.0166150676018047
"10303","Playas y dunas",2019,0.0212672865303101
"10303","Playas y dunas",2020,0.0159504648977325
"10303","Playas y dunas",2021,0.0159504648977325
"10303","Playas y dunas",2022,19.0887188663614
"10303","Playas y dunas",2023,2.73863785699462
"10303","Playas y dunas",2024,1.09127764008654
"10305","Bosques y matorrales",2017,6.27067598438539
"10305","Bosques y matorrales",2018,6.33349525635815
"10305","Bosques y matorrales",2019,6.39631452833091
"10305","Bosques y matorrales",2020,6.45819619922945
"10305","Bosques y matorrales",2021,0.012188813964864
"10305","Bosques y matorrales",2022,5.52231724943119
"10305","Bosques y matorrales",2023,3.6386958260384
"10305","Bosques y matorrales",2024,9.54665413771114
"10305","Macrocystis",2017,0.0111244911835884
"10305","Macrocystis",2018,0.0109277909465505
"10305","Macrocystis",2019,0.0107345687097746
"10305","Macrocystis",2020,0.0105447629762029
"10305","Macrocystis",2021,0.0103583133361522
"10305","Macrocystis",2022,0.0194811432404392
"10305","Macrocystis",2023,0.00766998959318124
"10305","Macrocystis",2024,0.0750080859376243
"10305","Marismas y humedales",2017,0.0262528300781685
"10305","Marismas y humedales",2018,0.0178144204101858
"10305","Marismas y humedales",2019,0.00937601074220304
"10305","Marismas y humedales",2020,0.0262528300781685
"10305","Marismas y humedales",2021,0.0131264150390843
"10305","Marismas y humedales",2022,0.0376571206952155
"10305","Marismas y humedales",2023,0.0132603580496872
"10305","Marismas y humedales",2024,0.157516980469011
"10305","Playas y dunas",2017,0.043129649414134
"10305","Playas y dunas",2018,0.0403168461914731
"10305","Playas y dunas",2019,0.0375040429688122
"10305","Playas y dunas",2020,0.043129649414134
"10305","Playas y dunas",2021,0.021564824707067
"10305","Playas y dunas",2022,0.794856094349213
"10305","Playas y dunas",2023,0.0265207160993743
"10305","Playas y dunas",2024,5.35182693164949
"10306","Bosques y matorrales",2017,6.50192230203408
"10306","Bosques y matorrales",2018,6.68521688985475
"10306","Bosques y matorrales",2019,6.86851147767541
"10306","Bosques y matorrales",2020,6.83708954833472
"10306","Bosques y matorrales",2021,0.00322276198366002
"10306","Bosques y matorrales",2022,5.77339722443192
"10306","Bosques y matorrales",2023,3.84228042569752
"10306","Bosques y matorrales",2024,9.67553716544328
"10306","Macrocystis",2017,0.0154479897511239
"10306","Macrocystis",2018,0.015174842584601
"10306","Macrocystis",2019,0.0149065251322211
"10306","Macrocystis",2020,0.0146429519962879
"10306","Macrocystis",2021,0.0143840392890843
"10306","Macrocystis",2022,0.0272503872404205
"10306","Macrocystis",2023,0.0106509069647598
"10306","Macrocystis",2024,0.105545454964866
"10306","Marismas y humedales",2017,0.0322276198366002
"10306","Marismas y humedales",2018,0.0225593338856201
"10306","Marismas y humedales",2019,0.0128910479346401
"10306","Marismas y humedales",2020,0.00161138099183001
"10306","Marismas y humedales",2021,0.00161138099183001
"10306","Marismas y humedales",2022,0.0303367135706772
"10306","Marismas y humedales",2023,0.0101286805200743
"10306","Marismas y humedales",2024,0.131327550834146
"10306","Playas y dunas",2017,0.0386731438039202
"10306","Playas y dunas",2018,0.0394788342998352
"10306","Playas y dunas",2019,0.0402845247957502
"10306","Playas y dunas",2020,0.0443129772753252
"10306","Playas y dunas",2021,0.0443129772753252
"10306","Playas y dunas",2022,0.759733252321485
"10306","Playas y dunas",2023,0.029580351064308
"10306","Playas y dunas",2024,5.08148995773593
"10401","Bosques y matorrales",2017,8.23771337166008
"10401","Bosques y matorrales",2018,8.70063806709229
"10401","Bosques y matorrales",2019,9.16356276252451
"10401","Bosques y matorrales",2020,8.23771337166008
"10401","Bosques y matorrales",2021,0.0124529450233228
"10401","Bosques y matorrales",2022,1.60480561083168
"10401","Bosques y matorrales",2023,5.13669801839885
"10401","Bosques y matorrales",2024,17.4128266918874
"10401","Macrocystis",2017,0.0590340060131987
"10401","Macrocystis",2018,0.0579901827241638
"10401","Macrocystis",2019,0.0569648160355244
"10401","Macrocystis",2020,0.0559575796026762
"10401","Macrocystis",2021,0.0549681528513519
"10401","Macrocystis",2022,0.0422317266008338
"10401","Macrocystis",2023,0.0467352091182498
"10401","Macrocystis",2024,0.290388239746759
"10401","Marismas y humedales",2017,0.0915020743018066
"10401","Marismas y humedales",2018,0.0883437186799493
"10401","Marismas y humedales",2019,0.0851853630580921
"10401","Marismas y humedales",2020,0.0915020743018066
"10401","Marismas y humedales",2021,0.0915020743018066
"10401","Marismas y humedales",2022,0.00108286478463676
"10401","Marismas y humedales",2023,0.0641597384897283
"10401","Marismas y humedales",2024,0.197983778124422
"10401","Playas y dunas",2017,0.178672689465066
"10401","Playas y dunas",2018,0.142577196643841
"10401","Playas y dunas",2019,0.106481703822615
"10401","Playas y dunas",2020,0.178672689465066
"10401","Playas y dunas",2021,0.178672689465066
"10401","Playas y dunas",2022,0.00433145913854706
"10401","Playas y dunas",2023,0.112772632571457
"10401","Playas y dunas",2024,2.93889502550418
"10403","Bosques y matorrales",2017,18.3638259580687
"10403","Bosques y matorrales",2018,19.6978031529234
"10403","Bosques y matorrales",2019,21.0317803477781
"10403","Bosques y matorrales",2020,19.5210035983361
"10403","Bosques y matorrales",2021,0.0239416063503603
"10403","Bosques y matorrales",2022,21.6284788445101
"10403","Bosques y matorrales",2023,14.323833358281
"10403","Bosques y matorrales",2024,33.1548275838528
"10403","Macrocystis",2017,0.023861318045029
"10403","Macrocystis",2018,0.0234394086886336
"10403","Macrocystis",2019,0.02302495941909
"10403","Macrocystis",2020,0.022617838329165
"10403","Macrocystis",2021,0.0222179158439735
"10403","Macrocystis",2022,0.0257832683773111
"10403","Macrocystis",2023,0.0201349583861718
"10403","Macrocystis",2024,0.668523315783138
"10403","Marismas y humedales",2017,0.0816470165281519
"10403","Marismas y humedales",2018,0.0715178753799225
"10403","Marismas y humedales",2019,0.0613887342316931
"10403","Marismas y humedales",2020,0.0883997772936381
"10403","Marismas y humedales",2021,0.0816470165281519
"10403","Marismas y humedales",2022,0.123391355805703
"10403","Marismas y humedales",2023,0.0725702536810372
"10403","Marismas y humedales",2024,0.273793754673351
"10403","Playas y dunas",2017,1.18541645801399
"10403","Playas y dunas",2018,0.638749779680767
"10403","Playas y dunas",2019,0.0920831013475397
"10403","Playas y dunas",2020,0.400868434532956
"10403","Playas y dunas",2021,1.18541645801399
"10403","Playas y dunas",2022,0.333340826878094
"10403","Playas y dunas",2023,0.547982151209621
"10403","Playas y dunas",2024,7.92774113868085
"11201","Bosques y matorrales",2017,25.2807859266683
"11201","Bosques y matorrales",2018,23.9675391510124
"11201","Bosques y matorrales",2019,22.6542923753566
"11201","Bosques y matorrales",2020,25.2888942651766
"11201","Bosques y matorrales",2021,0.00557448272447883
"11201","Bosques y matorrales",2022,14.0255607015589
"11201","Bosques y matorrales",2023,15.8889495574996
"11201","Bosques y matorrales",2024,28.6302189393829
"11201","Macrocystis",2017,0.0914650778529462
"11201","Macrocystis",2018,0.0898478171443481
"11201","Macrocystis",2019,0.0882591524011276
"11201","Macrocystis",2020,0.0866985779971782
"11201","Macrocystis",2021,0.0851655972467371
"11201","Macrocystis",2022,0.0722452961092457
"11201","Macrocystis",2023,0.073383074107369
"11201","Macrocystis",2024,0.35542901851277
"11201","Marismas y humedales",2017,1.92893318943984
"11201","Marismas y humedales",2018,1.45885226441925
"11201","Marismas y humedales",2019,0.988771339398649
"11201","Marismas y humedales",2020,1.93298735869401
"11201","Marismas y humedales",2021,0.966493679347005
"11201","Marismas y humedales",2022,0.08306992801787
"11201","Marismas y humedales",2023,1.0513011084738
"11201","Marismas y humedales",2024,0.160220768924657
"11201","Playas y dunas",2017,0.0756102565902038
"11201","Playas y dunas",2018,0.0553191394731008
"11201","Playas y dunas",2019,0.0350280223559979
"11201","Playas y dunas",2020,0.0796644258443702
"11201","Playas y dunas",2021,0.0398322129221851
"11201","Playas y dunas",2022,0.769521866133329
"11201","Playas y dunas",2023,0.150710846188455
"11201","Playas y dunas",2024,0.212195218763071
"11202","Bosques y matorrales",2017,20.2378132472145
"11202","Bosques y matorrales",2018,19.6042853552263
"11202","Bosques y matorrales",2019,18.9707574632382
"11202","Bosques y matorrales",2020,20.3320757278278
"11202","Bosques y matorrales",2021,16.1780223571508
"11202","Bosques y matorrales",2022,0.459391743958255
"11202","Bosques y matorrales",2023,11.3720462196379
"11202","Bosques y matorrales",2024,22.269786742953
"11202","Macrocystis",2017,0.0972787332486095
"11202","Macrocystis",2018,0.095558677061502
"11202","Macrocystis",2019,0.0938690344415543
"11202","Macrocystis",2020,0.0922092676243164
"11202","Macrocystis",2021,0.0905788483539456
"11202","Macrocystis",2022,0.00472625250985859
"11202","Macrocystis",2023,0.0677458304628266
"11202","Macrocystis",2024,0.260574055043537
"11202","Marismas y humedales",2017,0.697909953955786
"11202","Marismas y humedales",2018,0.557907851830419
"11202","Marismas y humedales",2019,0.417905749705052
"11202","Marismas y humedales",2020,0.565574883679745
"11202","Marismas y humedales",2021,0.713244017654438
"11202","Marismas y humedales",2022,0.000472625250985859
"11202","Marismas y humedales",2023,0.421859297439489
"11202","Marismas y humedales",2024,0.0197977466246299
"11202","Playas y dunas",2017,0.00756200401577375
"11202","Playas y dunas",2018,0.00782457359965478
"11202","Playas y dunas",2019,0.00808714318353581
"11202","Playas y dunas",2020,0.0134960766114851
"11202","Playas y dunas",2021,0.0189050100394344
"11202","Playas y dunas",2022,0.00141787575295758
"11202","Playas y dunas",2023,0.00818466902897734
"11202","Playas y dunas",2024,0.288143861351046
"11203","Bosques y matorrales",2017,6.26219450133422
"11203","Bosques y matorrales",2018,6.26219450133422
"11203","Bosques y matorrales",2019,6.26219450133422
"11203","Bosques y matorrales",2020,6.26219450133422
"11203","Bosques y matorrales",2021,6.26219450133422
"11203","Bosques y matorrales",2022,1.24340908991349
"11203","Bosques y matorrales",2023,0.177629869987642
"11203","Bosques y matorrales",2024,17.3655445441015
"11203","Macrocystis",2017,0.0863713296552894
"11203","Macrocystis",2018,0.0848441352213059
"11203","Macrocystis",2019,0.0833439442252513
"11203","Macrocystis",2020,0.0818702791996574
"11203","Macrocystis",2021,0.0804226711195065
"11203","Macrocystis",2022,0.0389944862517249
"11203","Macrocystis",2023,0.0651209779532479
"11203","Macrocystis",2024,0.441692262511677
"11203","Marismas y humedales",2017,0.00225394904060584
"11203","Marismas y humedales",2018,0.00225394904060584
"11203","Marismas y humedales",2019,0.00225394904060584
"11203","Marismas y humedales",2020,0.00225394904060584
"11203","Marismas y humedales",2021,0.00225394904060584
"11203","Marismas y humedales",2022,0.00441447014170471
"11203","Marismas y humedales",2023,0.000630638591672101
"11203","Marismas y humedales",2024,0.00171673838844072
"11203","Playas y dunas",2017,0.0225161334211817
"11203","Playas y dunas",2018,0.0225161334211817
"11203","Playas y dunas",2019,0.0225161334211817
"11203","Playas y dunas",2020,0.0225161334211817
"11203","Playas y dunas",2021,0.0225161334211817
"11203","Playas y dunas",2022,0.00588596018893961
"11203","Playas y dunas",2023,0.000840851455562802
"11203","Playas y dunas",2024,0.0608215886190427
"11303","Bosques y matorrales",2017,21.4484445238704
"11303","Bosques y matorrales",2018,10.7242222619352
"11303","Bosques y matorrales",2019,15.9260053769989
"11303","Bosques y matorrales",2020,21.1277884920626
"11303","Bosques y matorrales",2021,0.121502752546286
"11303","Bosques y matorrales",2022,10.7871341625054
"11303","Bosques y matorrales",2023,11.447871081417
"11303","Bosques y matorrales",2024,8.94324432729682
"11303","Macrocystis",2017,0.0626647816039531
"11303","Macrocystis",2018,0.0615567599252978
"11303","Macrocystis",2019,0.0604683299855575
"11303","Macrocystis",2020,0.0593991453689169
"11303","Macrocystis",2021,0.058348865784791
"11303","Macrocystis",2022,0.0373492616101786
"11303","Macrocystis",2023,0.0485410206112421
"11303","Macrocystis",2024,2.4333920983548
"11303","Marismas y humedales",2017,6.46873809330929
"11303","Marismas y humedales",2018,3.23436904665464
"11303","Marismas y humedales",2019,3.97756801350598
"11303","Marismas y humedales",2020,4.72076698035732
"11303","Marismas y humedales",2021,4.72076698035732
"11303","Marismas y humedales",2022,0.0825277498809101
"11303","Marismas y humedales",2023,3.31496240915221
"11303","Marismas y humedales",2024,0.217164778846812
"11303","Playas y dunas",2017,0.0476170998535267
"11303","Playas y dunas",2018,0.0238085499267633
"11303","Playas y dunas",2019,0.103416383307221
"11303","Playas y dunas",2020,0.183024216687679
"11303","Playas y dunas",2021,0.183024216687679
"11303","Playas y dunas",2022,0.186746308050893
"11303","Playas y dunas",2023,0.103948110644823
"11303","Playas y dunas",2024,1.34239150233972
"12101","Bosques y matorrales",2017,10.2997218452016
"12101","Bosques y matorrales",2018,8.27326285880714
"12101","Bosques y matorrales",2019,6.6676251705524
"12101","Bosques y matorrales",2020,5.06198748229766
"12101","Bosques y matorrales",2021,0.0206507556804406
"12101","Bosques y matorrales",2022,7.14467237392798
"12101","Bosques y matorrales",2023,4.3318925875056
"12101","Bosques y matorrales",2024,15.357565917451
"12101","Macrocystis",2017,0.287643762359395
"12101","Macrocystis",2018,0.282557723339288
"12101","Macrocystis",2019,0.277561614282209
"12101","Macrocystis",2020,0.272653845070932
"12101","Macrocystis",2021,0.267832853704255
"12101","Macrocystis",2022,0.893884105908464
"12101","Macrocystis",2023,0.198321399822297
"12101","Macrocystis",2024,4.67061754278087
"12101","Marismas y humedales",2017,6.33325197965923
"12101","Marismas y humedales",2018,3.70344619567991
"12101","Marismas y humedales",2019,3.35619528635681
"12101","Marismas y humedales",2020,3.0089443770337
"12101","Marismas y humedales",2021,3.0089443770337
"12101","Marismas y humedales",2022,3.2034052650807
"12101","Marismas y humedales",2023,2.77296888796619
"12101","Marismas y humedales",2024,0.240085751835363
"12101","Playas y dunas",2017,0.215722500751697
"12101","Playas y dunas",2018,0.955172031601246
"12101","Playas y dunas",2019,0.558034465297299
"12101","Playas y dunas",2020,0.160896898993353
"12101","Playas y dunas",2021,0.160896898993353
"12101","Playas y dunas",2022,0.623860905293116
"12101","Playas y dunas",2023,0.292960399376707
"12101","Playas y dunas",2024,2.02334314203816
"12102","Bosques y matorrales",2017,2.95798891823744
"12102","Bosques y matorrales",2018,3.29285558822659
"12102","Bosques y matorrales",2019,3.62772225821573
"12102","Bosques y matorrales",2020,3.35982892222442
"12102","Bosques y matorrales",2021,3.18575140726974
"12102","Bosques y matorrales",2022,3.18575140726974
"12102","Bosques y matorrales",2023,1.89119938384345
"12102","Bosques y matorrales",2024,3.98491337287082
"12102","Macrocystis",2017,0.213172824709655
"12102","Macrocystis",2018,0.209403560618522
"12102","Macrocystis",2019,0.205700943633126
"12102","Macrocystis",2020,0.202063795317412
"12102","Macrocystis",2021,0.198490958072114
"12102","Macrocystis",2022,0.342581634225087
"12102","Macrocystis",2023,0.146976011764404
"12102","Macrocystis",2024,1.22226334546038
"12102","Marismas y humedales",2017,0.837166674972861
"12102","Marismas y humedales",2018,0.586016672481003
"12102","Marismas y humedales",2019,0.334866669989145
"12102","Marismas y humedales",2020,0.686476673477746
"12102","Marismas y humedales",2021,0.837166674972861
"12102","Marismas y humedales",2022,0.545354291125178
"12102","Marismas y humedales",2023,0.468813337984802
"12102","Marismas y humedales",2024,0.0669733339978289
"12102","Playas y dunas",2017,0.398650797606124
"12102","Playas y dunas",2018,0.0837166674972861
"12102","Playas y dunas",2019,0.167433334994572
"12102","Playas y dunas",2020,0.189757779660515
"12102","Playas y dunas",2021,0.558111116648574
"12102","Playas y dunas",2022,0.398650797606124
"12102","Playas y dunas",2023,0.142716985542993
"12102","Playas y dunas",2024,1.25016890129281
"12103","Bosques y matorrales",2017,17.0344550337446
"12103","Bosques y matorrales",2018,17.3115235563972
"12103","Bosques y matorrales",2019,14.2774834342405
"12103","Bosques y matorrales",2020,11.2434433120838
"12103","Bosques y matorrales",2021,0.0319540823818504
"12103","Bosques y matorrales",2022,14.2215746588078
"12103","Bosques y matorrales",2023,8.55697991697828
"12103","Bosques y matorrales",2024,31.0951832758282
"12103","Macrocystis",2017,0.085177779667035
"12103","Macrocystis",2018,0.0836716892603487
"12103","Macrocystis",2019,0.0821922291359025
"12103","Macrocystis",2020,0.0807389284242657
"12103","Macrocystis",2021,0.0793113245817934
"12103","Macrocystis",2022,0.666370219618298
"12103","Macrocystis",2023,0.058727421581335
"12103","Macrocystis",2024,4.19477216467741
"12103","Marismas y humedales",2017,6.49386839205154
"12103","Marismas y humedales",2018,4.52443178125016
"12103","Marismas y humedales",2019,3.48925265408813
"12103","Marismas y humedales",2020,2.45407352692611
"12103","Marismas y humedales",2021,2.45407352692611
"12103","Marismas y humedales",2022,3.19189763661723
"12103","Marismas y humedales",2023,2.77367141160601
"12103","Marismas y humedales",2024,0.153912163472579
"12103","Playas y dunas",2017,0.062576744664457
"12103","Playas y dunas",2018,0.159770411909252
"12103","Playas y dunas",2019,0.106713320954388
"12103","Playas y dunas",2020,0.0536562299995237
"12103","Playas y dunas",2021,0.0536562299995237
"12103","Playas y dunas",2022,0.380704632867437
"12103","Playas y dunas",2023,0.0623389910753063
"12103","Playas y dunas",2024,2.16622050146961
"12104","Bosques y matorrales",2017,1.43618334978603
"12104","Bosques y matorrales",2018,1.43618334978603
"12104","Bosques y matorrales",2019,0.885539693559791
"12104","Bosques y matorrales",2020,1.43618334978603
"12104","Bosques y matorrales",2021,1.43618334978603
"12104","Bosques y matorrales",2022,1.43618334978603
"12104","Bosques y matorrales",2023,0.126505670508542
"12104","Bosques y matorrales",2024,3.29650468528974
"12104","Macrocystis",2017,0.09601901909417
"12104","Macrocystis",2018,0.094321236831208
"12104","Macrocystis",2019,0.0926534742939178
"12104","Macrocystis",2020,0.0910152006816481
"12104","Macrocystis",2021,0.0894058945792219
"12104","Macrocystis",2022,0.0994892470318767
"12104","Macrocystis",2023,0.066202117925738
"12104","Macrocystis",2024,0.166807785817233
"12104","Marismas y humedales",2017,0.0426677214307416
"12104","Marismas y humedales",2018,0.0426677214307416
"12104","Marismas y humedales",2019,0.0473989336748422
"12104","Marismas y humedales",2020,0.0426677214307416
"12104","Marismas y humedales",2021,0.0426677214307416
"12104","Marismas y humedales",2022,0.0426677214307416
"12104","Marismas y humedales",2023,0.00677127623926317
"12104","Marismas y humedales",2024,0.0738329543781195
"12104","Playas y dunas",2017,5.04829027568912
"12104","Playas y dunas",2018,5.04829027568912
"12104","Playas y dunas",2019,0.0510450054959839
"12104","Playas y dunas",2020,5.04829027568912
"12104","Playas y dunas",2021,5.04829027568912
"12104","Playas y dunas",2022,5.04829027568912
"12104","Playas y dunas",2023,0.00729214364228341
"12104","Playas y dunas",2024,15.0865336779291
"12201","Bosques y matorrales",2017,6.42047320740006
"12201","Bosques y matorrales",2018,5.71629227497553
"12201","Bosques y matorrales",2019,5.01211134255101
"12201","Bosques y matorrales",2020,6.16408278677084
"12201","Bosques y matorrales",2021,0.0128552300036931
"12201","Bosques y matorrales",2022,4.76437036375104
"12201","Bosques y matorrales",2023,3.33225926310016
"12201","Bosques y matorrales",2024,6.69251844145599
"12201","Macrocystis",2017,0.533336198308337
"12201","Macrocystis",2018,0.523905892247873
"12201","Macrocystis",2019,0.51464233030243
"12201","Macrocystis",2020,0.505542564147771
"12201","Macrocystis",2021,0.496603697591131
"12201","Macrocystis",2022,0.78150227559363
"12201","Macrocystis",2023,0.367718668942506
"12201","Macrocystis",2024,2.52876657761536
"12201","Marismas y humedales",2017,3.5423300454621
"12201","Marismas y humedales",2018,2.47707426941163
"12201","Marismas y humedales",2019,1.41181849336115
"12201","Marismas y humedales",2020,3.14564621472592
"12201","Marismas y humedales",2021,3.5451867632407
"12201","Marismas y humedales",2022,2.3186643130575
"12201","Marismas y humedales",2023,2.01743654088593
"12201","Marismas y humedales",2024,0.0911578643150771
"12201","Playas y dunas",2017,0.132780242349257
"12201","Playas y dunas",2018,0.112340426643385
"12201","Playas y dunas",2019,0.0919006109375127
"12201","Playas y dunas",2020,0.148463622953762
"12201","Playas y dunas",2021,0.135636960127855
"12201","Playas y dunas",2022,0.266791205357824
"12201","Playas y dunas",2023,0.0887316947159674
"12201","Playas y dunas",2024,1.15768487977703
"12301","Bosques y matorrales",2017,2.14234562027884
"12301","Bosques y matorrales",2018,2.55598642333098
"12301","Bosques y matorrales",2019,2.96962722638312
"12301","Bosques y matorrales",2020,2.38144816831058
"12301","Bosques y matorrales",2021,0.0488773164484767
"12301","Bosques y matorrales",2022,30.4736857970725
"12301","Bosques y matorrales",2023,5.79599579311779
"12301","Bosques y matorrales",2024,1.7496758280002
"12301","Macrocystis",2017,0.109804438790775
"12301","Macrocystis",2018,0.107862906474238
"12301","Macrocystis",2019,0.105955703805735
"12301","Macrocystis",2020,0.104082223777736
"12301","Macrocystis",2021,0.102241870115654
"12301","Macrocystis",2022,0.0663806797712419
"12301","Macrocystis",2023,0.0851896889621971
"12301","Macrocystis",2024,0.61658074195477
"12301","Marismas y humedales",2017,0.892341277322864
"12301","Marismas y humedales",2018,0.852380768604853
"12301","Marismas y humedales",2019,0.812420259886842
"12301","Marismas y humedales",2020,0.406210129943421
"12301","Marismas y humedales",2021,0.892341277322864
"12301","Marismas y humedales",2022,0.360635334876598
"12301","Marismas y humedales",2023,0.602332721136777
"12301","Marismas y humedales",2024,0.0439235343759959
"12301","Playas y dunas",2017,0.162814304115534
"12301","Playas y dunas",2018,0.138871024098543
"12301","Playas y dunas",2019,0.114927744081553
"12301","Playas y dunas",2020,0.119221021877703
"12301","Playas y dunas",2021,0.162814304115534
"12301","Playas y dunas",2022,4.6050358145781
"12301","Playas y dunas",2023,0.757669173266709
"12301","Playas y dunas",2024,5.79526452052614
"12302","Bosques y matorrales",2017,0.706764483531253
"12302","Bosques y matorrales",2018,0.887067956218781
"12302","Bosques y matorrales",2019,1.06737142890631
"12302","Bosques y matorrales",2020,0.706764483531253
"12302","Bosques y matorrales",2021,0.138211721223889
"12302","Bosques y matorrales",2022,0.341131657384418
"12302","Bosques y matorrales",2023,0.549615961542272
"12302","Bosques y matorrales",2024,1.05292202168745
"12302","Macrocystis",2017,0.0498720650810487
"12302","Macrocystis",2018,0.0489902407475922
"12302","Macrocystis",2019,0.0481240085929195
"12302","Macrocystis",2020,0.0472730929203532
"12302","Macrocystis",2021,0.0464372229080089
"12302","Macrocystis",2022,0.00565411586825002
"12302","Macrocystis",2023,0.0351929637311675
"12302","Macrocystis",2024,0.0659646851295836
"12302","Marismas y humedales",2017,0.992611452426115
"12302","Marismas y humedales",2018,0.521435130071947
"12302","Marismas y humedales",2019,0.050258807717778
"12302","Marismas y humedales",2020,0.992611452426115
"12302","Marismas y humedales",2021,0.496305726213058
"12302","Marismas y humedales",2022,0.00848117380237504
"12302","Marismas y humedales",2023,0.437386248951055
"12302","Marismas y humedales",2024,0.055912923586028
"12302","Playas y dunas",2017,0.694199781601809
"12302","Playas y dunas",2018,0.57609158346503
"12302","Playas y dunas",2019,0.457983385328252
"12302","Playas y dunas",2020,0.72561153642542
"12302","Playas y dunas",2021,0.36280576821271
"12302","Playas y dunas",2022,4.29712805987002
"12302","Playas y dunas",2023,1.01626001641475
"12302","Playas y dunas",2024,3.62554474174121
"12303","Bosques y matorrales",2017,13.3490595204697
"12303","Bosques y matorrales",2018,11.8663979394123
"12303","Bosques y matorrales",2019,10.3837363583549
"12303","Bosques y matorrales",2020,11.0567838823815
"12303","Bosques y matorrales",2021,0.0676451051328895
"12303","Bosques y matorrales",2022,12.95276131021
"12303","Bosques y matorrales",2023,8.52519773085162
"12303","Bosques y matorrales",2024,10.7428084887459
"12303","Macrocystis",2017,0.225386057189389
"12303","Macrocystis",2018,0.221400842032799
"12303","Macrocystis",2019,0.217486092370137
"12303","Macrocystis",2020,0.213640562249643
"12303","Macrocystis",2021,0.209863027750141
"12303","Macrocystis",2022,0.0287172616130191
"12303","Macrocystis",2023,0.159499120457876
"12303","Macrocystis",2024,4.8836362378644
"12303","Marismas y humedales",2017,3.59284850847328
"12303","Marismas y humedales",2018,2.53775504476532
"12303","Marismas y humedales",2019,1.48266158105736
"12303","Marismas y humedales",2020,2.6056128703546
"12303","Marismas y humedales",2021,2.6056128703546
"12303","Marismas y humedales",2022,0.130823080681532
"12303","Marismas y humedales",2023,1.85075913652667
"12303","Marismas y humedales",2024,0.213784058674698
"12303","Playas y dunas",2017,0.0653051801125695
"12303","Playas y dunas",2018,0.0549882379775218
"12303","Playas y dunas",2019,0.0446712958424742
"12303","Playas y dunas",2020,0.0414804889965832
"12303","Playas y dunas",2021,0.0414804889965832
"12303","Playas y dunas",2022,0.679641858174786
"12303","Playas y dunas",2023,0.13250965001436
"12303","Playas y dunas",2024,4.08019107406904
"12401","Bosques y matorrales",2017,16.9937896904944
"12401","Bosques y matorrales",2018,16.2998554766288
"12401","Bosques y matorrales",2019,15.6059212627633
"12401","Bosques y matorrales",2020,11.3456104746048
"12401","Bosques y matorrales",2021,0.0221279926822673
"12401","Bosques y matorrales",2022,11.9904834042023
"12401","Bosques y matorrales",2023,10.3225411859108
"12401","Bosques y matorrales",2024,22.6840811289106
"12401","Macrocystis",2017,0.231203338907443
"12401","Macrocystis",2018,0.227115264152694
"12401","Macrocystis",2019,0.2230994736274
"12401","Macrocystis",2020,0.219154689221416
"12401","Macrocystis",2021,0.215279655423788
"12401","Macrocystis",2022,0.016459738399125
"12401","Macrocystis",2023,0.161758879961695
"12401","Macrocystis",2024,4.95776040972849
"12401","Marismas y humedales",2017,9.95487158476879
"12401","Marismas y humedales",2018,8.76989759240353
"12401","Marismas y humedales",2019,7.58492360003827
"12401","Marismas y humedales",2020,3.05122854760821
"12401","Marismas y humedales",2021,9.95668833293646
"12401","Marismas y humedales",2022,0.177568965908441
"12401","Marismas y humedales",2023,5.6421683748091
"12401","Marismas y humedales",2024,0.17222772629548
"12401","Playas y dunas",2017,0.141470179816762
"12401","Playas y dunas",2018,0.173762878497164
"12401","Playas y dunas",2019,0.206055577177567
"12401","Playas y dunas",2020,0.134221354627743
"12401","Playas y dunas",2021,0.143286927984435
"12401","Playas y dunas",2022,1.3324757760987
"12401","Playas y dunas",2023,0.304467527743196
"12401","Playas y dunas",2024,2.28692259346783
"12402","Bosques y matorrales",2017,18.6136001681446
"12402","Bosques y matorrales",2018,19.3708575666882
"12402","Bosques y matorrales",2019,20.1281149652318
"12402","Bosques y matorrales",2020,2.57254203561568
"12402","Bosques y matorrales",2021,15.7079867697088
"12402","Bosques y matorrales",2022,15.7079867697088
"12402","Bosques y matorrales",2023,8.6693021050972
"12402","Bosques y matorrales",2024,24.8935037774751
"12402","Macrocystis",2017,0.0361470790576411
"12402","Macrocystis",2018,0.0355079362059343
"12402","Macrocystis",2019,0.034880094504847
"12402","Macrocystis",2020,0.034263354130498
"12402","Macrocystis",2021,0.0336575187922378
"12402","Macrocystis",2022,1.47778489814062
"12402","Macrocystis",2023,0.024922283241594
"12402","Macrocystis",2024,10.1451160210516
"12402","Marismas y humedales",2017,2.54267836356044
"12402","Marismas y humedales",2018,2.10112264102939
"12402","Marismas y humedales",2019,1.65956691849834
"12402","Marismas y humedales",2020,0.524747380399219
"12402","Marismas y humedales",2021,0.524747380399219
"12402","Marismas y humedales",2022,1.22850266093131
"12402","Marismas y humedales",2023,1.05040895484094
"12402","Marismas y humedales",2024,0.196246987791578
"12402","Playas y dunas",2017,0.0725260607055831
"12402","Playas y dunas",2018,0.100256613328306
"12402","Playas y dunas",2019,0.127987165951029
"12402","Playas y dunas",2020,0.0127987165951029
"12402","Playas y dunas",2021,0.0127987165951029
"12402","Playas y dunas",2022,0.123982125383854
"12402","Playas y dunas",2023,0.0466238961678748
"12402","Playas y dunas",2024,0.494883708343979
"14101","Bosques y matorrales",2017,7.3182887449069
"14101","Bosques y matorrales",2018,7.35075800438468
"14101","Bosques y matorrales",2019,7.38322726386247
"14101","Bosques y matorrales",2020,7.3182887449069
"14101","Bosques y matorrales",2021,0.0324692594777891
"14101","Bosques y matorrales",2022,0.152464348852227
"14101","Bosques y matorrales",2023,4.22221376662728
"14101","Bosques y matorrales",2024,8.75822981740015
"14101","Macrocystis",2017,0.0203609188484792
"14101","Macrocystis",2018,0.0200009026016494
"14101","Macrocystis",2019,0.0196472520644887
"14101","Macrocystis",2020,0.0192998546802443
"14101","Macrocystis",2021,0.0189585998823618
"14101","Macrocystis",2022,0.0269339886857262
"14101","Macrocystis",2023,0.0140382182967462
"14101","Macrocystis",2024,0.0762321744261135
"14101","Marismas y humedales",2017,0.0268224317425214
"14101","Marismas y humedales",2018,0.0268224317425214
"14101","Marismas y humedales",2019,0.0268224317425214
"14101","Marismas y humedales",2020,0.0423512080145075
"14101","Marismas y humedales",2021,0.0423512080145075
"14101","Marismas y humedales",2022,0.084702416029015
"14101","Marismas y humedales",2023,0.0356960181836563
"14101","Marismas y humedales",2024,0.0536448634850428
"14101","Playas y dunas",2017,0.0522331565512259
"14101","Playas y dunas",2018,0.0487038892166836
"14101","Playas y dunas",2019,0.0451746218821413
"14101","Playas y dunas",2020,0.0536448634850428
"14101","Playas y dunas",2021,0.0536448634850428
"14101","Playas y dunas",2022,14.8525686506878
"14101","Playas y dunas",2023,2.15799572075827
"14101","Playas y dunas",2024,6.64208112360859
"14102","Bosques y matorrales",2017,13.4252744078819
"14102","Bosques y matorrales",2018,13.425947219068
"14102","Bosques y matorrales",2019,13.4266200302542
"14102","Bosques y matorrales",2020,13.343191443175
"14102","Bosques y matorrales",2021,0.110341034524037
"14102","Bosques y matorrales",2022,1.35638735122231
"14102","Bosques y matorrales",2023,7.86968021230365
"14102","Bosques y matorrales",2024,16.9561875126511
"14102","Macrocystis",2017,0.069483537485215
"14102","Macrocystis",2018,0.0682549484137671
"14102","Macrocystis",2019,0.0670480829211858
"14102","Macrocystis",2020,0.0658625568970391
"14102","Macrocystis",2021,0.0646979930226317
"14102","Macrocystis",2022,0.0906978905140116
"14102","Macrocystis",2023,0.0479067312485484
"14102","Macrocystis",2024,0.251631383609694
"14102","Marismas y humedales",2017,0.0888110765681274
"14102","Marismas y humedales",2018,0.102940111476693
"14102","Marismas y humedales",2019,0.117069146385259
"14102","Marismas y humedales",2020,0.119760391129748
"14102","Marismas y humedales",2021,0.122451635874236
"14102","Marismas y humedales",2022,0.0972692743365205
"14102","Marismas y humedales",2023,0.0787189087762948
"14102","Marismas y humedales",2024,0.0511336501452855
"14102","Playas y dunas",2017,0.0632442514954847
"14102","Playas y dunas",2018,0.0618986291232403
"14102","Playas y dunas",2019,0.060553006750996
"14102","Playas y dunas",2020,0.0780460975901726
"14102","Playas y dunas",2021,0.0955391884293492
"14102","Playas y dunas",2022,0.0282580698171314
"14102","Playas y dunas",2023,0.055362749029482
"14102","Playas y dunas",2024,1.21240575739216
"14106","Bosques y matorrales",2017,6.24420994091925
"14106","Bosques y matorrales",2018,6.44064422087331
"14106","Bosques y matorrales",2019,6.63707850082738
"14106","Bosques y matorrales",2020,6.24420994091925
"14106","Bosques y matorrales",2021,0.0208435088054153
"14106","Bosques y matorrales",2022,3.02420364122207
"14106","Bosques y matorrales",2023,4.08731282193809
"14106","Bosques y matorrales",2024,6.04335431061252
"14106","Macrocystis",2017,0.0101324606578084
"14106","Macrocystis",2018,0.00995330123556815
"14106","Macrocystis",2019,0.0097773096616583
"14106","Macrocystis",2020,0.00960442992304352
"14106","Macrocystis",2021,0.00943460699709579
"14106","Macrocystis",2022,0.0113691866211356
"14106","Macrocystis",2023,0.00861018501375854
"14106","Macrocystis",2024,0.0303178309896949
"14106","Marismas y humedales",2017,0.113691866211356
"14106","Marismas y humedales",2018,0.0928483574059407
"14106","Marismas y humedales",2019,0.0720048486005254
"14106","Marismas y humedales",2020,0.113691866211356
"14106","Marismas y humedales",2021,0.056845933105678
"14106","Marismas y humedales",2022,0.0956970991783567
"14106","Marismas y humedales",2023,0.0641546959335508
"14106","Marismas y humedales",2024,0.15664212678009
"14106","Playas y dunas",2017,0.138956725369435
"14106","Playas y dunas",2018,0.131377267622011
"14106","Playas y dunas",2019,0.123797809874588
"14106","Playas y dunas",2020,0.138956725369435
"14106","Playas y dunas",2021,0.0694783626847175
"14106","Playas y dunas",2022,0.00378972887371186
"14106","Playas y dunas",2023,0.0866223742562712
"14106","Playas y dunas",2024,6.72929523675437
"14201","Bosques y matorrales",2017,8.0185977238594
"14201","Bosques y matorrales",2018,8.14631234463222
"14201","Bosques y matorrales",2019,8.27402696540505
"14201","Bosques y matorrales",2020,8.23171660024104
"14201","Bosques y matorrales",2021,0.0807031039239318
"14201","Bosques y matorrales",2022,0.249161039299129
"14201","Bosques y matorrales",2023,4.71435968248011
"14201","Bosques y matorrales",2024,9.69064067311834
"14201","Macrocystis",2017,0.0191026549704407
"14201","Macrocystis",2018,0.0187648870043622
"14201","Macrocystis",2019,0.0184330913598843
"14201","Macrocystis",2020,0.0181071624360356
"14201","Macrocystis",2021,0.0177869964990527
"14201","Macrocystis",2022,0.0280363442077526
"14201","Macrocystis",2023,0.0131706846099679
"14201","Macrocystis",2024,0.0908889325745251
"14201","Marismas y humedales",2017,0.0141034550546677
"14201","Marismas y humedales",2018,0.0148869803354826
"14201","Marismas y humedales",2019,0.0156705056162974
"14201","Marismas y humedales",2020,0.0172375561779272
"14201","Marismas y humedales",2021,0.0141034550546677
"14201","Marismas y humedales",2022,0.0287505807123498
"14201","Marismas y humedales",2023,0.0108574217484347
"14201","Marismas y humedales",2024,0.114394690998971
"14201","Playas y dunas",2017,0.266398595477056
"14201","Playas y dunas",2018,0.282069101093354
"14201","Playas y dunas",2019,0.297739606709651
"14201","Playas y dunas",2020,0.167674410094383
"14201","Playas y dunas",2021,0.266398595477056
"14201","Playas y dunas",2022,0.0329080617942246
"14201","Playas y dunas",2023,0.187598338663675
"14201","Playas y dunas",2024,1.70024985936827
"15101","Bosques y matorrales",2017,0.0363814002658924
"15101","Bosques y matorrales",2018,0.0801938950541799
"15101","Bosques y matorrales",2019,0.137010805256659
"15101","Bosques y matorrales",2020,0.0708276196665778
"15101","Bosques y matorrales",2021,0.207451388750195
"15101","Bosques y matorrales",2022,1.82061815798679
"15101","Bosques y matorrales",2023,0.336069038140042
"15101","Bosques y matorrales",2024,0.034059183227644
"15101","Macrocystis",2017,0.00113052116696725
"15101","Macrocystis",2018,0.00111053159819965
"15101","Macrocystis",2019,0.00109089547956744
"15101","Macrocystis",2020,0.00107160656146114
"15101","Macrocystis",2021,0.00105265870477519
"15101","Macrocystis",2022,0.00464443407649691
"15101","Macrocystis",2023,0.00144294965535251
"15101","Macrocystis",2024,0
"15101","Marismas y humedales",2017,0.828257410308615
"15101","Marismas y humedales",2018,0.0402517619963065
"15101","Marismas y humedales",2019,0.123851575373251
"15101","Marismas y humedales",2020,0.042573979034555
"15101","Marismas y humedales",2021,0.08514795806911
"15101","Marismas y humedales",2022,0.0487665578032175
"15101","Marismas y humedales",2023,0.166978463226436
"15101","Marismas y humedales",2024,0
"15101","Playas y dunas",2017,7.22983571241352
"15101","Playas y dunas",2018,7.27937634256282
"15101","Playas y dunas",2019,6.94342894436288
"15101","Playas y dunas",2020,7.98610439453643
"15101","Playas y dunas",2021,7.09824341357944
"15101","Playas y dunas",2022,0.12075528598892
"15101","Playas y dunas",2023,5.23682058477771
"15101","Playas y dunas",2024,7.7802011504784
"15102","Bosques y matorrales",2017,0.0982014170230126
"15102","Bosques y matorrales",2018,0.0657679214924764
"15102","Bosques y matorrales",2019,0.037839078118959
"15102","Bosques y matorrales",2020,0.0648669910610726
"15102","Bosques y matorrales",2021,0.0369381476875552
"15102","Bosques y matorrales",2022,0.867596005441845
"15102","Bosques y matorrales",2023,0.167315651546417
"15102","Bosques y matorrales",2024,0.0450465215701893
"15102","Macrocystis",2017,0.000376593982919246
"15102","Macrocystis",2018,0.00036993515021537
"15102","Macrocystis",2019,0.000363394057186022
"15102","Macrocystis",2020,0.000356968621990198
"15102","Macrocystis",2021,0.000350656799597444
"15102","Macrocystis",2022,0.000346199735601577
"15102","Macrocystis",2023,0.000259649801701183
"15102","Macrocystis",2024,0
"15102","Marismas y humedales",2017,0.0288297738049211
"15102","Marismas y humedales",2018,0.063065130198265
"15102","Marismas y humedales",2019,0.0540558258842271
"15102","Marismas y humedales",2020,0.0360372172561514
"15102","Marismas y humedales",2021,0.0648669910610726
"15102","Marismas y humedales",2022,0.00540558258842271
"15102","Marismas y humedales",2023,0.0360372172561514
"15102","Marismas y humedales",2024,0.012613026039653
"15102","Playas y dunas",2017,7.45069466770931
"15102","Playas y dunas",2018,7.94620640498139
"15102","Playas y dunas",2019,7.38762953751104
"15102","Playas y dunas",2020,7.38762953751104
"15102","Playas y dunas",2021,7.83809475321293
"15102","Playas y dunas",2022,0.0324334955305363
"15102","Playas y dunas",2023,5.43466977092232
"15102","Playas y dunas",2024,7.7822370664659
"16202","Bosques y matorrales",2017,5.52319841612155
"16202","Bosques y matorrales",2018,4.84676403856786
"16202","Bosques y matorrales",2019,5.12911952949868
"16202","Bosques y matorrales",2020,5.14333887076857
"16202","Bosques y matorrales",2021,1.33255541043609
"16202","Bosques y matorrales",2022,1.3833387721143
"16202","Bosques y matorrales",2023,3.33690214821529
"16202","Bosques y matorrales",2024,5.79641290195029
"16202","Macrocystis",2017,0.00400657133182994
"16202","Macrocystis",2018,0.00393572822380152
"16202","Macrocystis",2019,0.00386613774440228
"16202","Macrocystis",2020,0.00379777774499242
"16202","Macrocystis",2021,0.00373062646855836
"16202","Macrocystis",2022,0.00794518087881596
"16202","Macrocystis",2023,0.00276240593051208
"16202","Macrocystis",2024,0.0335170187076151
"16202","Marismas y humedales",2017,0.704873060093481
"16202","Marismas y humedales",2018,0.525099959752637
"16202","Marismas y humedales",2019,0.477363599775124
"16202","Marismas y humedales",2020,0.512911952949868
"16202","Marismas y humedales",2021,0.399157222790689
"16202","Marismas y humedales",2022,0.437524570736141
"16202","Marismas y humedales",2023,0.374200827908828
"16202","Marismas y humedales",2024,0.0690653718823584
"16202","Playas y dunas",2017,0.350405195579613
"16202","Playas y dunas",2018,0.307747171769921
"16202","Playas y dunas",2019,0.318919511339126
"16202","Playas y dunas",2020,0.345326859411792
"16202","Playas y dunas",2021,0.329584017291549
"16202","Playas y dunas",2022,0.00609400340138457
"16202","Playas y dunas",2023,0.236868108399055
"16202","Playas y dunas",2024,0.806439783449891
"16203","Bosques y matorrales",2017,4.53360539771732
"16203","Bosques y matorrales",2018,1.17735228307348
"16203","Bosques y matorrales",2019,1.19866182665852
"16203","Bosques y matorrales",2020,1.188007054866
"16203","Bosques y matorrales",2021,0.111875103821461
"16203","Bosques y matorrales",2022,0.607321992173648
"16203","Bosques y matorrales",2023,1.25954623690149
"16203","Bosques y matorrales",2024,4.33116473365944
"16203","Macrocystis",2017,0.00248603143461002
"16203","Macrocystis",2018,0.0024420741007957
"16203","Macrocystis",2019,0.00239889400864017
"16203","Macrocystis",2020,0.00235647741516716
"16203","Macrocystis",2021,0.00231481082039996
"16203","Macrocystis",2022,0.00271995925532091
"16203","Macrocystis",2023,0.00171404111137329
"16203","Macrocystis",2024,0.00532738589626007
"16203","Marismas y humedales",2017,0.564702905003568
"16203","Marismas y humedales",2018,0.308988381983084
"16203","Marismas y humedales",2019,0.250387137124223
"16203","Marismas y humedales",2020,0.250387137124223
"16203","Marismas y humedales",2021,0.0932292531845512
"16203","Marismas y humedales",2022,0.276915344444376
"16203","Marismas y humedales",2023,0.209670687774236
"16203","Marismas y humedales",2024,0.261041908916744
"16203","Playas y dunas",2017,0.410208714012025
"16203","Playas y dunas",2018,0.250387137124223
"16203","Playas y dunas",2019,0.245059751227963
"16203","Playas y dunas",2020,0.229077593539183
"16203","Playas y dunas",2021,0.146503112147152
"16203","Playas y dunas",2022,0.159821576887802
"16203","Playas y dunas",2023,0.20586541213405
"16203","Playas y dunas",2024,0.447500415285846
"16207","Bosques y matorrales",2017,5.88507258817957
"16207","Bosques y matorrales",2018,1.46052896348982
"16207","Bosques y matorrales",2019,1.6216167168159
"16207","Bosques y matorrales",2020,1.61087753326083
"16207","Bosques y matorrales",2021,0.934308969291282
"16207","Bosques y matorrales",2022,5.38033096109118
"16207","Bosques y matorrales",2023,2.41324796173265
"16207","Bosques y matorrales",2024,4.9829811695535
"16207","Macrocystis",2017,0.00137913243723537
"16207","Macrocystis",2018,0.00135474699139034
"16207","Macrocystis",2019,0.00133079272238736
"16207","Macrocystis",2020,0.00130726200627443
"16207","Macrocystis",2021,0.00128414735390415
"16207","Macrocystis",2022,0.00568921442338876
"16207","Macrocystis",2023,0.000950868787313092
"16207","Macrocystis",2024,0.0322175506652166
"16207","Marismas y humedales",2017,0.204044487546372
"16207","Marismas y humedales",2018,0.0322175506652166
"16207","Marismas y humedales",2019,0.204044487546372
"16207","Marismas y humedales",2020,0.204044487546372
"16207","Marismas y humedales",2021,0.204044487546372
"16207","Marismas y humedales",2022,0.0644351013304332
"16207","Marismas y humedales",2023,0.130404371740162
"16207","Marismas y humedales",2024,0.322175506652166
"16207","Playas y dunas",2017,0.687307747524621
"16207","Playas y dunas",2018,0.590655095528971
"16207","Playas y dunas",2019,0.483263259978249
"16207","Playas y dunas",2020,0.526219994198538
"16207","Playas y dunas",2021,0.424197750425352
"16207","Playas y dunas",2022,1.28870202660866
"16207","Playas y dunas",2023,0.571477982037771
"16207","Playas y dunas",2024,0.719525298189838
