"rgn_id","pressure_score"
11201,0.251572327044025
12201,1
10102,0.176470588235294
10401,0.1
11202,0.18705035971223
10103,0.111111111111111
10205,0.111111111111111
11203,0.3125
10403,0.0344827586206897
10108,0.25
12401,0.0769230769230769
10109,1
12101,0.666666666666667
10207,0.2
10208,0.0588235294117647
10209,0.0526315789473684
12103,0.0909090909090909
