rgn_id,habitat,year,value
10205,Bosques y matorrales,2022,686.56
05103,Playas y dunas,2022,39.48
05403,Playas y dunas,2020,115.7
05604,Playas y dunas,2022,70.65
05403,Playas y dunas,2021,109.3
07202,Playas y dunas,2024,156.62
12301,Bosques y matorrales,2022,922.74
10203,Bosques y matorrales,2022,303.75
05109,Pastos marinos,2017,94.05757959
08106,Playas y dunas,2024,116.1
05109,Pastos marinos,2018,92.88720086
05109,Pastos marinos,2019,91.7313854
05605,Playas y dunas,2022,62.94
10109,Bosques y matorrales,2024,27.8
05109,Pastos marinos,2020,90.58995201
10103,Bosques y matorrales,2024,249.24
05109,Pastos marinos,2021,89.5
07203,Playas y dunas,2024,198.99
05109,Pastos marinos,2022,88.33549142
05109,Pastos marinos,2023,87.22246423
05109,Pastos marinos,2024,86.12346118
10303,Playas y dunas,2022,143.61
05105,Pastos marinos,2017,110.3640433
05405,Pastos marinos,2017,76.92410545
05105,Pastos marinos,2018,108.9907597
04301,Bentonico,2024,501.1740045
04301,Bentonico,2017,501.1740045
04301,Bentonico,2018,501.1740045
04301,Bentonico,2019,501.1740045
04301,Bentonico,2020,501.1740045
04301,Bentonico,2021,501.1740045
04301,Bentonico,2022,501.1740045
04301,Bentonico,2023,501.1740045
05405,Pastos marinos,2018,75.96692223
05105,Pastos marinos,2019,107.6345642
05405,Pastos marinos,2019,75.02164945
05105,Pastos marinos,2020,106.2952442
05405,Pastos marinos,2020,74.0881389
05105,Pastos marinos,2021,105
05405,Pastos marinos,2021,73.2
05105,Pastos marinos,2022,103.6499349
02301,Bentonico,2024,694.695442
02301,Bentonico,2017,694.695442
02301,Bentonico,2018,694.695442
02301,Bentonico,2019,694.695442
02301,Bentonico,2020,694.695442
02301,Bentonico,2021,694.695442
02301,Bentonico,2022,694.695442
02301,Bentonico,2023,694.695442
05405,Pastos marinos,2022,72.24434955
05105,Pastos marinos,2023,102.3439457
02104,Bentonico,2024,932.8539389
02104,Bentonico,2017,932.8539389
02104,Bentonico,2018,932.8539389
02104,Bentonico,2019,932.8539389
02104,Bentonico,2020,932.8539389
02104,Bentonico,2021,932.8539389
02104,Bentonico,2022,932.8539389
02104,Bentonico,2023,932.8539389
05405,Pastos marinos,2023,71.33407074
05105,Pastos marinos,2024,101.054412
07102,Playas y dunas,2024,301.47
05405,Pastos marinos,2024,70.43526145
02101,Bentonico,2024,785.3624741
02101,Bentonico,2017,785.3624741
02101,Bentonico,2018,785.3624741
02101,Bentonico,2019,785.3624741
02101,Bentonico,2020,785.3624741
02101,Bentonico,2021,785.3624741
02101,Bentonico,2022,785.3624741
02101,Bentonico,2023,785.3624741
01404,Bentonico,2024,461.0897406
01404,Bentonico,2017,461.0897406
01404,Bentonico,2018,461.0897406
01404,Bentonico,2019,461.0897406
01404,Bentonico,2020,461.0897406
01404,Bentonico,2021,461.0897406
01404,Bentonico,2022,461.0897406
01404,Bentonico,2023,461.0897406
03101,Bentonico,2024,178.3445502
03101,Bentonico,2017,178.3445502
03101,Bentonico,2018,178.3445502
03101,Bentonico,2019,178.3445502
03101,Bentonico,2020,178.3445502
03101,Bentonico,2021,178.3445502
03101,Bentonico,2022,178.3445502
03101,Bentonico,2023,178.3445502
05405,Bentonico,2024,66.75481698
05405,Bentonico,2017,66.75481698
05405,Bentonico,2018,66.75481698
05405,Bentonico,2019,66.75481698
05405,Bentonico,2020,66.75481698
05405,Bentonico,2021,66.75481698
05405,Bentonico,2022,66.75481698
05405,Bentonico,2023,66.75481698
15102,Bentonico,2024,197.5101768
15102,Bentonico,2017,197.5101768
15102,Bentonico,2018,197.5101768
15102,Bentonico,2019,197.5101768
15102,Bentonico,2020,197.5101768
15102,Bentonico,2021,197.5101768
15102,Bentonico,2022,197.5101768
15102,Bentonico,2023,197.5101768
05103,Pastos marinos,2017,19.72392102
01101,Bentonico,2024,725.3899116
01101,Bentonico,2017,725.3899116
01101,Bentonico,2018,725.3899116
01101,Bentonico,2019,725.3899116
01101,Bentonico,2020,725.3899116
01101,Bentonico,2021,725.3899116
01101,Bentonico,2022,725.3899116
01101,Bentonico,2023,725.3899116
10103,Bosques y matorrales,2019,191.53
05103,Pastos marinos,2018,19.47849202
05605,Bentonico,2024,47.14058479
05605,Bentonico,2017,47.14058479
05605,Bentonico,2018,47.14058479
05605,Bentonico,2019,47.14058479
05605,Bentonico,2020,47.14058479
05605,Bentonico,2021,47.14058479
05605,Bentonico,2022,47.14058479
05605,Bentonico,2023,47.14058479
05103,Pastos marinos,2019,19.23611694
05604,Bentonico,2024,36.6845685
05604,Bentonico,2017,36.6845685
05604,Bentonico,2018,36.6845685
05604,Bentonico,2019,36.6845685
05604,Bentonico,2020,36.6845685
05604,Bentonico,2021,36.6845685
05604,Bentonico,2022,36.6845685
05604,Bentonico,2023,36.6845685
06201,Bentonico,2024,187.5365453
06201,Bentonico,2017,187.5365453
06201,Bentonico,2018,187.5365453
06201,Bentonico,2019,187.5365453
06201,Bentonico,2020,187.5365453
06201,Bentonico,2021,187.5365453
06201,Bentonico,2022,187.5365453
06201,Bentonico,2023,187.5365453
05102,Pastos marinos,2017,65.37443077
07309,Bentonico,2024,97.95019848
07309,Bentonico,2017,97.95019848
07309,Bentonico,2018,97.95019848
07309,Bentonico,2019,97.95019848
07309,Bentonico,2020,97.95019848
07309,Bentonico,2021,97.95019848
07309,Bentonico,2022,97.95019848
07309,Bentonico,2023,97.95019848
05103,Pastos marinos,2020,18.9967578
10403,Bosques y matorrales,2024,540.08
05102,Pastos marinos,2018,64.56096264
04202,Bentonico,2024,242.9154516
04202,Bentonico,2017,242.9154516
04202,Bentonico,2018,242.9154516
04202,Bentonico,2019,242.9154516
04202,Bentonico,2020,242.9154516
04202,Bentonico,2021,242.9154516
04202,Bentonico,2022,242.9154516
04202,Bentonico,2023,242.9154516
05103,Pastos marinos,2021,18.8
04203,Bentonico,2024,246.0940994
04203,Bentonico,2017,246.0940994
04203,Bentonico,2018,246.0940994
04203,Bentonico,2019,246.0940994
04203,Bentonico,2020,246.0940994
04203,Bentonico,2021,246.0940994
04203,Bentonico,2022,246.0940994
04203,Bentonico,2023,246.0940994
05102,Pastos marinos,2019,63.75761667
04101,Bentonico,2024,162.2790916
04101,Bentonico,2017,162.2790916
04101,Bentonico,2018,162.2790916
04101,Bentonico,2019,162.2790916
04101,Bentonico,2020,162.2790916
04101,Bentonico,2021,162.2790916
04101,Bentonico,2022,162.2790916
04101,Bentonico,2023,162.2790916
05103,Pastos marinos,2022,18.52399629
05102,Bentonico,2024,63.35476321
05102,Bentonico,2017,63.35476321
05102,Bentonico,2018,63.35476321
05102,Bentonico,2019,63.35476321
05102,Bentonico,2020,63.35476321
05102,Bentonico,2021,63.35476321
05102,Bentonico,2022,63.35476321
05102,Bentonico,2023,63.35476321
05102,Pastos marinos,2020,62.96426691
05603,Bentonico,2024,18.41270805
05603,Bentonico,2017,18.41270805
05603,Bentonico,2018,18.41270805
05603,Bentonico,2019,18.41270805
05603,Bentonico,2020,18.41270805
05603,Bentonico,2021,18.41270805
05603,Bentonico,2022,18.41270805
05603,Bentonico,2023,18.41270805
05103,Pastos marinos,2023,18.29059394
05107,Pastos marinos,2017,77.49878678
05102,Pastos marinos,2021,62.2
05103,Pastos marinos,2024,18.06013246
05107,Pastos marinos,2018,76.53445267
16202,Bentonico,2024,155.4776349
16202,Bentonico,2017,155.4776349
16202,Bentonico,2018,155.4776349
16202,Bentonico,2019,155.4776349
16202,Bentonico,2020,155.4776349
16202,Bentonico,2021,155.4776349
16202,Bentonico,2022,155.4776349
16202,Bentonico,2023,155.4776349
05102,Pastos marinos,2022,61.39731102
03304,Bentonico,2024,316.9453402
03304,Bentonico,2017,316.9453402
03304,Bentonico,2018,316.9453402
03304,Bentonico,2019,316.9453402
03304,Bentonico,2020,316.9453402
03304,Bentonico,2021,316.9453402
03304,Bentonico,2022,316.9453402
03304,Bentonico,2023,316.9453402
05401,Bentonico,2024,121.0024998
05401,Bentonico,2017,121.0024998
05401,Bentonico,2018,121.0024998
05401,Bentonico,2019,121.0024998
05401,Bentonico,2020,121.0024998
05401,Bentonico,2021,121.0024998
05401,Bentonico,2022,121.0024998
05401,Bentonico,2023,121.0024998
06203,Bentonico,2024,51.73677863
06203,Bentonico,2017,51.73677863
06203,Bentonico,2018,51.73677863
06203,Bentonico,2019,51.73677863
06203,Bentonico,2020,51.73677863
06203,Bentonico,2021,51.73677863
06203,Bentonico,2022,51.73677863
06203,Bentonico,2023,51.73677863
03102,Bentonico,2024,587.7216899
03102,Bentonico,2017,587.7216899
03102,Bentonico,2018,587.7216899
03102,Bentonico,2019,587.7216899
03102,Bentonico,2020,587.7216899
03102,Bentonico,2021,587.7216899
03102,Bentonico,2022,587.7216899
03102,Bentonico,2023,587.7216899
05107,Pastos marinos,2019,75.58211799
05102,Pastos marinos,2023,60.6237049
08201,Bentonico,2024,372.8452438
08201,Bentonico,2017,372.8452438
08201,Bentonico,2018,372.8452438
08201,Bentonico,2019,372.8452438
08201,Bentonico,2020,372.8452438
08201,Bentonico,2021,372.8452438
08201,Bentonico,2022,372.8452438
08201,Bentonico,2023,372.8452438
05107,Pastos marinos,2020,74.6416334
07103,Bentonico,2024,54.25167555
07103,Bentonico,2017,54.25167555
07103,Bentonico,2018,54.25167555
07103,Bentonico,2019,54.25167555
07103,Bentonico,2020,54.25167555
07103,Bentonico,2021,54.25167555
07103,Bentonico,2022,54.25167555
07103,Bentonico,2023,54.25167555
05102,Pastos marinos,2024,59.85984622
03201,Bentonico,2024,283.4238721
03201,Bentonico,2017,283.4238721
03201,Bentonico,2018,283.4238721
03201,Bentonico,2019,283.4238721
03201,Bentonico,2020,283.4238721
03201,Bentonico,2021,283.4238721
03201,Bentonico,2022,283.4238721
03201,Bentonico,2023,283.4238721
05107,Pastos marinos,2021,73.7
05105,Bentonico,2024,81.9786118
05105,Bentonico,2017,81.9786118
05105,Bentonico,2018,81.9786118
05105,Bentonico,2019,81.9786118
05105,Bentonico,2020,81.9786118
05105,Bentonico,2021,81.9786118
05105,Bentonico,2022,81.9786118
05105,Bentonico,2023,81.9786118
05107,Pastos marinos,2022,72.78406955
05403,Bentonico,2024,51.44767087
05403,Bentonico,2017,51.44767087
05403,Bentonico,2018,51.44767087
05403,Bentonico,2019,51.44767087
05403,Bentonico,2020,51.44767087
05403,Bentonico,2021,51.44767087
05403,Bentonico,2022,51.44767087
05403,Bentonico,2023,51.44767087
05107,Pastos marinos,2023,71.86699027
10103,Bosques y matorrales,2018,164.405
05107,Pastos marinos,2024,70.96146619
08107,Bosques y matorrales,2022,70.83
14101,Playas y dunas,2022,105.21
07303,Bosques y matorrales,2022,40.8
05403,Playas y dunas,2023,49.18857143
07303,Bentonico,2024,39.95066404
07303,Bentonico,2017,39.95066404
07303,Bentonico,2018,39.95066404
07303,Bentonico,2019,39.95066404
07303,Bentonico,2020,39.95066404
07303,Bentonico,2021,39.95066404
07303,Bentonico,2022,39.95066404
07303,Bentonico,2023,39.95066404
03303,Bentonico,2024,334.2657642
03303,Bentonico,2017,334.2657642
03303,Bentonico,2018,334.2657642
03303,Bentonico,2019,334.2657642
03303,Bentonico,2020,334.2657642
03303,Bentonico,2021,334.2657642
03303,Bentonico,2022,334.2657642
03303,Bentonico,2023,334.2657642
10207,Bosques y matorrales,2024,248.38
06206,Bentonico,2024,52.179563
06206,Bentonico,2017,52.179563
06206,Bentonico,2018,52.179563
06206,Bentonico,2019,52.179563
06206,Bentonico,2020,52.179563
06206,Bentonico,2021,52.179563
06206,Bentonico,2022,52.179563
06206,Bentonico,2023,52.179563
05602,Bentonico,2024,43.42208031
05602,Bentonico,2017,43.42208031
05602,Bentonico,2018,43.42208031
05602,Bentonico,2019,43.42208031
05602,Bentonico,2020,43.42208031
05602,Bentonico,2021,43.42208031
05602,Bentonico,2022,43.42208031
05602,Bentonico,2023,43.42208031
08206,Bosques y matorrales,2022,19.26
08110,Bentonico,2024,68.414848
08110,Bentonico,2017,68.414848
08110,Bentonico,2018,68.414848
08110,Bentonico,2019,68.414848
08110,Bentonico,2020,68.414848
08110,Bentonico,2021,68.414848
08110,Bentonico,2022,68.414848
08110,Bentonico,2023,68.414848
10205,Bosques y matorrales,2024,146.51
10204,Bosques y matorrales,2020,58.11
05403,Playas y dunas,2017,44.03
05403,Playas y dunas,2018,44.03
10305,Bentonico,2024,59.75938505
10305,Bentonico,2017,59.75938505
10305,Bentonico,2018,59.75938505
10305,Bentonico,2019,59.75938505
10305,Bentonico,2020,59.75938505
10305,Bentonico,2021,59.75938505
10305,Bentonico,2022,59.75938505
10305,Bentonico,2023,59.75938505
10205,Bosques y matorrales,2023,143.4985714
11201,Bosques y matorrales,2024,7061.92
10208,Bosques y matorrales,2024,1008.6
05101,Pastos marinos,2017,73.93235515
08203,Bentonico,2024,89.34203432
08203,Bentonico,2017,89.34203432
08203,Bentonico,2018,89.34203432
08203,Bentonico,2019,89.34203432
08203,Bentonico,2020,89.34203432
08203,Bentonico,2021,89.34203432
08203,Bentonico,2022,89.34203432
08203,Bentonico,2023,89.34203432
10103,Bosques y matorrales,2020,137.52
10103,Bosques y matorrales,2017,137.28
05601,Bentonico,2024,22.34401625
05601,Bentonico,2017,22.34401625
05601,Bentonico,2018,22.34401625
05601,Bentonico,2019,22.34401625
05601,Bentonico,2020,22.34401625
05601,Bentonico,2021,22.34401625
05601,Bentonico,2022,22.34401625
05601,Bentonico,2023,22.34401625
05101,Pastos marinos,2018,73.01239892
05101,Pastos marinos,2019,72.10388991
10401,Bosques y matorrales,2024,964.82
05107,Bentonico,2024,58.32928486
05107,Bentonico,2017,58.32928486
05107,Bentonico,2018,58.32928486
05107,Bentonico,2019,58.32928486
05107,Bentonico,2020,58.32928486
05107,Bentonico,2021,58.32928486
05107,Bentonico,2022,58.32928486
05107,Bentonico,2023,58.32928486
10204,Bosques y matorrales,2024,54.52
14102,Bosques y matorrales,2024,126.01
05101,Pastos marinos,2020,71.20668567
05403,Pastos marinos,2017,40.98712423
05101,Pastos marinos,2021,70.3
05601,Bosques y matorrales,2019,21.48
05403,Pastos marinos,2018,40.47711261
04104,Bentonico,2024,292.7851302
04104,Bentonico,2017,292.7851302
04104,Bentonico,2018,292.7851302
04104,Bentonico,2019,292.7851302
04104,Bentonico,2020,292.7851302
04104,Bentonico,2021,292.7851302
04104,Bentonico,2022,292.7851302
04104,Bentonico,2023,292.7851302
05101,Pastos marinos,2022,69.4346054
15101,Bentonico,2024,166.4552241
15101,Bentonico,2017,166.4552241
15101,Bentonico,2018,166.4552241
15101,Bentonico,2019,166.4552241
15101,Bentonico,2020,166.4552241
15101,Bentonico,2021,166.4552241
15101,Bentonico,2022,166.4552241
15101,Bentonico,2023,166.4552241
05403,Pastos marinos,2019,39.97344718
10303,Bosques y matorrales,2024,79.97
10106,Bosques y matorrales,2024,98.12
05101,Pastos marinos,2023,68.55972937
05403,Pastos marinos,2020,39.47604896
14201,Bentonico,2024,82.86722283
14201,Bentonico,2017,82.86722283
14201,Bentonico,2018,82.86722283
14201,Bentonico,2019,82.86722283
14201,Bentonico,2020,82.86722283
14201,Bentonico,2021,82.86722283
14201,Bentonico,2022,82.86722283
14201,Bentonico,2023,82.86722283
05101,Pastos marinos,2024,67.69587678
03101,Playas y dunas,2024,114.54
12103,Bosques y matorrales,2024,2335.49
05403,Pastos marinos,2021,39
03102,Playas y dunas,2024,425.36
10204,Bosques y matorrales,2017,50.9
05601,Bosques y matorrales,2020,20.39
05403,Pastos marinos,2022,38.49363099
11201,Bosques y matorrales,2020,6237.75
11201,Bosques y matorrales,2017,6235.75
07203,Bentonico,2024,100.0327673
07203,Bentonico,2017,100.0327673
07203,Bentonico,2018,100.0327673
07203,Bentonico,2019,100.0327673
07203,Bentonico,2020,100.0327673
07203,Bentonico,2021,100.0327673
07203,Bentonico,2022,100.0327673
07203,Bentonico,2023,100.0327673
05403,Pastos marinos,2023,38.00861124
10203,Bosques y matorrales,2024,143.58
11203,Bosques y matorrales,2024,708.08
10306,Bentonico,2024,178.24686
10306,Bentonico,2017,178.24686
10306,Bentonico,2018,178.24686
10306,Bentonico,2019,178.24686
10306,Bentonico,2020,178.24686
10306,Bentonico,2021,178.24686
10306,Bentonico,2022,178.24686
10306,Bentonico,2023,178.24686
05403,Pastos marinos,2024,37.52970274
10305,Bosques y matorrales,2024,50.91
10204,Bosques y matorrales,2018,49.125
10403,Bosques y matorrales,2022,352.32
04102,Bentonico,2024,224.4119854
04102,Bentonico,2017,224.4119854
04102,Bentonico,2018,224.4119854
04102,Bentonico,2019,224.4119854
04102,Bentonico,2020,224.4119854
04102,Bentonico,2021,224.4119854
04102,Bentonico,2022,224.4119854
04102,Bentonico,2023,224.4119854
11201,Bosques y matorrales,2018,5911.825
02102,Bentonico,2024,299.6026791
02102,Bentonico,2017,299.6026791
02102,Bentonico,2018,299.6026791
02102,Bentonico,2019,299.6026791
02102,Bentonico,2020,299.6026791
02102,Bentonico,2021,299.6026791
02102,Bentonico,2022,299.6026791
02102,Bentonico,2023,299.6026791
10403,Bosques y matorrales,2019,342.6
10108,Bosques y matorrales,2024,198.65
06205,Bentonico,2024,55.62209063
06205,Bentonico,2017,55.62209063
06205,Bentonico,2018,55.62209063
06205,Bentonico,2019,55.62209063
06205,Bentonico,2020,55.62209063
06205,Bentonico,2021,55.62209063
06205,Bentonico,2022,55.62209063
06205,Bentonico,2023,55.62209063
03201,Playas y dunas,2021,194.5
10204,Bosques y matorrales,2019,47.35
11202,Bosques y matorrales,2024,4240.74
11303,Bosques y matorrales,2017,5013.35
10206,Bosques y matorrales,2024,73.83
02104,Playas y dunas,2024,505.5
10202,Bosques y matorrales,2024,321.48
03101,Playas y dunas,2018,102.85
11303,Bosques y matorrales,2020,4938.4
14102,Bentonico,2024,106.8985082
14102,Bentonico,2017,106.8985082
14102,Bentonico,2018,106.8985082
14102,Bentonico,2019,106.8985082
14102,Bentonico,2020,106.8985082
14102,Bentonico,2021,106.8985082
14102,Bentonico,2022,106.8985082
14102,Bentonico,2023,106.8985082
11201,Bosques y matorrales,2019,5587.9
08102,Playas y dunas,2024,50.38
10403,Bosques y matorrales,2018,320.87
10403,Bosques y matorrales,2020,317.99
10201,Bosques y matorrales,2024,131.52
05103,Bentonico,2024,10.94140378
05103,Bentonico,2017,10.94140378
05103,Bentonico,2018,10.94140378
05103,Bentonico,2019,10.94140378
05103,Bentonico,2020,10.94140378
05103,Bentonico,2021,10.94140378
05103,Bentonico,2022,10.94140378
05103,Bentonico,2023,10.94140378
08112,Bentonico,2024,29.50942839
08112,Bentonico,2017,29.50942839
08112,Bentonico,2018,29.50942839
08112,Bentonico,2019,29.50942839
08112,Bentonico,2020,29.50942839
08112,Bentonico,2021,29.50942839
08112,Bentonico,2022,29.50942839
08112,Bentonico,2023,29.50942839
03102,Playas y dunas,2018,357.6
11202,Bosques y matorrales,2020,3871.75
14102,Bosques y matorrales,2019,99.78
14102,Bosques y matorrales,2018,99.775
14102,Bosques y matorrales,2017,99.77
11202,Bosques y matorrales,2017,3853.8
14102,Bosques y matorrales,2020,99.16
05102,Playas y dunas,2022,36.69
10303,Bentonico,2024,64.69347187
10303,Bentonico,2017,64.69347187
10303,Bentonico,2018,64.69347187
10303,Bentonico,2019,64.69347187
10303,Bentonico,2020,64.69347187
10303,Bentonico,2021,64.69347187
10303,Bentonico,2022,64.69347187
10303,Bentonico,2023,64.69347187
08202,Pastos marinos,2017,171.2370554
10204,Bosques y matorrales,2022,41.74693878
11202,Bosques y matorrales,2018,3733.16
08202,Pastos marinos,2018,169.1063158
03101,Playas y dunas,2017,92.2
10403,Bosques y matorrales,2017,299.14
01404,Playas y dunas,2021,234.2
03201,Playas y dunas,2024,169.46
10207,Bosques y matorrales,2017,163.99
05403,Playas y dunas,2019,31.23
05107,Bosques y matorrales,2022,43.89
10207,Bosques y matorrales,2018,163.18
08202,Pastos marinos,2019,167.0020895
10207,Bosques y matorrales,2019,162.37
10207,Bosques y matorrales,2020,161.96
03101,Playas y dunas,2021,90.5
03101,Playas y dunas,2019,90.4
08202,Pastos marinos,2020,164.9240465
03101,Playas y dunas,2020,89.67
12401,Bosques y matorrales,2024,12486.09
11202,Bosques y matorrales,2019,3612.52
10206,Bosques y matorrales,2017,63.4
08202,Pastos marinos,2021,162.9
08110,Bosques y matorrales,2024,46.4
10106,Bosques y matorrales,2020,74.86
03201,Playas y dunas,2018,164.15
03304,Playas y dunas,2018,176.5
08202,Pastos marinos,2022,160.8196756
10209,Bosques y matorrales,2024,231.18
10201,Bosques y matorrales,2022,117.81
08202,Pastos marinos,2023,158.7933477
10106,Bosques y matorrales,2019,72.92
03102,Pastos marinos,2017,321.6812465
01404,Playas y dunas,2018,219.94
12104,Playas y dunas,2024,331.02
14101,Bosques y matorrales,2024,62.04
14201,Bosques y matorrales,2024,61.84
10106,Bosques y matorrales,2018,72.34
08202,Pastos marinos,2024,156.7925515
10206,Bosques y matorrales,2018,60.63
03102,Pastos marinos,2018,317.6784975
10106,Bosques y matorrales,2017,71.76
03102,Playas y dunas,2017,315.8
03201,Playas y dunas,2019,156.3
03102,Pastos marinos,2019,313.7255555
02102,Pastos marinos,2017,237.9932985
10101,Bosques y matorrales,2024,143.05
02102,Playas y dunas,2024,236.57
01404,Playas y dunas,2024,212.96
03102,Playas y dunas,2021,310.9
03303,Playas y dunas,2024,196.51
03102,Pastos marinos,2020,309.8218008
02102,Pastos marinos,2018,235.0318966
14101,Bentonico,2024,59.88813363
14101,Bentonico,2017,59.88813363
14101,Bentonico,2018,59.88813363
14101,Bentonico,2019,59.88813363
14101,Bentonico,2020,59.88813363
14101,Bentonico,2021,59.88813363
14101,Bentonico,2022,59.88813363
14101,Bentonico,2023,59.88813363
03201,Playas y dunas,2017,153.04
10102,Bosques y matorrales,2024,270.91
03102,Pastos marinos,2021,306
02102,Pastos marinos,2019,232.1073441
10206,Bosques y matorrales,2019,57.86
10206,Bosques y matorrales,2020,57.86
10103,Bosques y matorrales,2023,90.17214286
10104,Bosques y matorrales,2024,45.03
03304,Playas y dunas,2024,162.83
10104,Bentonico,2024,44.96546229
10104,Bentonico,2017,44.96546229
10104,Bentonico,2018,44.96546229
10104,Bentonico,2019,44.96546229
10104,Bentonico,2020,44.96546229
10104,Bentonico,2021,44.96546229
10104,Bentonico,2022,44.96546229
10104,Bentonico,2023,44.96546229
02101,Playas y dunas,2024,349.03
03102,Pastos marinos,2022,302.1114419
02102,Pastos marinos,2020,229.2191824
03201,Playas y dunas,2020,148.7
03102,Pastos marinos,2023,298.3048377
02102,Pastos marinos,2021,226.4
03102,Playas y dunas,2019,297
08206,Bentonico,2024,11.69848772
08206,Bentonico,2017,11.69848772
08206,Bentonico,2018,11.69848772
08206,Bentonico,2019,11.69848772
08206,Bentonico,2020,11.69848772
08206,Bentonico,2021,11.69848772
08206,Bentonico,2022,11.69848772
08206,Bentonico,2023,11.69848772
01404,Playas y dunas,2017,202.1
02301,Playas y dunas,2024,284.97
03102,Pastos marinos,2024,294.5461968
02102,Pastos marinos,2022,223.5147351
01101,Playas y dunas,2021,328.98
15102,Playas y dunas,2018,88.2
01404,Playas y dunas,2019,200.81
12402,Bosques y matorrales,2024,58.35
01404,Playas y dunas,2020,199.9
03102,Playas y dunas,2020,291.61
08202,Playas y dunas,2024,142.91
02102,Pastos marinos,2023,220.6984494
02102,Playas y dunas,2021,219.93
02301,Playas y dunas,2018,279.9
15102,Playas y dunas,2021,87
02102,Playas y dunas,2018,219.6
11303,Bosques y matorrales,2019,3722.5375
02104,Playas y dunas,2018,379.23
02102,Playas y dunas,2017,218.53
15102,Playas y dunas,2024,86.38
02102,Playas y dunas,2020,218.05
02102,Pastos marinos,2024,217.9176489
02102,Playas y dunas,2019,217.7
10109,Playas y dunas,2017,9.44
03304,Playas y dunas,2019,153.9
01101,Playas y dunas,2024,318.66
11202,Bosques y matorrales,2021,3080.711429
08207,Bentonico,2024,78.75327199
08207,Bentonico,2017,78.75327199
08207,Bentonico,2018,78.75327199
08207,Bentonico,2019,78.75327199
08207,Bentonico,2020,78.75327199
08207,Bentonico,2021,78.75327199
08207,Bentonico,2022,78.75327199
08207,Bentonico,2023,78.75327199
03304,Playas y dunas,2021,152.62
10104,Bosques y matorrales,2022,42.09
02301,Playas y dunas,2017,271
10109,Playas y dunas,2021,9.23
08111,Bentonico,2024,68.14520504
08111,Bentonico,2017,68.14520504
08111,Bentonico,2018,68.14520504
08111,Bentonico,2019,68.14520504
08111,Bentonico,2020,68.14520504
08111,Bentonico,2021,68.14520504
08111,Bentonico,2022,68.14520504
08111,Bentonico,2023,68.14520504
02104,Playas y dunas,2019,367.38
10303,Bosques y matorrales,2020,51.33
03304,Playas y dunas,2020,150.4
10303,Bosques y matorrales,2019,51.27
02301,Playas y dunas,2019,269.9
02301,Playas y dunas,2021,269.7
10303,Bosques y matorrales,2018,51.155
02104,Playas y dunas,2017,365.9
10306,Bosques y matorrales,2024,120.09
10303,Bosques y matorrales,2017,51.04
01101,Pastos marinos,2017,310.4309832
02301,Playas y dunas,2020,267.62
10106,Bosques y matorrales,2022,62.50530612
10305,Bosques y matorrales,2020,34.44
02104,Playas y dunas,2020,363.03
02104,Playas y dunas,2021,363.03
15102,Playas y dunas,2017,82.7
12101,Bosques y matorrales,2024,4633.13
10104,Bosques y matorrales,2017,40.89
01101,Playas y dunas,2018,307.16
10104,Bosques y matorrales,2020,40.76
01101,Pastos marinos,2018,306.5682236
10305,Bosques y matorrales,2019,34.11
14201,Bosques y matorrales,2019,52.8
01101,Playas y dunas,2017,305.8
15102,Playas y dunas,2019,82
15102,Playas y dunas,2020,82
14201,Bosques y matorrales,2020,52.53
10305,Bosques y matorrales,2018,33.775
15101,Playas y dunas,2020,103.17
01101,Pastos marinos,2019,302.7535291
10109,Bosques y matorrales,2017,8.92
14101,Bosques y matorrales,2019,52.3
02101,Playas y dunas,2018,311.14
14201,Bosques y matorrales,2018,51.985
03303,Playas y dunas,2018,170.54
14101,Bosques y matorrales,2018,52.07
10305,Bosques y matorrales,2017,33.44
10403,Bosques y matorrales,2023,233.33
14101,Bosques y matorrales,2017,51.84
14101,Bosques y matorrales,2020,51.84
10104,Bosques y matorrales,2018,39.78
01101,Pastos marinos,2020,298.9863017
03303,Playas y dunas,2021,169.41
01101,Playas y dunas,2020,298.8
01101,Playas y dunas,2019,298.69
10104,Bosques y matorrales,2021,39.44346939
14201,Bosques y matorrales,2017,51.17
02101,Playas y dunas,2021,305.7
10205,Bosques y matorrales,2020,79.77
08111,Bosques y matorrales,2024,64.41
01101,Pastos marinos,2021,295.3
15101,Playas y dunas,2024,100.51
11201,Bosques y matorrales,2023,3919.162857
02101,Playas y dunas,2019,303.86
02101,Playas y dunas,2017,303.35
10205,Bosques y matorrales,2017,79.1
05603,Marismas y humedales,2019,8
10203,Bosques y matorrales,2023,90.77142857
10205,Bosques y matorrales,2018,78.78
02101,Playas y dunas,2020,301.2
01101,Pastos marinos,2022,291.5455998
10205,Bosques y matorrales,2019,78.46
10104,Bosques y matorrales,2019,38.67
09102,Bosques y matorrales,2022,54.27
01101,Pastos marinos,2023,287.8721252
05602,Bosques y matorrales,2022,22.47
03304,Playas y dunas,2017,136.89
01101,Pastos marinos,2024,284.2449364
10208,Bosques y matorrales,2020,543.53
03101,Playas y dunas,2023,68.02142857
10208,Bosques y matorrales,2019,537.54
10208,Bosques y matorrales,2018,537.48
10208,Bosques y matorrales,2017,537.42
12401,Bosques y matorrales,2017,9353.96
03303,Playas y dunas,2019,158.35
08110,Bosques y matorrales,2017,34.58
15101,Playas y dunas,2018,94.04
10204,Bosques y matorrales,2023,29.71357143
10303,Bosques y matorrales,2021,45.07571429
10203,Bosques y matorrales,2017,85.24
03303,Playas y dunas,2020,155.61
15101,Playas y dunas,2017,93.4
14101,Playas y dunas,2024,47.05
10202,Bosques y matorrales,2020,202.67
15101,Playas y dunas,2021,91.7
05601,Bosques y matorrales,2018,11.63
10108,Bosques y matorrales,2020,121.31
12401,Bosques y matorrales,2018,8971.995
10401,Bosques y matorrales,2019,507.74
07303,Bosques y matorrales,2020,18.03
14106,Playas y dunas,2024,53.27
10201,Bosques y matorrales,2020,86.05
10203,Bosques y matorrales,2018,82.62
12103,Bosques y matorrales,2018,1300.23
07303,Bosques y matorrales,2019,17.92
10201,Bosques y matorrales,2018,85.48
12402,Bosques y matorrales,2019,47.18
10305,Bosques y matorrales,2022,29.44918367
10203,Bosques y matorrales,2020,81.99
03201,Playas y dunas,2023,116.91
15101,Playas y dunas,2019,89.7
14106,Bosques y matorrales,2019,52.54
10201,Bosques y matorrales,2017,84.54
07303,Bosques y matorrales,2018,17.67
04301,Playas y dunas,2021,155.185
08112,Bosques y matorrales,2024,19.26
12103,Bosques y matorrales,2017,1279.42
11201,Bosques y matorrales,2022,3459.54
10202,Bosques y matorrales,2019,194.52
10202,Bosques y matorrales,2017,194.25
10202,Bosques y matorrales,2018,194.25
08111,Bosques y matorrales,2020,56.35
08111,Bosques y matorrales,2017,56.19
08111,Bosques y matorrales,2018,56.19
10203,Bosques y matorrales,2019,80
08111,Bosques y matorrales,2019,56.12
12401,Bosques y matorrales,2019,8590.03
10305,Playas y dunas,2024,28.54
14106,Bosques y matorrales,2018,50.985
07309,Bosques y matorrales,2024,35.7
04301,Marismas y humedales,2017,151.2
04301,Marismas y humedales,2018,151.2
12402,Bosques y matorrales,2018,45.405
10401,Bosques y matorrales,2018,482.09
05103,Playas y dunas,2023,6.887142857
16207,Bosques y matorrales,2017,5.48
03102,Playas y dunas,2023,225.0657143
05603,Bosques y matorrales,2022,6.81
05601,Bosques y matorrales,2022,10.77857143
06201,Playas y dunas,2022,66.42
09118,Bosques y matorrales,2024,26.41
04104,Playas y dunas,2024,147.16
14106,Bosques y matorrales,2017,49.43
14106,Bosques y matorrales,2020,49.43
07303,Bosques y matorrales,2023,16.72142857
01404,Playas y dunas,2023,151.5028571
06203,Bosques y matorrales,2024,19.33
04101,Playas y dunas,2022,58.11
12402,Bosques y matorrales,2017,43.63
10209,Bosques y matorrales,2020,154.5
16202,Bosques y matorrales,2024,57.07
04102,Playas y dunas,2019,120.8
02104,Playas y dunas,2023,283.31
06206,Bosques y matorrales,2022,21.96
10101,Bosques y matorrales,2020,98.53
10401,Bosques y matorrales,2017,456.44
10401,Bosques y matorrales,2020,456.44
07303,Bosques y matorrales,2017,16.2
10209,Bosques y matorrales,2019,151.5
14106,Bosques y matorrales,2024,47.84
10108,Bosques y matorrales,2017,108.15
05601,Bosques y matorrales,2021,10.31
10108,Bosques y matorrales,2018,107.555
10108,Bosques y matorrales,2019,106.96
10109,Bosques y matorrales,2022,6.973877551
01101,Playas y dunas,2023,236.5985714
10209,Bosques y matorrales,2018,148.975
05103,Playas y dunas,2018,6.4
10207,Bosques y matorrales,2023,100.7257143
04202,Marismas y humedales,2017,81.95
04202,Marismas y humedales,2018,81.9
14102,Bosques y matorrales,2023,58.48357143
10102,Bosques y matorrales,2019,184.67
10209,Bosques y matorrales,2022,147.51
05604,Playas y dunas,2023,12.13285714
10201,Bosques y matorrales,2019,75.1
11303,Bosques y matorrales,2023,2675.820357
10209,Bosques y matorrales,2017,146.45
16207,Bosques y matorrales,2022,5.01
16202,Bosques y matorrales,2017,54.38
02102,Playas y dunas,2023,156.37
04102,Playas y dunas,2021,114.86
02301,Playas y dunas,2023,198.05
03304,Playas y dunas,2023,110.0571429
04202,Bosques y matorrales,2022,79.53
07309,Bosques y matorrales,2019,31.71
08202,Bosques y matorrales,2019,98.81
15102,Playas y dunas,2023,60.322857140000004
11202,Bosques y matorrales,2023,2165.53
08202,Bosques y matorrales,2018,98.11
07309,Bosques y matorrales,2018,31.2
10206,Bosques y matorrales,2023,37.82
07303,Bosques y matorrales,2024,14.97
08207,Bosques y matorrales,2024,54.9
10306,Bosques y matorrales,2019,85.25
04101,Playas y dunas,2019,52.4
10306,Bosques y matorrales,2020,84.86
10101,Bosques y matorrales,2018,89.725
08207,Bosques y matorrales,2017,54.42
11303,Bosques y matorrales,2022,2521.38
12103,Bosques y matorrales,2019,1072.35
04202,Marismas y humedales,2020,76.54
05403,Marismas y humedales,2019,17.88
12103,Bosques y matorrales,2022,1068.150816
09102,Bosques y matorrales,2024,40.8
11303,Bosques y matorrales,2018,2506.675
10104,Bosques y matorrales,2023,28.88428571
10102,Bosques y matorrales,2018,171.335
06206,Bosques y matorrales,2017,19.73
05601,Bosques y matorrales,2023,9.37
05403,Marismas y humedales,2021,17.7
12303,Bosques y matorrales,2017,627.54
02101,Playas y dunas,2023,222.5771429
09118,Bosques y matorrales,2019,22.92
07309,Bosques y matorrales,2020,30.13
16202,Bosques y matorrales,2020,50.64
08207,Bosques y matorrales,2020,53.35
10306,Bosques y matorrales,2018,82.975
16202,Bosques y matorrales,2019,50.5
16207,Bosques y matorrales,2024,4.64
10102,Bosques y matorrales,2020,169.27
08107,Bentonico,2024,24.75549971
08107,Bentonico,2017,24.75549971
08107,Bentonico,2018,24.75549971
08107,Bentonico,2019,24.75549971
08107,Bentonico,2020,24.75549971
08107,Bentonico,2021,24.75549971
08107,Bentonico,2022,24.75549971
08107,Bentonico,2023,24.75549971
03303,Playas y dunas,2017,121
05102,Bosques y matorrales,2024,19.75
12301,Bosques y matorrales,2023,175.5021429
12301,Playas y dunas,2024,175.48
10210,Bosques y matorrales,2024,130.99
16203,Bosques y matorrales,2017,8.51
10109,Playas y dunas,2020,6.21
10106,Bosques y matorrales,2023,42.42714286
12303,Bosques y matorrales,2022,608.91
10306,Bosques y matorrales,2017,80.7
09118,Bosques y matorrales,2018,22.165
04301,Playas y dunas,2019,123
12402,Bosques y matorrales,2021,36.81928571
12402,Bosques y matorrales,2022,36.81928571
08207,Bosques y matorrales,2019,51.24
05403,Bosques y matorrales,2018,16.9
12101,Bosques y matorrales,2017,3107.26
05602,Playas y dunas,2024,16.19
07203,Bosques y matorrales,2019,43.87
07309,Bosques y matorrales,2017,28.49
16202,Bosques y matorrales,2018,47.72
08112,Bosques y matorrales,2019,14.92
16203,Bosques y matorrales,2024,8.13
05403,Bosques y matorrales,2017,16.49
07203,Bosques y matorrales,2017,43.36
09118,Bosques y matorrales,2017,21.41
10201,Bosques y matorrales,2023,64.87428571
08112,Bosques y matorrales,2018,14.79
06201,Bosques y matorrales,2017,53.5
08202,Playas y dunas,2017,87.8
10102,Bosques y matorrales,2017,158
08112,Bosques y matorrales,2020,14.72
15101,Playas y dunas,2023,67.65285714
10101,Bosques y matorrales,2019,81.095
08106,Bosques y matorrales,2022,23.61
10101,Bosques y matorrales,2017,80.92
08203,Bosques y matorrales,2017,33.89
12401,Bosques y matorrales,2022,6599.97
08202,Bosques y matorrales,2024,86.51
08207,Bosques y matorrales,2018,48.79
06201,Bosques y matorrales,2024,52.43
06206,Bosques y matorrales,2024,17.89
05101,Bosques y matorrales,2022,27.66
03303,Playas y dunas,2023,110.7185714
04301,Playas y dunas,2020,115.7
08206,Bosques y matorrales,2024,6.83
08202,Bentonico,2024,84.68887205
08202,Bentonico,2017,84.68887205
08202,Bentonico,2018,84.68887205
08202,Bentonico,2019,84.68887205
08202,Bentonico,2020,84.68887205
08202,Bentonico,2021,84.68887205
08202,Bentonico,2022,84.68887205
08202,Bentonico,2023,84.68887205
08203,Playas y dunas,2024,33.06
04202,Pastos marinos,2017,67.29473094
12303,Bosques y matorrales,2018,557.84
10101,Bosques y matorrales,2022,78.09612245
04202,Marismas y humedales,2019,66.78
16207,Bentonico,2024,4.110164303
16207,Bentonico,2017,4.110164303
16207,Bentonico,2018,4.110164303
16207,Bentonico,2019,4.110164303
16207,Bentonico,2020,4.110164303
16207,Bentonico,2021,4.110164303
16207,Bentonico,2022,4.110164303
16207,Bentonico,2023,4.110164303
04202,Pastos marinos,2018,66.4573681
09118,Bosques y matorrales,2020,20.13
04202,Pastos marinos,2019,65.63042475
12401,Bosques y matorrales,2020,6245.01
05101,Bosques y matorrales,2024,26.33
08203,Bosques y matorrales,2018,31.93
10306,Bosques y matorrales,2022,71.6577551
04202,Pastos marinos,2020,64.81377123
05403,Marismas y humedales,2020,15
04202,Pastos marinos,2021,64
11303,Bosques y matorrales,2024,2090.39
04203,Marismas y humedales,2019,64.7
04203,Marismas y humedales,2020,64.67
04202,Pastos marinos,2022,63.20078779
06201,Bosques y matorrales,2020,48
10303,Bosques y matorrales,2023,29.445
05102,Bosques y matorrales,2017,16.64
12303,Bosques y matorrales,2020,519.78
04203,Marismas y humedales,2021,63.98
10208,Bosques y matorrales,2023,342.2014286
07203,Bosques y matorrales,2020,38.42
05102,Bosques y matorrales,2018,16.59
09118,Playas y dunas,2024,18.95
04202,Pastos marinos,2023,62.40445786
05102,Bosques y matorrales,2019,16.54
08201,Bosques y matorrales,2024,101.37
04202,Pastos marinos,2024,61.61816169
08203,Bosques y matorrales,2019,30.1
07202,Bosques y matorrales,2019,23.34
14201,Bosques y matorrales,2023,30.08428571
10305,Bosques y matorrales,2023,19.40428571
12303,Bosques y matorrales,2024,505.02
06201,Bosques y matorrales,2019,46.21
14101,Bosques y matorrales,2023,29.90857143
12103,Bosques y matorrales,2020,844.47
05102,Bosques y matorrales,2020,15.93
04202,Marismas y humedales,2022,59.74918367
04203,Marismas y humedales,2018,61
12401,Bosques y matorrales,2023,5681.877857
07102,Bosques y matorrales,2019,65.79
10209,Bosques y matorrales,2023,107.2078571
08203,Bosques y matorrales,2024,29.13
06201,Bosques y matorrales,2018,45.22
05107,Playas y dunas,2019,19.51
12301,Playas y dunas,2022,139.44
12303,Bosques y matorrales,2019,488.14
07202,Playas y dunas,2017,22.4
04203,Marismas y humedales,2017,60
06203,Bosques y matorrales,2017,13.18
06203,Bosques y matorrales,2018,13.18
10109,Bosques y matorrales,2020,4.92
11203,Bosques y matorrales,2017,255.3409524
11203,Bosques y matorrales,2018,255.3409524
11203,Bosques y matorrales,2019,255.3409524
11203,Bosques y matorrales,2020,255.3409524
11203,Bosques y matorrales,2021,255.3409524
05605,Playas y dunas,2023,11.03142857
07202,Bosques y matorrales,2020,22.24
06203,Bosques y matorrales,2020,13.1
04101,Playas y dunas,2021,39.49
10403,Playas y dunas,2024,129.14
12101,Bosques y matorrales,2018,2495.91
08203,Bosques y matorrales,2020,28.37
04202,Marismas y humedales,2021,57.7
07202,Bosques y matorrales,2018,21.93
12401,Marismas y humedales,2021,5480.5
12401,Marismas y humedales,2017,5479.5
10306,Playas y dunas,2024,63.07
09117,Bosques y matorrales,2020,30.24
02102,Bosques y matorrales,2022,110.28
02104,Pastos marinos,2017,190.5867299
05101,Bosques y matorrales,2017,22.94
05101,Bosques y matorrales,2018,22.93
14106,Bosques y matorrales,2023,32.35571429
10202,Bosques y matorrales,2023,120.6404762
04101,Marismas y humedales,2017,38.13
07102,Bosques y matorrales,2018,62.22
04101,Marismas y humedales,2018,38.1
02104,Pastos marinos,2018,188.2152181
06203,Bosques y matorrales,2019,12.6
10109,Playas y dunas,2022,4.707755102
07102,Bosques y matorrales,2020,61.83
04102,Playas y dunas,2024,79.46
02104,Pastos marinos,2019,185.8732156
09116,Bosques y matorrales,2019,21.48
06205,Bosques y matorrales,2024,19.94
04301,Playas y dunas,2024,93.51
09117,Bosques y matorrales,2019,29.23
02104,Pastos marinos,2020,183.5603551
05403,Playas y dunas,2024,12.71
07102,Bosques y matorrales,2017,60.12
02104,Pastos marinos,2021,181.3
09117,Bosques y matorrales,2018,28.66
12201,Bosques y matorrales,2024,2342.73
10210,Bosques y matorrales,2020,94.48
02104,Pastos marinos,2022,178.992193
05606,Bentonico,2024,42.46905807
05606,Bentonico,2017,42.46905807
05606,Bentonico,2018,42.46905807
05606,Bentonico,2019,42.46905807
05606,Bentonico,2020,42.46905807
05606,Bentonico,2021,42.46905807
05606,Bentonico,2022,42.46905807
05606,Bentonico,2023,42.46905807
10210,Bosques y matorrales,2019,94.32
04102,Marismas y humedales,2018,75.5
09117,Bosques y matorrales,2017,28.09
04102,Marismas y humedales,2017,75.49
08111,Bosques y matorrales,2023,32.90857143
02104,Pastos marinos,2023,176.7368914
09116,Bosques y matorrales,2020,20.39
04101,Playas y dunas,2024,35.58
10401,Bosques y matorrales,2023,284.6171429
09117,Bosques y matorrales,2022,27.75
04202,Marismas y humedales,2023,52.12428571
02104,Pastos marinos,2024,174.5100066
05403,Marismas y humedales,2022,12.03918367
09116,Bosques y matorrales,2018,19.94
12201,Bosques y matorrales,2017,2247.5
08110,Bosques y matorrales,2020,18.32
08102,Marismas y humedales,2018,17.56
08110,Bosques y matorrales,2018,18.14
10210,Bosques y matorrales,2018,89.5
12401,Marismas y humedales,2018,4827.25
04203,Marismas y humedales,2022,51.43816327
10108,Bosques y matorrales,2023,64.90785714
12101,Bosques y matorrales,2022,2155.432449
08110,Bosques y matorrales,2019,17.82
05605,Marismas y humedales,2018,9.32
12201,Bosques y matorrales,2020,2157.75
05403,Marismas y humedales,2018,11.5
04301,Marismas y humedales,2019,83.1
05403,Marismas y humedales,2017,11.45
07309,Bosques y matorrales,2023,19.56142857
16202,Bosques y matorrales,2023,32.85428571
08111,Playas y dunas,2022,30.21
08106,Pastos marinos,2017,16.50841942
12303,Bosques y matorrales,2023,400.77
12302,Playas y dunas,2022,136.8
07203,Playas y dunas,2020,29.52918367
05401,Bosques y matorrales,2018,25.17
09102,Pastos marinos,2017,25.63780066
10109,Playas y dunas,2023,4.034285714
08106,Pastos marinos,2018,16.3030016
10210,Bosques y matorrales,2017,84.68
05101,Bosques y matorrales,2019,19.16
05101,Bosques y matorrales,2020,19.16
09116,Bosques y matorrales,2017,18.4
09102,Pastos marinos,2018,25.31878398
08106,Pastos marinos,2019,16.10013984
07102,Bentonico,2024,52.27447407
07102,Bentonico,2017,52.27447407
07102,Bentonico,2018,52.27447407
07102,Bentonico,2019,52.27447407
07102,Bentonico,2020,52.27447407
07102,Bentonico,2021,52.27447407
07102,Bentonico,2022,52.27447407
07102,Bentonico,2023,52.27447407
04301,Marismas y humedales,2022,79.72918367
12101,Bosques y matorrales,2019,2011.515
09102,Pastos marinos,2019,25.00373689
12402,Macrocystis,2024,23.78
08106,Pastos marinos,2020,15.89980233
09102,Pastos marinos,2020,24.69261001
05401,Bosques y matorrales,2020,24.19
08106,Pastos marinos,2021,15.7
11303,Marismas y humedales,2017,1512
12103,Bosques y matorrales,2023,642.6957143
05401,Bosques y matorrales,2019,24.06
12201,Bosques y matorrales,2018,2001
09102,Pastos marinos,2021,24.4
08106,Pastos marinos,2022,15.50411299
05401,Bosques y matorrales,2021,23.7
09102,Pastos marinos,2022,24.07809907
05403,Bosques y matorrales,2019,10.52
08106,Pastos marinos,2023,15.30876117
05403,Marismas y humedales,2023,10.50428571
05405,Bosques y matorrales,2017,11.64
05405,Bosques y matorrales,2018,11.6
04102,Pastos marinos,2017,63.55797899
09102,Pastos marinos,2023,23.77471503
12101,Marismas y humedales,2017,1910.64
08106,Pastos marinos,2024,15.11587078
10102,Bosques y matorrales,2023,99.55071429
04102,Pastos marinos,2018,62.76711336
10303,Playas y dunas,2023,20.60357143
04203,Marismas y humedales,2023,44.90714286
07103,Playas y dunas,2024,10.56
09102,Pastos marinos,2024,23.47515362
12401,Marismas y humedales,2019,4175
10208,Bosques y matorrales,2022,238.59
05606,Bosques y matorrales,2017,34.73
05606,Bosques y matorrales,2018,34.69
04102,Pastos marinos,2019,61.98608865
08207,Bosques y matorrales,2023,30.71571429
10206,Bosques y matorrales,2022,21.06
10306,Bosques y matorrales,2023,47.68928571
05405,Playas y dunas,2018,11.2
10101,Bosques y matorrales,2023,50.45285714
02104,Playas y dunas,2022,144.6
04102,Pastos marinos,2020,61.21478239
04102,Pastos marinos,2021,60.5
05604,Playas y dunas,2024,6.3
08106,Bosques y matorrales,2020,14.38
09118,Bosques y matorrales,2023,12.81357143
12104,Playas y dunas,2017,110.7666667
12104,Playas y dunas,2018,110.7666667
12104,Playas y dunas,2020,110.7666667
12104,Playas y dunas,2021,110.7666667
12104,Playas y dunas,2022,110.7666667
14106,Bosques y matorrales,2022,23.94
08106,Bosques y matorrales,2019,14.27
04102,Pastos marinos,2022,59.69136493
10207,Bosques y matorrales,2022,51.18
09117,Bosques y matorrales,2023,22.01
04102,Pastos marinos,2023,58.93925373
04301,Marismas y humedales,2023,69.68428571
01101,Playas y dunas,2022,116.76
04102,Pastos marinos,2024,58.19661914
04301,Playas y dunas,2023,68.87928571
12302,Playas y dunas,2024,115.42
05405,Bosques y matorrales,2024,10.48
08206,Bosques y matorrales,2023,4.047142857
04301,Marismas y humedales,2020,68.17
04104,Playas y dunas,2021,68.09
05405,Bosques y matorrales,2019,10.4
12201,Bosques y matorrales,2019,1754.5
12402,Bosques y matorrales,2023,20.32071429
05101,Bosques y matorrales,2023,16.07857143
06203,Bosques y matorrales,2023,8.917857143
04101,Playas y dunas,2023,26.90857143
10109,Bosques y matorrales,2018,3.31
04202,Playas y dunas,2021,39.33
06201,Bosques y matorrales,2023,29.73952381
05403,Bosques y matorrales,2024,9.11
05405,Playas y dunas,2024,10.04
08110,Bosques y matorrales,2023,13.80428571
08102,Bosques y matorrales,2017,13.25
05606,Bosques y matorrales,2019,30.63
05606,Bosques y matorrales,2020,30.63
08203,Bosques y matorrales,2023,18.75785714
12201,Bosques y matorrales,2022,1667.777755
04104,Playas y dunas,2020,64.5
12301,Bosques y matorrales,2019,89.92
04102,Marismas y humedales,2020,54.13
06205,Playas y dunas,2022,13.71
07102,Bosques y matorrales,2023,41.9847619
10109,Playas y dunas,2019,3.19
10205,Playas y dunas,2022,29.13
06203,Bosques y matorrales,2022,8.46
08106,Bosques y matorrales,2017,12.77
08106,Bosques y matorrales,2018,12.77
07303,Playas y dunas,2019,7.2
08206,Bosques y matorrales,2017,3.73
05102,Marismas y humedales,2021,9.773333333
04102,Playas y dunas,2020,52.36
09116,Bosques y matorrales,2023,14.23428571
08107,Bosques y matorrales,2023,12.07809524
10207,Playas y dunas,2024,44.63
16207,Bosques y matorrales,2023,2.247142857
05102,Bosques y matorrales,2023,9.63
04101,Playas y dunas,2020,24.5
06205,Bosques y matorrales,2018,13.03
04104,Playas y dunas,2019,60.7
08112,Bosques y matorrales,2023,7.481428571
12101,Bosques y matorrales,2020,1527.12
04102,Playas y dunas,2023,50.21857143
04203,Bosques y matorrales,2017,35.9
04203,Bosques y matorrales,2018,35.9
12103,Marismas y humedales,2017,487.74
04203,Bosques y matorrales,2019,35.6
04203,Bosques y matorrales,2020,35.56
05102,Marismas y humedales,2020,9.23
09102,Bentonico,2024,18.41169291
09102,Bentonico,2017,18.41169291
09102,Bentonico,2018,18.41169291
09102,Bentonico,2019,18.41169291
09102,Bentonico,2020,18.41169291
09102,Bentonico,2021,18.41169291
09102,Bentonico,2022,18.41169291
09102,Bentonico,2023,18.41169291
05103,Bosques y matorrales,2022,2.67
05606,Bosques y matorrales,2022,27.38061224
05401,Bosques y matorrales,2024,17.93
05107,Bosques y matorrales,2023,11.19428571
04104,Playas y dunas,2018,57.57
08206,Playas y dunas,2024,3.41
04203,Playas y dunas,2024,34.64
05602,Bosques y matorrales,2018,7.6
07203,Bosques y matorrales,2023,20.66
05405,Marismas y humedales,2021,8.7
11303,Marismas y humedales,2020,1103.43
11303,Marismas y humedales,2021,1103.43
07102,Bosques y matorrales,2022,37.14
05403,Bosques y matorrales,2023,7.831428571
05401,Bosques y matorrales,2017,17.55
06206,Bosques y matorrales,2023,8.691428571
07303,Bosques y matorrales,2021,6.43
05602,Bosques y matorrales,2017,7.5
08106,Bosques y matorrales,2023,11.31428571
07103,Playas y dunas,2017,7.98
04101,Marismas y humedales,2020,22.4
12101,Macrocystis,2024,1409.05
05403,Bosques y matorrales,2020,7.65
12301,Bosques y matorrales,2018,77.395
08102,Bosques y matorrales,2024,11.22
12401,Marismas y humedales,2023,3105.641429
05604,Playas y dunas,2019,4.83
07202,Bosques y matorrales,2023,12.26428571
12102,Bosques y matorrales,2024,7.14
04202,Playas y dunas,2019,32.16
07202,Marismas y humedales,2021,12.25
08201,Bosques y matorrales,2019,52.52
05401,Bosques y matorrales,2023,16.74571429
06205,Bosques y matorrales,2020,11.53
05602,Bosques y matorrales,2023,7.178571429
10210,Bosques y matorrales,2023,56.32857143
05105,Marismas y humedales,2021,11.6
05105,Bosques y matorrales,2017,11.59
05105,Bosques y matorrales,2018,11.59
05107,Playas y dunas,2020,10.37
05104,Bosques y matorrales,2022,52.7025
08106,Bosques y matorrales,2024,10.67
05606,Bosques y matorrales,2024,24.91
10109,Bosques y matorrales,2023,2.627142857
09102,Playas y dunas,2017,16.6
08201,Bosques y matorrales,2020,50.63
05103,Marismas y humedales,2022,2.4
14101,Playas y dunas,2023,15.28642857
04104,Playas y dunas,2017,52.4
05602,Bosques y matorrales,2020,6.96
06205,Marismas y humedales,2020,11.09
05104,Bosques y matorrales,2020,51.3063
05104,Bosques y matorrales,2021,51.3063
12301,Bosques y matorrales,2020,72.11
12101,Bosques y matorrales,2023,1306.862143
05405,Bosques y matorrales,2020,7.86
05104,Bosques y matorrales,2024,50.7762
10401,Playas y dunas,2024,162.84
05105,Marismas y humedales,2020,11.02
08201,Bosques y matorrales,2017,48.72
08201,Bosques y matorrales,2018,48.72
05107,Marismas y humedales,2020,9.77
09117,Playas y dunas,2024,15.73
05107,Playas y dunas,2024,9.73
08107,Bosques y matorrales,2024,9.76
05602,Bosques y matorrales,2024,6.63
12102,Bosques y matorrales,2019,6.5
05107,Playas y dunas,2021,9.62
05604,Playas y dunas,2020,4.3
05605,Playas y dunas,2024,5.42
05102,Marismas y humedales,2017,7.6
05102,Marismas y humedales,2018,7.6
05102,Marismas y humedales,2019,7.6
12401,Macrocystis,2024,2728.92
05405,Marismas y humedales,2020,7.4
05109,Marismas y humedales,2017,7.79
12201,Marismas y humedales,2021,1241
12201,Marismas y humedales,2017,1240
05104,Bosques y matorrales,2017,47.38569143
05104,Bosques y matorrales,2018,47.38569143
05104,Bosques y matorrales,2019,47.38569143
11303,Marismas y humedales,2019,929.715
06205,Marismas y humedales,2019,10.195
05603,Playas y dunas,2021,2.17
08202,Bosques y matorrales,2023,34.84285714
04203,Pastos marinos,2017,28.3809571
06203,Marismas y humedales,2019,6.22
05107,Playas y dunas,2017,9.11
12303,Macrocystis,2024,229.58
12104,Bosques y matorrales,2024,72.33
04203,Pastos marinos,2018,28.027806729999998
12301,Bosques y matorrales,2017,64.87
07103,Bosques y matorrales,2024,6.56
06203,Marismas y humedales,2017,6.1
06203,Marismas y humedales,2018,6.1
05101,Marismas y humedales,2021,10.96
12102,Bosques y matorrales,2020,6.02
04203,Pastos marinos,2019,27.67905069
05107,Playas y dunas,2018,8.9
05601,Playas y dunas,2024,3.34
08206,Playas y dunas,2017,2.71
08102,Bosques y matorrales,2018,9.26
05105,Bosques y matorrales,2022,9.84
04203,Pastos marinos,2020,27.3346343
05604,Bosques y matorrales,2020,3.97
12201,Bosques y matorrales,2023,1166.464286
12102,Bosques y matorrales,2018,5.9
09116,Bosques y matorrales,2021,10.31
04203,Pastos marinos,2021,27
04101,Marismas y humedales,2023,17.79714286
05105,Marismas y humedales,2019,9.63
05606,Bosques y matorrales,2023,20.84428571
07202,Bosques y matorrales,2017,9.95
04203,Pastos marinos,2022,26.65437281
04301,Playas y dunas,2017,44.03
04301,Playas y dunas,2018,44.03
12101,Marismas y humedales,2018,1117.27
05603,Playas y dunas,2024,2.02
01404,Bosques y matorrales,2022,45.12
08112,Bosques y matorrales,2022,5.43
04203,Pastos marinos,2023,26.31852771
06205,Marismas y humedales,2017,9.3
06205,Marismas y humedales,2018,9.3
12102,Bosques y matorrales,2021,5.708095238
12102,Bosques y matorrales,2022,5.708095238
05107,Bosques y matorrales,2019,8.46
04104,Playas y dunas,2023,43.50285714
04202,Playas y dunas,2024,25.66
05605,Playas y dunas,2019,4.83
04203,Pastos marinos,2024,25.98691426
05107,Marismas y humedales,2021,8.34
05107,Playas y dunas,2023,8.301428571
10202,Bosques y matorrales,2022,53.85
12201,Marismas y humedales,2020,1101.14
07103,Bosques y matorrales,2022,6.03
06206,Bosques y matorrales,2019,6.48
08102,Bosques y matorrales,2020,8.566666667
07309,Marismas y humedales,2017,9.9
07309,Bosques y matorrales,2022,9.87
05405,Bosques y matorrales,2023,6.382857143
09116,Playas y dunas,2024,9.54
05109,Bentonico,2024,6.737173423
05109,Bentonico,2017,6.737173423
05109,Bentonico,2018,6.737173423
05109,Bentonico,2019,6.737173423
05109,Bentonico,2020,6.737173423
05109,Bentonico,2021,6.737173423
05109,Bentonico,2022,6.737173423
05109,Bentonico,2023,6.737173423
04203,Bosques y matorrales,2021,25.07
05107,Marismas y humedales,2019,8.05
16207,Bosques y matorrales,2019,1.51
05605,Bosques y matorrales,2020,4.6
12103,Marismas y humedales,2018,339.82
16207,Bosques y matorrales,2020,1.5
15101,Bosques y matorrales,2022,23.52
07103,Bosques y matorrales,2017,5.77
07309,Marismas y humedales,2020,9.58
07309,Marismas y humedales,2021,9.58
05605,Bosques y matorrales,2024,4.53
05405,Marismas y humedales,2019,6.2
04203,Bosques y matorrales,2023,24.40714286
12102,Bosques y matorrales,2017,5.3
04101,Marismas y humedales,2019,16.17
06205,Marismas y humedales,2021,8.6
05105,Bosques y matorrales,2019,8.69
05107,Bosques y matorrales,2018,7.78
11303,Marismas y humedales,2023,774.8378571
12101,Marismas y humedales,2019,1012.51
05602,Marismas y humedales,2020,5.3
05602,Marismas y humedales,2021,5.3
09116,Bosques y matorrales,2022,9.12
07309,Marismas y humedales,2018,9.37
08102,Bosques y matorrales,2019,8.04
05107,Bosques y matorrales,2017,7.68
05602,Marismas y humedales,2019,5.25
06206,Bosques y matorrales,2018,6.03
05105,Playas y dunas,2019,8.5
12303,Playas y dunas,2024,191.81
07202,Marismas y humedales,2020,8.8
04102,Marismas y humedales,2023,32.89142857
06203,Marismas y humedales,2021,5.18
11303,Marismas y humedales,2018,756
05105,Bosques y matorrales,2020,8.45
06203,Marismas y humedales,2020,5.12
05605,Playas y dunas,2020,4.3
05603,Bosques y matorrales,2023,1.762857143
05102,Marismas y humedales,2023,6.014761905
09102,Bosques y matorrales,2023,12.07142857
05602,Marismas y humedales,2017,5.08
05602,Marismas y humedales,2018,5.08
12103,Macrocystis,2024,315.06
07309,Marismas y humedales,2019,8.99
05107,Marismas y humedales,2017,7.4
05107,Marismas y humedales,2018,7.4
12101,Marismas y humedales,2022,966.4157143
05606,Playas y dunas,2019,17.9
05606,Playas y dunas,2020,17.9
05606,Playas y dunas,2021,17.9
12301,Bosques y matorrales,2024,52.98
09117,Bosques y matorrales,2024,11.85
05606,Marismas y humedales,2019,17.56
05606,Marismas y humedales,2020,17.56
05606,Marismas y humedales,2021,17.56
14201,Playas y dunas,2024,10.85
16207,Bosques y matorrales,2018,1.36
02102,Bosques y matorrales,2024,42.58285714
02102,Bosques y matorrales,2018,42.58285714
02102,Bosques y matorrales,2019,42.58285714
02102,Bosques y matorrales,2020,42.58285714
02102,Bosques y matorrales,2021,42.58285714
04202,Playas y dunas,2020,21.79
04102,Playas y dunas,2017,30.93
04102,Playas y dunas,2018,30.9
04202,Bosques y matorrales,2023,21.48714286
05105,Bosques y matorrales,2023,7.891428571
05102,Playas y dunas,2023,5.684285714
05105,Marismas y humedales,2022,7.790204082
12101,Marismas y humedales,2020,907.75
12101,Marismas y humedales,2021,907.75
07303,Playas y dunas,2018,4.07
05603,Bosques y matorrales,2019,1.64
05105,Marismas y humedales,2018,7.7
05105,Marismas y humedales,2017,7.66
04102,Bosques y matorrales,2017,29.58
04102,Bosques y matorrales,2018,29.58
16203,Bosques y matorrales,2023,2.364285714
08102,Marismas y humedales,2020,7.053333333
07202,Marismas y humedales,2019,7.78
12303,Marismas y humedales,2017,168.9
16202,Bosques y matorrales,2022,13.62
06206,Bosques y matorrales,2020,5.27
08110,Bosques y matorrales,2022,7.23
12201,Macrocystis,2024,885.2
08206,Playas y dunas,2020,2.03
05603,Marismas y humedales,2023,1.57
04301,Marismas y humedales,2021,34.12
10203,Playas y dunas,2024,17.79
04102,Bosques y matorrales,2020,28.6
07102,Playas y dunas,2021,22.01
08102,Bosques y matorrales,2023,6.841904762
07202,Marismas y humedales,2018,7.57
05605,Bosques y matorrales,2019,3.75
12201,Marismas y humedales,2018,867.105
05405,Marismas y humedales,2022,5.109183673
07102,Playas y dunas,2020,21.75
07303,Marismas y humedales,2017,3.79
04101,Bosques y matorrales,2017,13.3
08102,Bosques y matorrales,2022,6.75
05101,Playas y dunas,2022,7.92
04101,Bosques y matorrales,2018,13.29
16203,Bosques y matorrales,2019,2.25
16202,Bosques y matorrales,2021,13.12
12101,Marismas y humedales,2023,836.56
07102,Playas y dunas,2019,21.49
16207,Playas y dunas,2022,1.2
16203,Bosques y matorrales,2020,2.23
06205,Marismas y humedales,2023,7.003571429
04203,Bosques y matorrales,2024,19.74
08102,Marismas y humedales,2021,6.628333333
16203,Bosques y matorrales,2018,2.21
05606,Bosques y matorrales,2021,15.23
09117,Bosques y matorrales,2021,10.1
05605,Bosques y matorrales,2018,3.58
05604,Bosques y matorrales,2024,2.81
12103,Marismas y humedales,2019,262.07
05602,Bosques y matorrales,2019,4.22
05105,Bosques y matorrales,2024,6.87
07102,Playas y dunas,2018,20.54
12201,Marismas y humedales,2022,811.6532653
05101,Bentonico,2024,7.474301777
05101,Bentonico,2017,7.474301777
05101,Bentonico,2018,7.474301777
05101,Bentonico,2019,7.474301777
05101,Bentonico,2020,7.474301777
05101,Bentonico,2021,7.474301777
05101,Bentonico,2022,7.474301777
05101,Bentonico,2023,7.474301777
05105,Marismas y humedales,2023,6.801428571
08201,Bosques y matorrales,2023,30.22380952
09102,Bosques y matorrales,2019,9.87
05605,Bosques y matorrales,2017,3.49
05104,Bosques y matorrales,2023,30.83715714
08206,Marismas y humedales,2017,1.85
06201,Bosques y matorrales,2021,14.01666667
06203,Marismas y humedales,2023,4.128571429
07202,Bentonico,2024,6.9480726
07202,Bentonico,2017,6.9480726
07202,Bentonico,2018,6.9480726
07202,Bentonico,2019,6.9480726
07202,Bentonico,2020,6.9480726
07202,Bentonico,2021,6.9480726
07202,Bentonico,2022,6.9480726
07202,Bentonico,2023,6.9480726
05107,Bosques y matorrales,2020,5.95
08206,Playas y dunas,2019,1.807142857
05107,Marismas y humedales,2023,5.907142857
08206,Playas y dunas,2018,1.8
07202,Bosques y matorrales,2022,6.81
09102,Bosques y matorrales,2020,9.54
04202,Playas y dunas,2023,17.83142857
05101,Marismas y humedales,2019,7.18
05101,Marismas y humedales,2020,7.18
08102,Marismas y humedales,2022,6.117619048
08206,Bosques y matorrales,2020,1.78
05604,Marismas y humedales,2020,2.63
05103,Bosques y matorrales,2017,1.37
05103,Bosques y matorrales,2018,1.37
07303,Marismas y humedales,2019,3.4
12401,Marismas y humedales,2020,1679.5
10303,Playas y dunas,2024,8.21
09102,Bosques y matorrales,2018,9.36
07102,Marismas y humedales,2021,19.3
09116,Bosques y matorrales,2024,6.77
05401,Playas y dunas,2017,9.11
05401,Playas y dunas,2018,9.11
05405,Marismas y humedales,2017,4.5
11303,Macrocystis,2024,568.78
05405,Marismas y humedales,2023,4.464285714
05405,Marismas y humedales,2018,4.45
12103,Marismas y humedales,2022,239.7363265
07309,Marismas y humedales,2023,6.8
05606,Marismas y humedales,2017,13.53
06201,Marismas y humedales,2019,12.94
05606,Marismas y humedales,2018,13.5
10106,Bentonico,2024,9.741693072
10106,Bentonico,2017,9.741693072
10106,Bentonico,2018,9.741693072
10106,Bentonico,2019,9.741693072
10106,Bentonico,2020,9.741693072
10106,Bentonico,2021,9.741693072
10106,Bentonico,2022,9.741693072
10106,Bentonico,2023,9.741693072
08206,Bosques y matorrales,2019,1.67
05606,Marismas y humedales,2022,13.22530612
05602,Marismas y humedales,2023,3.732857143
08206,Bosques y matorrales,2018,1.65
10401,Bosques y matorrales,2022,88.92
06201,Playas y dunas,2023,12.43904762
07303,Marismas y humedales,2020,3.14
05109,Marismas y humedales,2018,4.47
05201,Bosques y matorrales,2024,33.9939
07203,Marismas y humedales,2020,9.96
12201,Marismas y humedales,2023,706.2078571
06206,Marismas y humedales,2017,4.18
05606,Playas y dunas,2022,12.77142857
07303,Playas y dunas,2024,3.09
04101,Bosques y matorrales,2019,10.72
10210,Bosques y matorrales,2022,27.96
05604,Playas y dunas,2021,2.35
04202,Playas y dunas,2018,15.7
09116,Pastos marinos,2017,6.08928232
04202,Playas y dunas,2017,15.66
07102,Playas y dunas,2017,17.27
04202,Bosques y matorrales,2021,15.6
08102,Marismas y humedales,2023,5.341666667
09116,Pastos marinos,2018,6.013512068
07103,Playas y dunas,2021,3.7
03101,Playas y dunas,2022,10.53
08203,Playas y dunas,2020,7.5
09116,Pastos marinos,2019,5.938684642
07303,Marismas y humedales,2021,2.945
12102,Bosques y matorrales,2023,3.388571429
07309,Playas y dunas,2022,6.06
06201,Marismas y humedales,2018,11.52
09116,Pastos marinos,2020,5.864788309
06203,Playas y dunas,2022,3.39
07103,Playas y dunas,2018,3.62
08201,Playas y dunas,2024,24.45
10206,Playas y dunas,2024,7.26
09116,Pastos marinos,2021,5.8
12103,Marismas y humedales,2023,208.3242857
08207,Marismas y humedales,2017,10.47
12303,Marismas y humedales,2020,122.49
12303,Marismas y humedales,2021,122.49
10102,Playas y dunas,2024,33.26
09116,Pastos marinos,2022,5.71883466
07102,Marismas y humedales,2020,16.28
06201,Marismas y humedales,2017,11.2
05401,Playas y dunas,2019,7.7
07303,Marismas y humedales,2018,2.83
05603,Bosques y matorrales,2020,1.14
05107,Bosques y matorrales,2024,4.82
04202,Bosques y matorrales,2020,14.56
09116,Pastos marinos,2023,5.646777343
10206,Playas y dunas,2017,7.06
05401,Playas y dunas,2021,7.6
04202,Bosques y matorrales,2019,14.48
05103,Bosques y matorrales,2020,1.12
05601,Bosques y matorrales,2017,1.78
05604,Bosques y matorrales,2019,2.14
05401,Playas y dunas,2020,7.54
08203,Playas y dunas,2021,7.05
12303,Marismas y humedales,2018,119.3
05101,Marismas y humedales,2017,5.8
09116,Pastos marinos,2024,5.575627948
06201,Marismas y humedales,2021,10.91333333
05606,Marismas y humedales,2023,11.38714286
10109,Bosques y matorrales,2021,1.2
12101,Playas y dunas,2024,610.41
07103,Playas y dunas,2020,3.4
05101,Marismas y humedales,2018,5.7
14102,Bosques y matorrales,2022,10.08
16207,Bosques y matorrales,2021,0.87
04101,Marismas y humedales,2021,9.54
06201,Marismas y humedales,2020,10.71
05604,Bosques y matorrales,2018,2.09
08202,Bosques y matorrales,2022,17.58
07202,Marismas y humedales,2023,5.33
05107,Bosques y matorrales,2021,4.6
05605,Marismas y humedales,2020,2.64
03201,Bosques y matorrales,2022,17.58
05603,Bosques y matorrales,2018,1.08
07309,Bosques y matorrales,2021,5.53
05105,Bosques y matorrales,2021,5.08
07102,Bosques y matorrales,2024,15.29
05604,Bosques y matorrales,2017,2.05
05605,Marismas y humedales,2017,2.6
05603,Bosques y matorrales,2017,1.07
07102,Playas y dunas,2023,15.13857143
08203,Marismas y humedales,2017,6.7
08202,Playas y dunas,2023,16.98428571
08203,Playas y dunas,2017,6.6
07203,Bosques y matorrales,2018,8.24
05103,Bosques y matorrales,2023,1.035714286
10305,Playas y dunas,2022,4.23877551
04102,Bosques y matorrales,2019,18.95
04102,Bosques y matorrales,2023,18.93714286
08207,Marismas y humedales,2020,9.4
08207,Marismas y humedales,2021,9.4
05401,Playas y dunas,2024,6.94
12401,Playas y dunas,2024,1258.8
12103,Marismas y humedales,2020,184.32
12103,Marismas y humedales,2021,184.32
04104,Bosques y matorrales,2022,22.32
05101,Marismas y humedales,2023,5.298571429
04202,Bosques y matorrales,2017,13.12
04202,Bosques y matorrales,2018,13.12
04101,Bosques y matorrales,2020,8.88
07103,Playas y dunas,2023,3.148571429
05101,Playas y dunas,2020,5.23
05101,Playas y dunas,2019,5.22
07103,Playas y dunas,2019,3.1
03304,Marismas y humedales,2017,17.7
09118,Playas y dunas,2022,3.9
08108,Marismas y humedales,2017,2.25
07203,Bosques y matorrales,2021,7.88
05604,Marismas y humedales,2017,1.9
05604,Marismas y humedales,2018,1.9
05606,Playas y dunas,2023,10.16
05605,Bosques y matorrales,2023,2.408571429
14102,Playas y dunas,2024,9.01
15102,Bosques y matorrales,2022,9.63
11201,Marismas y humedales,2020,476.79
11201,Marismas y humedales,2017,475.79
05605,Playas y dunas,2021,2.35
07303,Playas y dunas,2023,2.378571429
05605,Marismas y humedales,2023,2.324285714
08203,Marismas y humedales,2020,6.02
07202,Playas y dunas,2023,4.654285714
07303,Marismas y humedales,2023,2.352142857
04101,Playas y dunas,2017,8.25
07103,Marismas y humedales,2017,2.91
07102,Marismas y humedales,2019,13.26
12104,Bosques y matorrales,2017,31.51190476
12104,Bosques y matorrales,2018,31.51190476
12104,Bosques y matorrales,2020,31.51190476
12104,Bosques y matorrales,2021,31.51190476
12104,Bosques y matorrales,2022,31.51190476
12302,Bosques y matorrales,2019,33.98
12402,Bosques y matorrales,2020,6.03
05201,Bosques y matorrales,2020,24.7419
05201,Bosques y matorrales,2021,24.7419
05606,Playas y dunas,2017,9.42
16202,Playas y dunas,2024,7.94
05401,Playas y dunas,2023,6.2
12302,Bosques y matorrales,2024,33.52
07102,Marismas y humedales,2017,13
05103,Bosques y matorrales,2024,0.91
12402,Marismas y humedales,2017,5.96
12103,Playas y dunas,2024,162.7
08203,Playas y dunas,2019,5.7
11203,Bosques y matorrales,2022,50.7
06205,Bosques y matorrales,2023,4.177142857
08203,Playas y dunas,2018,5.67
08206,Playas y dunas,2023,1.155
02301,Playas y dunas,2022,28.23
04203,Playas y dunas,2021,11.67
12301,Marismas y humedales,2017,27.02
12301,Marismas y humedales,2021,27.02
08108,Bosques y matorrales,2017,2
08202,Bosques y matorrales,2021,14.27
12302,Playas y dunas,2023,32.35285714
05604,Marismas y humedales,2019,1.69
05201,Bosques y matorrales,2017,23.72164857
05201,Bosques y matorrales,2018,23.72164857
05201,Bosques y matorrales,2019,23.72164857
12201,Marismas y humedales,2019,494.21
04101,Bosques y matorrales,2023,7.552857143
02101,Playas y dunas,2022,32.79
12302,Marismas y humedales,2017,31.6
12302,Marismas y humedales,2020,31.6
07303,Playas y dunas,2020,2.14
05601,Playas y dunas,2017,1.37
04203,Playas y dunas,2019,11.33
04203,Playas y dunas,2020,11.33
10109,Marismas y humedales,2017,0.93
08112,Marismas y humedales,2017,2.32
15101,Marismas y humedales,2017,10.7
05109,Bosques y matorrales,2024,3.02
05103,Playas y dunas,2019,0.85
05109,Bosques y matorrales,2022,3
07102,Marismas y humedales,2018,12.07
12301,Marismas y humedales,2018,25.81
06201,Marismas y humedales,2023,8.303333333
05109,Marismas y humedales,2024,2.982857143
05109,Marismas y humedales,2022,2.982857143
16207,Playas y dunas,2024,0.67
08111,Marismas y humedales,2022,6.69
02101,Marismas y humedales,2017,31.67
05103,Marismas y humedales,2023,0.828571429
07202,Bosques y matorrales,2024,4.07
06203,Playas y dunas,2019,2.39
05104,Playas y dunas,2022,17.7975
05109,Bosques y matorrales,2017,2.9
05109,Bosques y matorrales,2019,2.9
07103,Bosques y matorrales,2023,2.533571429
07203,Bosques y matorrales,2024,6.46
05104,Playas y dunas,2020,17.5788
05104,Playas y dunas,2021,17.5788
12303,Marismas y humedales,2023,87.00428571
05103,Marismas y humedales,2020,0.81
08203,Marismas y humedales,2021,5.12
08107,Bosques y matorrales,2017,3.45
08107,Bosques y matorrales,2018,3.45
05604,Marismas y humedales,2022,1.549795918
05603,Marismas y humedales,2018,0.81
12301,Marismas y humedales,2019,24.6
16207,Playas y dunas,2017,0.64
05201,Bosques y matorrales,2022,21.6325
16202,Marismas y humedales,2017,6.94
05603,Marismas y humedales,2017,0.8
08110,Marismas y humedales,2017,3.65
08107,Bosques y matorrales,2019,3.38
05606,Playas y dunas,2024,8.12
08102,Marismas y humedales,2017,3.5
05604,Bosques y matorrales,2023,1.507142857
08110,Marismas y humedales,2024,3.61
10205,Marismas y humedales,2022,7.77
12102,Playas y dunas,2024,2.24
08108,Bosques y matorrales,2024,1.77
07303,Playas y dunas,2021,1.94
05606,Playas y dunas,2018,8
08203,Marismas y humedales,2019,4.9
08107,Bosques y matorrales,2020,3.3
12302,Bosques y matorrales,2018,28.24
16203,Bosques y matorrales,2022,1.14
08207,Playas y dunas,2024,7.01
12102,Macrocystis,2024,2.19
08112,Bosques y matorrales,2017,2.07
05105,Playas y dunas,2017,3.6
05105,Playas y dunas,2018,3.6
12301,Playas y dunas,2023,22.94214286
12402,Marismas y humedales,2018,4.925
05109,Bosques y matorrales,2018,2.64
11303,Playas y dunas,2024,313.77
07102,Marismas y humedales,2023,10.56285714
05603,Marismas y humedales,2020,0.74
08203,Playas y dunas,2023,4.658571429
11201,Marismas y humedales,2018,359.84
05601,Playas y dunas,2022,1.166122449
05103,Marismas y humedales,2017,0.73
05103,Marismas y humedales,2018,0.73
05604,Playas y dunas,2017,1.4
05604,Playas y dunas,2018,1.4
04102,Marismas y humedales,2019,13.41
06203,Playas y dunas,2024,2.11
06201,Playas y dunas,2024,7.15
08207,Marismas y humedales,2019,6.64
10205,Macrocystis,2022,7.14
04102,Bosques y matorrales,2022,13.23
08202,Marismas y humedales,2017,11.6
12201,Playas y dunas,2024,405.25
08110,Playas y dunas,2024,3.3
06206,Playas y dunas,2021,2.4
16203,Marismas y humedales,2017,1.06
05104,Playas y dunas,2017,15.34368571
05104,Playas y dunas,2018,15.34368571
05104,Playas y dunas,2019,15.34368571
04101,Bosques y matorrales,2021,6.2
06203,Playas y dunas,2021,2.05
05109,Bosques y matorrales,2020,2.5
06206,Playas y dunas,2024,2.36
05604,Marismas y humedales,2023,1.348571429
08108,Playas y dunas,2024,1.58
10101,Playas y dunas,2024,10.48
05104,Playas y dunas,2024,14.9526
16207,Playas y dunas,2018,0.55
05604,Marismas y humedales,2021,1.32
10106,Bosques y matorrales,2021,5.11
04102,Bosques y matorrales,2021,12.62
09102,Playas y dunas,2019,4.728285714
09102,Playas y dunas,2020,4.728285714
09102,Playas y dunas,2021,4.728285714
04203,Playas y dunas,2017,9
05103,Bosques y matorrales,2019,0.68
05103,Marismas y humedales,2019,0.68
08206,Marismas y humedales,2020,0.88
04203,Playas y dunas,2018,8.9
10403,Playas y dunas,2017,19.31
10403,Playas y dunas,2021,19.31
08206,Playas y dunas,2022,0.87
04301,Bosques y matorrales,2020,14.63
05105,Playas y dunas,2023,3.165714286
16207,Playas y dunas,2023,0.532142857
05403,Bosques y matorrales,2021,2
10306,Playas y dunas,2022,9.429591837
06203,Playas y dunas,2023,1.915714286
06203,Bosques y matorrales,2021,1.905
08207,Marismas y humedales,2023,5.977142857
06203,Playas y dunas,2017,1.89
06203,Playas y dunas,2018,1.89
12303,Marismas y humedales,2019,69.7
07103,Bosques y matorrales,2020,2.01
08207,Marismas y humedales,2018,5.9
05405,Playas y dunas,2023,2.151428571
04101,Playas y dunas,2018,5.61
04301,Bosques y matorrales,2018,14
02102,Bosques y matorrales,2023,15.96857143
14106,Bentonico,2024,4.672330013
14106,Bentonico,2017,4.672330013
14106,Bentonico,2018,4.672330013
14106,Bentonico,2019,4.672330013
14106,Bentonico,2020,4.672330013
14106,Bentonico,2021,4.672330013
14106,Bentonico,2022,4.672330013
14106,Bentonico,2023,4.672330013
04301,Bosques y matorrales,2021,13.88
10204,Bosques y matorrales,2021,2.51
05109,Marismas y humedales,2023,2.237142857
09102,Playas y dunas,2024,4.35
12302,Playas y dunas,2020,23.1
04102,Marismas y humedales,2021,11.56
10206,Bosques y matorrales,2021,3.93
10109,Playas y dunas,2024,0.68
08206,Marismas y humedales,2019,0.81
04301,Bosques y matorrales,2017,13.63
06205,Playas y dunas,2023,2.895
06203,Playas y dunas,2020,1.8
05602,Playas y dunas,2019,1.8
05602,Playas y dunas,2021,1.8
05603,Bosques y matorrales,2024,0.62
05601,Playas y dunas,2018,0.98
16207,Playas y dunas,2020,0.49
12302,Bosques y matorrales,2017,22.5
12302,Bosques y matorrales,2020,22.5
12301,Macrocystis,2024,18.67
05602,Playas y dunas,2020,1.77
05603,Marismas y humedales,2021,0.61
10108,Bosques y matorrales,2022,10.05
12302,Playas y dunas,2017,22.1
05602,Playas y dunas,2018,1.75
05102,Playas y dunas,2024,2.06
05103,Playas y dunas,2024,0.6
05603,Bosques y matorrales,2021,0.6
08203,Marismas y humedales,2023,3.781428571
08203,Bosques y matorrales,2022,3.78
12301,Marismas y humedales,2023,18.23857143
08102,Marismas y humedales,2019,2.65
16202,Marismas y humedales,2018,5.17
08108,Playas y dunas,2017,1.35
06206,Marismas y humedales,2021,2
12401,Playas y dunas,2022,733.44
05405,Bosques y matorrales,2022,1.98
12402,Marismas y humedales,2019,3.89
08202,Playas y dunas,2019,9.55
08111,Playas y dunas,2023,4.71
08203,Marismas y humedales,2018,3.7
05602,Playas y dunas,2017,1.7
06206,Marismas y humedales,2020,1.96
08202,Playas y dunas,2020,9.43
16202,Marismas y humedales,2020,5.05
05109,Bosques y matorrales,2023,2.048571429
08202,Playas y dunas,2021,9.31
08202,Marismas y humedales,2021,9.3
05605,Playas y dunas,2017,1.4
05605,Playas y dunas,2018,1.4
06206,Marismas y humedales,2019,1.92
12104,Bosques y matorrales,2019,19.43
04104,Bosques y matorrales,2018,12.49
05601,Marismas y humedales,2020,0.91
05601,Marismas y humedales,2021,0.91
10206,Playas y dunas,2018,3.575
05101,Playas y dunas,2023,2.964285714
04203,Playas y dunas,2023,7.491428571
16203,Playas y dunas,2024,0.84
16207,Playas y dunas,2019,0.45
05105,Playas y dunas,2022,2.67
06201,Playas y dunas,2018,5.53
08202,Marismas y humedales,2019,9
09118,Bosques y matorrales,2022,2.16
05103,Playas y dunas,2021,0.55
08202,Bosques y matorrales,2017,8.87
16202,Marismas y humedales,2019,4.7
07203,Marismas y humedales,2019,4.27
08201,Marismas y humedales,2021,11.27
06206,Marismas y humedales,2018,1.79
07103,Bosques y matorrales,2018,1.65
11201,Marismas y humedales,2023,259.3135714
12402,Macrocystis,2022,3.463905667
07203,Marismas y humedales,2018,4.18
03102,Bosques y matorrales,2022,17.34
07202,Playas y dunas,2018,2.58
06206,Playas y dunas,2020,1.76
12102,Marismas y humedales,2017,1.5
12102,Marismas y humedales,2021,1.5
08206,Playas y dunas,2021,0.675
12101,Playas y dunas,2018,288.16
16203,Playas y dunas,2017,0.77
07103,Bosques y matorrales,2019,1.6
05602,Bosques y matorrales,2021,1.5
08112,Marismas y humedales,2019,1.4
07203,Marismas y humedales,2017,4.09
07203,Marismas y humedales,2021,4.09
08112,Marismas y humedales,2020,1.39
08203,Bosques y matorrales,2021,3.235
07202,Playas y dunas,2020,2.5
08112,Marismas y humedales,2021,1.38
06206,Marismas y humedales,2023,1.701428571
06201,Playas y dunas,2017,4.98
02104,Marismas y humedales,2021,21.86
08206,Marismas y humedales,2023,0.651428571
07202,Playas y dunas,2019,2.47
05201,Bosques y matorrales,2023,13.49804286
12302,Playas y dunas,2018,18.34
05103,Playas y dunas,2020,0.5
11201,Marismas y humedales,2019,243.89
16202,Marismas y humedales,2022,4.307755102
05603,Playas y dunas,2023,0.498571429
08201,Marismas y humedales,2020,10.47
16207,Playas y dunas,2021,0.395
10101,Playas y dunas,2017,7.44
08111,Bosques y matorrales,2021,3.95
05605,Bosques y matorrales,2022,1.2
01101,Marismas y humedales,2017,18.05
11201,Marismas y humedales,2021,238.395
10203,Playas y dunas,2020,5.56
12101,Macrocystis,2022,269.6704211
12201,Macrocystis,2022,273.566497
08202,Marismas y humedales,2018,7.8
07203,Marismas y humedales,2023,3.802857143
12302,Bosques y matorrales,2023,17.49714286
05601,Marismas y humedales,2019,0.76
07102,Bosques y matorrales,2021,6.793333333
05602,Playas y dunas,2023,1.38
06205,Playas y dunas,2024,2.21
08112,Marismas y humedales,2018,1.28
08108,Playas y dunas,2022,1.048571429
08206,Marismas y humedales,2018,0.6
08207,Bosques y matorrales,2021,4.21
08102,Playas y dunas,2021,2.04
10104,Playas y dunas,2022,2.25
02104,Bosques y matorrales,2018,19.8
08102,Bosques y matorrales,2021,2.026666667
16202,Marismas y humedales,2021,3.93
12302,Marismas y humedales,2018,16.6
05103,Marismas y humedales,2021,0.45
04301,Bosques y matorrales,2019,9.8
03303,Bosques y matorrales,2018,9.33
08112,Marismas y humedales,2024,1.21
08112,Playas y dunas,2022,1.2
12402,Marismas y humedales,2022,2.879591837
06201,Playas y dunas,2019,4.3
04301,Bosques y matorrales,2023,9.484285714
10205,Playas y dunas,2023,4.307142857
08202,Marismas y humedales,2020,7
10101,Marismas y humedales,2024,6.52
08108,Playas y dunas,2019,0.98
08108,Playas y dunas,2020,0.98
08108,Playas y dunas,2021,0.98
10201,Bosques y matorrales,2021,5.14
12302,Marismas y humedales,2021,15.8
05103,Playas y dunas,2017,0.43
12102,Marismas y humedales,2020,1.23
08108,Marismas y humedales,2024,0.971428571
08108,Marismas y humedales,2022,0.971428571
16202,Marismas y humedales,2023,3.684285714
03101,Bosques y matorrales,2018,3.73
10203,Playas y dunas,2017,4.8
10203,Playas y dunas,2021,4.8
05403,Bosques y matorrales,2022,1.26
10203,Playas y dunas,2018,4.775
08112,Marismas y humedales,2023,1.131428571
10203,Playas y dunas,2019,4.75
02104,Marismas y humedales,2018,17.84
05105,Playas y dunas,2021,1.94
07309,Playas y dunas,2023,2.108571429
06206,Bosques y matorrales,2021,1.37
05104,Playas y dunas,2023,8.810728571
07202,Playas y dunas,2021,2
03304,Bosques y matorrales,2022,7.2
12301,Marismas y humedales,2020,12.3
06206,Playas y dunas,2017,1.35
05601,Playas y dunas,2020,0.64
05601,Playas y dunas,2021,0.64
16202,Playas y dunas,2017,3.45
12302,Playas y dunas,2019,14.58
08202,Marismas y humedales,2023,6.415714286
16202,Playas y dunas,2020,3.4
16203,Marismas y humedales,2018,0.58
05105,Playas y dunas,2020,1.85
05603,Playas y dunas,2022,0.39
11201,Playas y dunas,2022,189.81
08202,Bosques y matorrales,2020,6.26
11202,Marismas y humedales,2021,135.82
06206,Playas y dunas,2023,1.277142857
10403,Macrocystis,2024,10.89
12302,Marismas y humedales,2023,13.92428571
08110,Playas y dunas,2017,1.75
07309,Playas y dunas,2017,1.95
05601,Playas y dunas,2023,0.602857143
07303,Playas y dunas,2017,0.94
05401,Bosques y matorrales,2022,2.55
16207,Marismas y humedales,2024,0.3
12402,Marismas y humedales,2023,2.462142857
16202,Playas y dunas,2021,3.245
09117,Marismas y humedales,2017,2.56
03101,Marismas y humedales,2022,3.3
11202,Marismas y humedales,2017,132.9
05601,Marismas y humedales,2017,0.59047619
05601,Marismas y humedales,2022,0.59047619
05601,Playas y dunas,2019,0.59
08110,Playas y dunas,2019,1.7
09116,Playas y dunas,2022,1.83877551
06206,Playas y dunas,2018,1.23
12102,Marismas y humedales,2018,1.05
07103,Marismas y humedales,2018,1.13
10207,Macrocystis,2024,5.75
10403,Playas y dunas,2018,10.405
16202,Playas y dunas,2019,3.14
07203,Bosques y matorrales,2022,2.85
05405,Playas y dunas,2017,1.2
05405,Bosques y matorrales,2021,1.2
08201,Playas y dunas,2021,7.566666667
05603,Playas y dunas,2020,0.36
12301,Marismas y humedales,2022,10.92
05105,Playas y dunas,2024,1.69
05602,Pastos marinos,2017,1.030889305
09117,Marismas y humedales,2018,2.42
08110,Marismas y humedales,2022,1.629183673
06201,Playas y dunas,2020,3.47
02104,Bosques y matorrales,2019,15.26
08102,Playas y dunas,2020,1.56
03304,Bosques y matorrales,2018,6.21
16203,Marismas y humedales,2022,0.519795918
05602,Pastos marinos,2018,1.018061728
09102,Playas y dunas,2023,2.411428571
16202,Playas y dunas,2018,3.03
08110,Playas y dunas,2020,1.61
12102,Playas y dunas,2021,1
08108,Bosques y matorrales,2022,0.79
15101,Bosques y matorrales,2023,4.341571429
05401,Playas y dunas,2022,2.34
05602,Pastos marinos,2019,1.005393766
10203,Playas y dunas,2023,3.942142857
08110,Playas y dunas,2021,1.585
06205,Playas y dunas,2020,1.6
05602,Pastos marinos,2020,0.992883435
01404,Bosques y matorrales,2024,7.696816327
12102,Marismas y humedales,2022,0.977142857
10207,Macrocystis,2017,5.383527145
07309,Playas y dunas,2018,1.75
12101,Playas y dunas,2022,188.2087755
05602,Pastos marinos,2021,1
10108,Marismas y humedales,2019,5.59
10207,Macrocystis,2018,5.288337077
06206,Playas y dunas,2019,1.12
08201,Playas y dunas,2020,7.03
09117,Marismas y humedales,2019,2.28
05602,Pastos marinos,2022,0.96817411
05405,Playas y dunas,2022,1.11
08108,Playas y dunas,2018,0.75
12201,Macrocystis,2017,186.6954455
16203,Marismas y humedales,2024,0.49
07309,Playas y dunas,2019,1.7
10207,Macrocystis,2019,5.194830135
05602,Pastos marinos,2023,0.955975116
08207,Bosques y matorrales,2022,3
05109,Marismas y humedales,2019,1.15
05109,Marismas y humedales,2020,1.15
12201,Macrocystis,2018,183.3943472
05602,Pastos marinos,2024,0.94392983
04104,Bosques y matorrales,2024,7.079183673
10207,Macrocystis,2020,5.102976557
08108,Marismas y humedales,2020,0.73
08108,Marismas y humedales,2021,0.73
06206,Playas y dunas,2022,1.08
08108,Marismas y humedales,2023,0.728571429
07202,Bosques y matorrales,2021,1.58
07309,Playas y dunas,2020,1.65
07309,Playas y dunas,2021,1.65
08201,Bosques y matorrales,2022,6.75
04104,Marismas y humedales,2019,6.99
11203,Macrocystis,2024,18.01
12201,Macrocystis,2019,180.1516181
08106,Bosques y matorrales,2021,1.4
08108,Playas y dunas,2023,0.72
08108,Marismas y humedales,2019,0.72
10207,Macrocystis,2021,5.012747109
08207,Playas y dunas,2020,2.9
08207,Playas y dunas,2021,2.9
16203,Playas y dunas,2018,0.47
16203,Marismas y humedales,2019,0.47
16203,Marismas y humedales,2020,0.47
05102,Bosques y matorrales,2021,1.08
10102,Bosques y matorrales,2022,9.18
12302,Playas y dunas,2021,11.55
12201,Macrocystis,2020,176.966226
10403,Playas y dunas,2023,8.926428571
10108,Marismas y humedales,2024,5.17
10108,Playas y dunas,2019,5.17
05109,Marismas y humedales,2021,1.1
16203,Playas y dunas,2019,0.46
10201,Playas y dunas,2022,3.66
12201,Macrocystis,2021,173.8371572
05601,Bosques y matorrales,2024,0.49
08106,Playas y dunas,2022,1.35
06205,Playas y dunas,2021,1.43
08207,Playas y dunas,2017,2.79
12101,Playas y dunas,2019,168.35
11202,Marismas y humedales,2020,107.7
05101,Playas y dunas,2024,1.56
05109,Playas y dunas,2024,1.06
03101,Bosques y matorrales,2022,2.64
07309,Playas y dunas,2024,1.54
14201,Playas y dunas,2019,1.9
01404,Bosques y matorrales,2023,6.734714286
12303,Playas y dunas,2022,31.95
11202,Marismas y humedales,2018,106.24
09117,Marismas y humedales,2020,2.03
09117,Marismas y humedales,2021,2.03
12302,Bosques y matorrales,2022,10.86
08108,Marismas y humedales,2018,0.67
10109,Macrocystis,2024,0.32
12102,Marismas y humedales,2023,0.84
08102,Playas y dunas,2019,1.3
06205,Bosques y matorrales,2019,1.36
08110,Playas y dunas,2018,1.34
16203,Playas y dunas,2020,0.43
08201,Playas y dunas,2019,6.1
05602,Playas y dunas,2022,0.84
06205,Playas y dunas,2019,1.345
03201,Marismas y humedales,2018,4.7
05605,Marismas y humedales,2019,0.7
05201,Playas y dunas,2020,7.6896
05201,Playas y dunas,2021,7.6896
04104,Bosques y matorrales,2023,6.194285714
14201,Playas y dunas,2018,1.8
10101,Playas y dunas,2022,4.225899814
08206,Marismas y humedales,2021,0.36
12103,Macrocystis,2022,50.0495839
10108,Marismas y humedales,2020,4.6
10101,Playas y dunas,2018,4.16
08201,Marismas y humedales,2022,5.784285714
08201,Playas y dunas,2017,5.76
08201,Playas y dunas,2018,5.76
03303,Marismas y humedales,2017,5.7
07103,Marismas y humedales,2023,0.842380952
16202,Playas y dunas,2023,2.332142857
08111,Marismas y humedales,2023,2.145714286
14201,Playas y dunas,2017,1.7
14201,Playas y dunas,2021,1.7
05601,Marismas y humedales,2023,0.422857143
16203,Marismas y humedales,2023,0.393571429
03304,Bosques y matorrales,2017,4.7
07103,Marismas y humedales,2020,0.82
10103,Macrocystis,2024,2.58
08102,Playas y dunas,2018,1.17
08110,Playas y dunas,2023,1.209285714
16203,Playas y dunas,2023,0.386428571
07203,Playas y dunas,2019,2.04
10104,Marismas y humedales,2024,1.25
10203,Playas y dunas,2022,2.91
08207,Playas y dunas,2019,2.32
03304,Marismas y humedales,2022,4.483265306
07203,Playas y dunas,2017,2
07203,Playas y dunas,2018,2
10208,Macrocystis,2024,17.75
08201,Marismas y humedales,2019,5.3
06205,Bosques y matorrales,2021,1.17
08111,Marismas y humedales,2019,2.01
14201,Bosques y matorrales,2022,1.59
12102,Playas y dunas,2017,0.714285714
12102,Playas y dunas,2022,0.714285714
10206,Playas y dunas,2023,1.562142857
05109,Playas y dunas,2019,0.88
02104,Bosques y matorrales,2020,10.735
02104,Bosques y matorrales,2021,10.72
11202,Bosques y matorrales,2022,87.48
10109,Marismas y humedales,2021,0.265
10109,Marismas y humedales,2022,0.265
08207,Playas y dunas,2018,2.23
06205,Bosques y matorrales,2017,1.13
10106,Playas y dunas,2024,1.8
10106,Marismas y humedales,2019,1.8
06201,Playas y dunas,2021,2.373333333
09118,Marismas y humedales,2017,0.94
08107,Playas y dunas,2022,1.02
09117,Marismas y humedales,2023,1.634285714
10207,Macrocystis,2023,3.767488289
05601,Marismas y humedales,2018,0.38
16207,Marismas y humedales,2017,0.19
16207,Marismas y humedales,2019,0.19
16207,Marismas y humedales,2020,0.19
16207,Marismas y humedales,2021,0.19
07102,Marismas y humedales,2024,3.4
02101,Marismas y humedales,2018,8.97
08102,Playas y dunas,2023,1.045714286
08102,Playas y dunas,2017,1.04
06205,Playas y dunas,2017,1.09
06205,Playas y dunas,2018,1.09
05102,Playas y dunas,2017,0.8
08201,Marismas y humedales,2023,4.92
09118,Bosques y matorrales,2021,0.91
15102,Pastos marinos,2017,2.296803779
10401,Macrocystis,2024,16.09
15102,Pastos marinos,2018,2.268224155
08207,Playas y dunas,2023,2.087142857
10403,Playas y dunas,2020,6.53
12201,Macrocystis,2023,128.7206849
03102,Marismas y humedales,2017,7.5
03303,Marismas y humedales,2018,4.74
15102,Pastos marinos,2019,2.240000153
02104,Bosques y matorrales,2023,9.762142857
11202,Marismas y humedales,2023,80.33285714
09117,Marismas y humedales,2024,1.54
03102,Marismas y humedales,2018,7.4
02104,Bosques y matorrales,2017,9.72
03304,Pastos marinos,2017,3.974108668
15102,Pastos marinos,2020,2.212127348
10303,Marismas y humedales,2022,1.35
11202,Marismas y humedales,2019,79.58
08107,Marismas y humedales,2024,0.95
05102,Playas y dunas,2018,0.76
03304,Pastos marinos,2018,3.924657977
05605,Marismas y humedales,2022,0.54
15102,Pastos marinos,2021,2.2
08111,Marismas y humedales,2020,1.76
08111,Marismas y humedales,2021,1.76
08201,Playas y dunas,2023,4.628095238
09102,Marismas y humedales,2024,1.51
06205,Bosques y matorrales,2022,1.02
03304,Pastos marinos,2019,3.875822612
10303,Bosques y matorrales,2022,1.32
09118,Marismas y humedales,2018,0.855
15102,Pastos marinos,2022,2.157075394
07103,Bosques y matorrales,2021,0.675
08110,Marismas y humedales,2019,1
10106,Marismas y humedales,2018,1.61
03304,Pastos marinos,2020,3.827594916
15102,Pastos marinos,2023,2.129896244
03304,Marismas y humedales,2023,3.812857143
12102,Macrocystis,2022,0.613823348
04203,Bosques y matorrales,2022,2.82
15101,Bosques y matorrales,2021,2.68
03304,Pastos marinos,2021,3.8
15102,Pastos marinos,2024,2.103059551
10109,Marismas y humedales,2024,0.23
08110,Marismas y humedales,2023,0.974285714
03304,Pastos marinos,2022,3.73233974
05102,Playas y dunas,2019,0.72
08106,Marismas y humedales,2024,0.92
12102,Marismas y humedales,2019,0.6
05603,Playas y dunas,2017,0.21
02101,Bosques y matorrales,2017,7.952
03304,Pastos marinos,2023,3.685312259
08108,Bosques y matorrales,2023,0.47
03304,Pastos marinos,2024,3.638877325
10305,Marismas y humedales,2024,0.84
07102,Playas y dunas,2022,2.91
03303,Pastos marinos,2017,4.23646206
14102,Macrocystis,2024,1.87
10109,Marismas y humedales,2019,0.22
16203,Playas y dunas,2022,0.3
10203,Macrocystis,2022,2.31
09118,Playas y dunas,2023,0.787142857
03303,Pastos marinos,2018,4.18374685
08201,Bosques y matorrales,2021,4.226666667
08108,Bosques y matorrales,2018,0.45
05201,Playas y dunas,2022,5.3525
03303,Pastos marinos,2019,4.131687586
08107,Marismas y humedales,2022,0.84
09118,Marismas y humedales,2019,0.77
15101,Marismas y humedales,2024,2.465306122
05201,Playas y dunas,2017,5.277811429
05201,Playas y dunas,2018,5.277811429
05201,Playas y dunas,2019,5.277811429
03303,Pastos marinos,2020,4.080276107
10108,Marismas y humedales,2018,3.245
08111,Bosques y matorrales,2022,1.56
03304,Marismas y humedales,2018,3.43
03303,Pastos marinos,2021,4
05605,Marismas y humedales,2021,0.47
03201,Bosques y matorrales,2021,3.143102041
10101,Bosques y matorrales,2021,2.9
10108,Playas y dunas,2024,3.18
10106,Marismas y humedales,2017,1.42
10106,Marismas y humedales,2021,1.42
03303,Pastos marinos,2022,3.978732597
10403,Playas y dunas,2022,5.43
05603,Playas y dunas,2018,0.19
10108,Playas y dunas,2018,3.135
14201,Playas y dunas,2023,1.197142857
03303,Pastos marinos,2023,3.928600567
08203,Marismas y humedales,2024,1.19
15102,Bosques y matorrales,2023,1.857142857
12402,Marismas y humedales,2020,1.23
12402,Marismas y humedales,2021,1.23
02101,Marismas y humedales,2022,7.073061224
03303,Pastos marinos,2024,3.879100199
04104,Bosques y matorrales,2020,4.06
16203,Playas y dunas,2021,0.275
08206,Bosques y matorrales,2021,0.24
10108,Playas y dunas,2022,3.06
05102,Bosques y matorrales,2022,0.63
10205,Bosques y matorrales,2021,1.82
02104,Marismas y humedales,2023,7.878571429
09116,Marismas y humedales,2020,0.91
09116,Marismas y humedales,2021,0.91
05101,Playas y dunas,2021,0.94
16203,Bentonico,2024,0.267686485
16203,Bentonico,2017,0.267686485
16203,Bentonico,2018,0.267686485
16203,Bentonico,2019,0.267686485
16203,Bentonico,2020,0.267686485
16203,Bentonico,2021,0.267686485
16203,Bentonico,2022,0.267686485
16203,Bentonico,2023,0.267686485
10202,Bosques y matorrales,2021,4.943333333
07202,Marismas y humedales,2017,0.88
11201,Macrocystis,2024,87.67
03304,Bosques y matorrales,2023,3.153571429
05109,Playas y dunas,2022,0.63
08108,Bosques y matorrales,2019,0.4
12402,Playas y dunas,2024,1.16
05405,Playas y dunas,2020,0.59
10106,Marismas y humedales,2022,1.309591837
08201,Marismas y humedales,2017,3.7
08201,Marismas y humedales,2018,3.7
08111,Marismas y humedales,2017,1.4
08111,Marismas y humedales,2018,1.4
03304,Marismas y humedales,2020,3.09
10104,Playas y dunas,2024,0.85
08108,Bosques y matorrales,2020,0.39
15101,Marismas y humedales,2023,2.157142857
08202,Marismas y humedales,2024,2.76
05405,Playas y dunas,2019,0.57
14101,Bosques y matorrales,2022,1.08
05603,Playas y dunas,2019,0.17
14106,Marismas y humedales,2024,1.24
03201,Bosques y matorrales,2023,2.747714286
14201,Playas y dunas,2020,1.07
12201,Playas y dunas,2022,93.39081633
04202,Bosques y matorrales,2024,2.13
04104,Marismas y humedales,2021,3.6
07103,Marismas y humedales,2021,0.506666667
08110,Marismas y humedales,2018,0.75
08112,Bosques y matorrales,2021,0.44
12301,Playas y dunas,2017,4.93
12301,Playas y dunas,2021,4.93
10202,Playas y dunas,2024,4.45
10106,Playas y dunas,2019,1.2
07103,Marismas y humedales,2019,0.5
02101,Marismas y humedales,2023,6.121428571
08207,Playas y dunas,2022,1.47
10106,Marismas y humedales,2024,1.19
09116,Marismas y humedales,2024,0.8
12101,Playas y dunas,2023,88.38142857
10101,Playas y dunas,2023,2.387662338
12103,Playas y dunas,2022,28.59387755
10202,Playas y dunas,2021,4.37
01404,Playas y dunas,2022,3.57
05109,Playas y dunas,2018,0.56
10203,Bosques y matorrales,2021,1.8
10205,Playas y dunas,2024,1.56
10101,Playas y dunas,2019,2.363636364
10401,Marismas y humedales,2024,10.97
10109,Playas y dunas,2018,0.17
10109,Marismas y humedales,2023,0.17
12101,Macrocystis,2017,86.77748491
10403,Marismas y humedales,2024,4.46
03101,Bosques y matorrales,2021,1.366938776
08110,Marismas y humedales,2020,0.71
08110,Marismas y humedales,2021,0.71
11202,Playas y dunas,2024,54.87
12101,Macrocystis,2018,85.24310895
09116,Marismas y humedales,2022,0.768979592
09118,Marismas y humedales,2020,0.6
09118,Marismas y humedales,2021,0.6
08106,Marismas y humedales,2017,0.67
08106,Marismas y humedales,2018,0.67
16207,Marismas y humedales,2023,0.121428571
10207,Bosques y matorrales,2021,2.4
03101,Bosques y matorrales,2017,1.34
09116,Marismas y humedales,2019,0.76
10102,Bosques y matorrales,2021,4.4
12101,Macrocystis,2019,83.73586341
03304,Bosques y matorrales,2019,2.67
14106,Playas y dunas,2017,1.1
14106,Playas y dunas,2020,1.1
12101,Macrocystis,2020,82.25526858
02104,Marismas y humedales,2019,6.4
10210,Bosques y matorrales,2021,3.36
09102,Bosques y matorrales,2017,1.01
09116,Marismas y humedales,2018,0.73
12101,Macrocystis,2021,80.80085322
07303,Marismas y humedales,2022,0.36
07303,Playas y dunas,2022,0.36
05606,Marismas y humedales,2024,1.48
05101,Playas y dunas,2018,0.74
16203,Bosques y matorrales,2021,0.21
10401,Playas y dunas,2017,9.9
10401,Playas y dunas,2020,9.9
10401,Playas y dunas,2021,9.9
14106,Playas y dunas,2018,1.04
10202,Playas y dunas,2020,3.9
05107,Playas y dunas,2022,0.6
15101,Bosques y matorrales,2019,1.77
09118,Marismas y humedales,2023,0.550714286
09116,Marismas y humedales,2017,0.7
11202,Macrocystis,2024,49.62
10207,Marismas y humedales,2024,2.19
12301,Playas y dunas,2018,4.205
12401,Playas y dunas,2023,167.5892857
10108,Playas y dunas,2023,2.252142857
10202,Playas y dunas,2019,3.73
05101,Playas y dunas,2017,0.7
05101,Bosques y matorrales,2021,0.7
10106,Marismas y humedales,2023,0.997142857
09102,Marismas y humedales,2021,0.92
12102,Macrocystis,2017,0.381954092
14106,Playas y dunas,2019,0.98
04104,Marismas y humedales,2018,2.9
10108,Marismas y humedales,2023,2.202142857
10108,Playas y dunas,2020,2.2
10202,Marismas y humedales,2019,3.63
12102,Macrocystis,2018,0.375200483
12101,Marismas y humedales,2024,72.43
12102,Macrocystis,2019,0.36856629
11203,Bosques y matorrales,2023,7.242857143
07202,Playas y dunas,2022,0.63
09116,Playas y dunas,2020,0.64
09116,Playas y dunas,2021,0.64
09118,Playas y dunas,2017,0.5
15101,Marismas y humedales,2019,1.6
03303,Bosques y matorrales,2017,2.66
05201,Playas y dunas,2023,3.433457143
03303,Bosques y matorrales,2020,2.65
03101,Bosques y matorrales,2023,1.118571429
12102,Macrocystis,2020,0.362049401
10210,Playas y dunas,2024,2.88
05102,Playas y dunas,2020,0.43
10202,Marismas y humedales,2017,3.46
10202,Marismas y humedales,2018,3.46
08106,Marismas y humedales,2019,0.55
06201,Bosques y matorrales,2022,1.23
05604,Bosques y matorrales,2021,0.24
04104,Bosques y matorrales,2017,2.73
15101,Playas y dunas,2022,1.56
10101,Playas y dunas,2021,1.87
12102,Macrocystis,2021,0.355647741
10106,Playas y dunas,2022,0.916734694
10205,Marismas y humedales,2023,1.218571429
09117,Playas y dunas,2022,0.84
14106,Marismas y humedales,2017,0.9
14106,Marismas y humedales,2020,0.9
07203,Playas y dunas,2023,0.964285714
08207,Marismas y humedales,2024,1.11
08112,Playas y dunas,2023,0.328571429
05109,Playas y dunas,2023,0.428571429
05107,Marismas y humedales,2024,0.51
12302,Bosques y matorrales,2021,4.4
05103,Marismas y humedales,2024,0.12
11303,Marismas y humedales,2024,50.76
12102,Playas y dunas,2020,0.34
08106,Marismas y humedales,2020,0.52
10106,Playas y dunas,2018,0.88
12301,Playas y dunas,2020,3.61
16203,Marismas y humedales,2021,0.175
09116,Playas y dunas,2019,0.59
12101,Playas y dunas,2017,65.08
08110,Bosques y matorrales,2021,0.54
09117,Playas y dunas,2017,0.8
05405,Playas y dunas,2021,0.39
02301,Marismas y humedales,2017,3.7
06205,Marismas y humedales,2022,0.54
09117,Playas y dunas,2018,0.79
14201,Marismas y humedales,2024,0.73
07203,Marismas y humedales,2024,0.91
10306,Marismas y humedales,2024,1.63
10205,Macrocystis,2023,1.134972786
09116,Marismas y humedales,2023,0.572857143
12301,Playas y dunas,2019,3.48
09117,Playas y dunas,2019,0.78
09117,Playas y dunas,2020,0.78
09117,Playas y dunas,2021,0.78
05102,Playas y dunas,2021,0.39
08102,Macrocystis,2017,0.504948017
05109,Bosques y matorrales,2021,0.4
10106,Playas y dunas,2020,0.84
10401,Playas y dunas,2018,7.9
10202,Playas y dunas,2017,3.11
10202,Playas y dunas,2018,3.11
10103,Playas y dunas,2017,1.1
10103,Playas y dunas,2021,1.1
08107,Macrocystis,2024,0.48
10202,Marismas y humedales,2020,3.09
08102,Macrocystis,2018,0.496019663
03304,Marismas y humedales,2021,1.97
10201,Playas y dunas,2024,1.31
15102,Bosques y matorrales,2017,1.09
08102,Macrocystis,2019,0.487249178
03303,Bosques y matorrales,2023,2.29
10202,Marismas y humedales,2021,3.023333333
02104,Marismas y humedales,2020,4.73
12301,Macrocystis,2017,3.324866855
09116,Playas y dunas,2018,0.545
10208,Marismas y humedales,2017,7.63
12101,Macrocystis,2023,59.83036844
08102,Macrocystis,2020,0.47863377
12104,Macrocystis,2024,3.66
10101,Marismas y humedales,2022,1.620408163
10203,Marismas y humedales,2017,1.23
10203,Marismas y humedales,2021,1.23
08111,Playas y dunas,2020,0.86
08111,Playas y dunas,2021,0.86
12301,Macrocystis,2018,3.26607746
10208,Macrocystis,2017,7.534898423
11201,Playas y dunas,2024,52.34
10208,Playas y dunas,2022,7.5
08102,Macrocystis,2021,0.470170697
12301,Macrocystis,2019,3.208327564
10208,Macrocystis,2018,7.401668392
08106,Marismas y humedales,2021,0.46
12102,Playas y dunas,2019,0.3
01404,Marismas y humedales,2018,2.36
10201,Playas y dunas,2021,1.24
08110,Playas y dunas,2022,0.48
10203,Marismas y humedales,2018,1.185
12401,Macrocystis,2017,127.2621836
12301,Macrocystis,2020,3.151598786
10208,Macrocystis,2019,7.270794099
14106,Marismas y humedales,2022,0.75755102
03201,Playas y dunas,2022,1.68
11303,Playas y dunas,2022,43.65
05109,Playas y dunas,2021,0.36
12401,Macrocystis,2018,125.0119682
12301,Macrocystis,2021,3.095873071
10208,Macrocystis,2020,7.142233889
11303,Playas y dunas,2020,42.78
11303,Playas y dunas,2021,42.78
10204,Marismas y humedales,2020,0.4
10204,Marismas y humedales,2021,0.4
10206,Macrocystis,2024,0.63
05601,Marismas y humedales,2024,0.16
14106,Marismas y humedales,2018,0.735
09116,Playas y dunas,2017,0.5
05602,Marismas y humedales,2024,0.29
10203,Marismas y humedales,2019,1.14
12401,Macrocystis,2019,122.8015405
09117,Playas y dunas,2023,0.681428571
09118,Playas y dunas,2018,0.39
10208,Macrocystis,2021,7.015946845
12303,Macrocystis,2017,10.59541057
10206,Marismas y humedales,2019,0.62
10206,Marismas y humedales,2020,0.62
10206,Marismas y humedales,2021,0.62
14102,Marismas y humedales,2021,0.91
05605,Bosques y matorrales,2021,0.24
11201,Bentonico,2024,48.20482106
11201,Bentonico,2017,48.20482106
11201,Bentonico,2018,48.20482106
11201,Bentonico,2019,48.20482106
11201,Bentonico,2020,48.20482106
11201,Bentonico,2021,48.20482106
11201,Bentonico,2022,48.20482106
11201,Bentonico,2023,48.20482106
04104,Marismas y humedales,2023,2.148571429
08106,Marismas y humedales,2023,0.431428571
10106,Marismas y humedales,2020,0.73
10208,Marismas y humedales,2018,6.915
12401,Macrocystis,2020,120.6301969
10202,Macrocystis,2024,2.7
07202,Marismas y humedales,2024,0.48
10305,Macrocystis,2024,0.4
12303,Macrocystis,2018,10.40806539
10104,Playas y dunas,2023,0.475
03102,Bosques y matorrales,2023,3.190142857
04202,Marismas y humedales,2024,1.25
07103,Marismas y humedales,2024,0.3
14102,Marismas y humedales,2020,0.89
07303,Marismas y humedales,2024,0.24
12401,Macrocystis,2021,118.4972465
12303,Macrocystis,2019,10.2240328
10202,Playas y dunas,2023,2.607142857
14102,Marismas y humedales,2019,0.87
09102,Marismas y humedales,2017,0.65
14101,Marismas y humedales,2022,0.6
03303,Marismas y humedales,2022,1.960204082
12303,Marismas y humedales,2024,10.05
12303,Macrocystis,2020,10.04325423
14106,Playas y dunas,2023,0.685714286
05109,Playas y dunas,2020,0.33
08202,Playas y dunas,2022,1.5
12303,Macrocystis,2021,9.865672127
10306,Macrocystis,2024,1.31
08112,Playas y dunas,2017,0.25
12401,Playas y dunas,2019,113.42
12201,Playas y dunas,2020,51.97
12102,Macrocystis,2023,0.26334543
05107,Marismas y humedales,2022,0.39
08106,Playas y dunas,2023,0.402142857
03102,Bosques y matorrales,2017,3.01
04102,Playas y dunas,2022,1.68
08102,Macrocystis,2022,0.40502389
14201,Macrocystis,2024,0.58
02301,Marismas y humedales,2018,2.9
10203,Marismas y humedales,2020,1.04
10208,Marismas y humedales,2020,6.39
10208,Marismas y humedales,2021,6.39
10210,Macrocystis,2017,2.062418036
10206,Marismas y humedales,2018,0.56
10401,Playas y dunas,2023,6.248571429
12102,Playas y dunas,2023,0.255714286
14102,Bosques y matorrales,2021,0.82
10210,Macrocystis,2018,2.025950919
10206,Marismas y humedales,2024,0.556190476
10206,Marismas y humedales,2022,0.556190476
10102,Marismas y humedales,2024,2.58
08112,Playas y dunas,2024,0.24
10203,Marismas y humedales,2022,1.006734694
10208,Marismas y humedales,2019,6.2
10202,Marismas y humedales,2023,2.419047619
15101,Marismas y humedales,2021,1.1
10209,Marismas y humedales,2019,2.04
05102,Marismas y humedales,2022,0.3
12101,Playas y dunas,2020,48.54
12101,Playas y dunas,2021,48.54
10210,Macrocystis,2019,1.990128604
07203,Playas y dunas,2022,0.69
10203,Macrocystis,2024,0.98
10210,Macrocystis,2020,1.95493969
06201,Marismas y humedales,2022,0.84
01101,Marismas y humedales,2023,3.141428571
02102,Marismas y humedales,2017,2.13
03102,Marismas y humedales,2022,2.792857143
05107,Macrocystis,2022,0.36
08112,Playas y dunas,2019,0.23
08112,Playas y dunas,2020,0.23
14101,Macrocystis,2024,0.54
12301,Macrocystis,2023,2.57953482
10201,Macrocystis,2017,1.003594891
10401,Playas y dunas,2019,5.9
10210,Macrocystis,2021,1.920372976
12201,Playas y dunas,2021,47.48
09116,Playas y dunas,2023,0.416428571
14102,Marismas y humedales,2018,0.765
10201,Macrocystis,2018,0.985849598
15101,Bosques y matorrales,2018,1.036
05201,Playas y dunas,2024,2.2239
12201,Playas y dunas,2017,46.48
05605,Marismas y humedales,2024,0.2
12104,Bosques y matorrales,2023,2.775714286
03303,Marismas y humedales,2023,1.701428571
10201,Macrocystis,2019,0.968418073
08112,Playas y dunas,2021,0.22
14201,Bosques y matorrales,2021,0.515
10201,Marismas y humedales,2022,0.96
11201,Marismas y humedales,2024,39.52
08202,Playas y dunas,2018,1.3
10201,Macrocystis,2020,0.951294767
03101,Marismas y humedales,2018,0.705
03101,Marismas y humedales,2020,0.705
10206,Marismas y humedales,2017,0.5
05403,Marismas y humedales,2024,0.24
12401,Marismas y humedales,2022,97.74
10201,Macrocystis,2021,0.934474231
16202,Marismas y humedales,2024,0.68
08102,Macrocystis,2023,0.348145903
14102,Marismas y humedales,2022,0.722857143
10303,Marismas y humedales,2024,0.47
12401,Playas y dunas,2018,95.645
10106,Playas y dunas,2023,0.577142857
14106,Marismas y humedales,2019,0.57
03102,Playas y dunas,2022,2.55
07103,Playas y dunas,2022,0.24
14102,Playas y dunas,2021,0.71
12401,Marismas y humedales,2024,94.8
10209,Marismas y humedales,2018,1.775
11201,Playas y dunas,2023,37.17428571
10106,Playas y dunas,2017,0.56
10106,Playas y dunas,2021,0.56
16207,Marismas y humedales,2022,0.06
14106,Playas y dunas,2021,0.55
10205,Macrocystis,2024,0.74
10108,Macrocystis,2017,1.238302722
10103,Playas y dunas,2018,0.725
15102,Bosques y matorrales,2018,0.73
10208,Macrocystis,2023,5.199363093
10204,Macrocystis,2017,0.292118393
14102,Macrocystis,2022,0.674021868
10108,Macrocystis,2018,1.216407389
15101,Bosques y matorrales,2020,0.915
10203,Marismas y humedales,2023,0.832142857
15102,Bosques y matorrales,2020,0.72
15102,Marismas y humedales,2021,0.72
10401,Marismas y humedales,2017,5.07
10401,Marismas y humedales,2020,5.07
10401,Marismas y humedales,2021,5.07
04301,Macrocystis,2024,1.58
12401,Macrocystis,2023,89.03759081
10204,Macrocystis,2018,0.286953234
10108,Macrocystis,2019,1.194899203
04104,Bosques y matorrales,2019,1.57
14102,Marismas y humedales,2017,0.66
09118,Playas y dunas,2019,0.28
10204,Macrocystis,2019,0.281879405
15102,Marismas y humedales,2018,0.7
10201,Macrocystis,2024,0.84
01101,Marismas y humedales,2018,2.6
10108,Macrocystis,2020,1.17377132
03102,Marismas y humedales,2023,2.32
03101,Bosques y matorrales,2024,0.62
10403,Marismas y humedales,2022,2.01
09117,Pastos marinos,2017,0.480192337
12402,Marismas y humedales,2024,0.46
12303,Macrocystis,2023,7.498062159
10401,Marismas y humedales,2018,4.895
08111,Playas y dunas,2024,0.56
10204,Macrocystis,2020,0.27689529
12201,Playas y dunas,2018,39.325
10208,Marismas y humedales,2023,4.900714286
09117,Pastos marinos,2018,0.4742172
10108,Macrocystis,2021,1.153017013
10108,Macrocystis,2024,1.15
14106,Marismas y humedales,2023,0.507857143
02301,Bosques y matorrales,2017,2.19
10108,Macrocystis,2022,1.140024106
10204,Macrocystis,2021,0.271999302
09117,Pastos marinos,2019,0.468316413
08106,Playas y dunas,2019,0.3
05109,Playas y dunas,2017,0.24
10204,Macrocystis,2024,0.268542024
10204,Macrocystis,2022,0.268542024
09117,Pastos marinos,2020,0.462489051
10201,Playas y dunas,2023,0.802857143
10401,Marismas y humedales,2019,4.72
08106,Playas y dunas,2021,0.295
11303,Bosques y matorrales,2021,28.4
04301,Bosques y matorrales,2024,1.46
09117,Pastos marinos,2021,0.5
10206,Marismas y humedales,2023,0.417142857
12103,Playas y dunas,2018,12
10108,Playas y dunas,2017,1.1
10108,Playas y dunas,2021,1.1
08106,Playas y dunas,2017,0.29
08106,Playas y dunas,2018,0.29
08106,Playas y dunas,2020,0.29
09117,Pastos marinos,2022,0.450979349
09116,Macrocystis,2024,0.33
12301,Macrocystis,2022,2.01
01101,Bosques y matorrales,2017,2.41
10209,Bosques y matorrales,2021,1.52
09102,Bosques y matorrales,2021,0.45
09117,Pastos marinos,2023,0.445297009
10209,Marismas y humedales,2017,1.51
10207,Playas y dunas,2022,1.02
09117,Pastos marinos,2024,0.439686267
12104,Macrocystis,2022,2.182935541
12103,Marismas y humedales,2024,11.56
12401,Playas y dunas,2021,78.87
09118,Marismas y humedales,2024,0.25
14102,Marismas y humedales,2023,0.585
03201,Marismas y humedales,2024,1.035102041
12401,Playas y dunas,2017,77.87
03201,Marismas y humedales,2017,1.03
10210,Macrocystis,2023,1.439115746
04203,Macrocystis,2024,0.83
14102,Playas y dunas,2020,0.58
08112,Playas y dunas,2018,0.17
11203,Macrocystis,2017,3.521790575
02104,Marismas y humedales,2017,2.7
06203,Marismas y humedales,2022,0.18
12104,Macrocystis,2017,2.106793806
10101,Marismas y humedales,2017,0.93
08206,Marismas y humedales,2024,0.08
04203,Marismas y humedales,2024,0.81
10207,Marismas y humedales,2022,0.97
11203,Macrocystis,2018,3.459519229
10104,Marismas y humedales,2022,0.3
14106,Marismas y humedales,2021,0.45
12104,Macrocystis,2018,2.069542049
15102,Marismas y humedales,2019,0.6
04101,Bosques y matorrales,2024,0.53
02301,Pastos marinos,2017,1.922051323
11203,Macrocystis,2019,3.398348948
10207,Playas y dunas,2017,0.95
03201,Bosques y matorrales,2018,0.98
02102,Bosques y matorrales,2017,1.5
12401,Playas y dunas,2020,73.88
08111,Playas y dunas,2019,0.48
12104,Macrocystis,2019,2.032948967
10201,Macrocystis,2023,0.709090223
02301,Pastos marinos,2018,1.898134825
14101,Marismas y humedales,2024,0.38
14101,Playas y dunas,2020,0.38
14101,Playas y dunas,2021,0.38
10209,Marismas y humedales,2024,1.38
10104,Playas y dunas,2021,0.29
11203,Macrocystis,2020,3.338260263
02301,Pastos marinos,2019,1.874515924
12104,Macrocystis,2020,1.997002915
09118,Macrocystis,2024,0.23
10101,Playas y dunas,2020,0.88
12303,Playas y dunas,2023,6.229285714
04102,Marismas y humedales,2024,1.07
02301,Pastos marinos,2020,1.851190918
11203,Macrocystis,2021,3.27923405
14101,Playas y dunas,2017,0.37
10103,Playas y dunas,2023,0.566428571
12104,Macrocystis,2021,1.961692451
04104,Playas y dunas,2022,1.26
02301,Pastos marinos,2021,1.8
12303,Marismas y humedales,2022,6.15
11303,Playas y dunas,2023,24.29678571
12302,Macrocystis,2024,2.1
10101,Marismas y humedales,2021,0.86
11303,Playas y dunas,2019,24.1725
12201,Playas y dunas,2019,32.17
02301,Pastos marinos,2022,1.805121383
04202,Macrocystis,2024,0.73
12201,Marismas y humedales,2024,31.91
10101,Marismas y humedales,2018,0.85
09118,Playas y dunas,2020,0.22
09118,Playas y dunas,2021,0.22
10305,Playas y dunas,2017,0.23
10305,Playas y dunas,2020,0.23
14102,Macrocystis,2017,0.516367288
02301,Pastos marinos,2023,1.782376854
10101,Macrocystis,2024,0.84
03201,Marismas y humedales,2023,0.905714286
02301,Pastos marinos,2024,1.759918906
08112,Marismas y humedales,2022,0.15
10103,Playas y dunas,2022,0.54
10207,Playas y dunas,2020,0.87
10207,Playas y dunas,2021,0.87
14102,Macrocystis,2018,0.507237021
12201,Playas y dunas,2023,31.06071429
04101,Bosques y matorrales,2022,0.48
10209,Marismas y humedales,2020,1.27
10209,Marismas y humedales,2021,1.27
03101,Marismas y humedales,2023,0.48
14101,Playas y dunas,2018,0.345
10108,Marismas y humedales,2017,0.9
10108,Marismas y humedales,2021,0.9
14102,Macrocystis,2019,0.498268194
10101,Marismas y humedales,2019,0.81
02102,Marismas y humedales,2018,1.34
08201,Marismas y humedales,2024,1.13
14102,Macrocystis,2020,0.489457951
10201,Playas y dunas,2020,0.63
10305,Playas y dunas,2018,0.215
10403,Playas y dunas,2019,1.5
12102,Playas y dunas,2018,0.15
14102,Macrocystis,2021,0.480803488
02101,Marismas y humedales,2020,1.98
11202,Macrocystis,2017,18.52437206
10207,Marismas y humedales,2019,0.82
10207,Marismas y humedales,2020,0.82
10207,Marismas y humedales,2021,0.82
05101,Marismas y humedales,2022,0.27
06203,Marismas y humedales,2024,0.15
04101,Marismas y humedales,2024,0.45
10108,Macrocystis,2023,0.853771092
10101,Marismas y humedales,2020,0.77
11202,Macrocystis,2018,18.19682913
14102,Playas y dunas,2017,0.47
10401,Marismas y humedales,2023,3.555
10204,Macrocystis,2023,0.201406518
01404,Bosques y matorrales,2017,1.14
15102,Bosques y matorrales,2024,0.5
10207,Marismas y humedales,2018,0.795
10403,Marismas y humedales,2020,1.44
15101,Marismas y humedales,2022,0.63
14101,Playas y dunas,2019,0.32
11202,Macrocystis,2019,17.87507773
10206,Macrocystis,2022,0.313204597
14102,Playas y dunas,2018,0.46
03304,Marismas y humedales,2024,0.88
10303,Marismas y humedales,2019,0.3
06205,Marismas y humedales,2024,0.23
11202,Macrocystis,2020,17.55901545
10305,Marismas y humedales,2022,0.200816327
14102,Playas y dunas,2019,0.45
10305,Playas y dunas,2019,0.2
10207,Marismas y humedales,2017,0.77
02102,Marismas y humedales,2024,1.214285714
02102,Marismas y humedales,2019,1.214285714
02102,Marismas y humedales,2020,1.214285714
02102,Marismas y humedales,2021,1.214285714
12302,Marismas y humedales,2024,1.78
02104,Bosques y matorrales,2022,2.1
08107,Marismas y humedales,2023,0.207142857
12301,Bosques y matorrales,2021,1.48
10209,Marismas y humedales,2023,1.127857143
11202,Macrocystis,2021,17.2485417
10102,Marismas y humedales,2019,1.4
03304,Bosques y matorrales,2024,0.85
10210,Macrocystis,2024,1.09
12104,Marismas y humedales,2024,1.62
09102,Marismas y humedales,2023,0.327142857
10303,Marismas y humedales,2023,0.286428571
08102,Playas y dunas,2022,0.21
10109,Macrocystis,2022,0.051199696
11203,Macrocystis,2023,2.655307581
14101,Marismas y humedales,2020,0.3
14101,Marismas y humedales,2021,0.3
10102,Marismas y humedales,2020,1.37
10104,Playas y dunas,2020,0.23
08107,Playas y dunas,2024,0.2
15101,Pastos marinos,2017,0.586971489
10401,Macrocystis,2017,3.270990442
10403,Marismas y humedales,2017,1.33
10403,Marismas y humedales,2021,1.33
10102,Marismas y humedales,2018,1.35
08206,Marismas y humedales,2022,0.06
15101,Pastos marinos,2018,0.579667676
11201,Macrocystis,2017,22.56074478
10401,Macrocystis,2018,3.213153676
12402,Playas y dunas,2019,0.3
15101,Pastos marinos,2019,0.572454747
11303,Marismas y humedales,2022,19.29
08107,Macrocystis,2017,0.193875509
11201,Macrocystis,2018,22.16183181
10206,Macrocystis,2017,0.283267382
10401,Macrocystis,2019,3.156339564
15101,Pastos marinos,2020,0.565331569
10103,Macrocystis,2022,0.438048634
14102,Playas y dunas,2023,0.411428571
10102,Marismas y humedales,2017,1.3
10102,Marismas y humedales,2021,1.3
08107,Macrocystis,2018,0.190447455
15101,Pastos marinos,2021,0.6
11201,Macrocystis,2019,21.76997231
12103,Playas y dunas,2019,8.015
10206,Macrocystis,2018,0.278258725
10401,Macrocystis,2020,3.100530024
12402,Playas y dunas,2022,0.290612245
03101,Marismas y humedales,2024,0.39
10204,Marismas y humedales,2022,0.17510204100000001
11203,Playas y dunas,2024,2.48
15101,Pastos marinos,2022,0.551262484
15101,Marismas y humedales,2020,0.55
08107,Macrocystis,2019,0.187080014
06201,Marismas y humedales,2024,0.43
12302,Marismas y humedales,2019,1.6
11201,Macrocystis,2020,21.38504156
10206,Macrocystis,2019,0.27333863
12301,Marismas y humedales,2024,1.33
10401,Macrocystis,2021,3.045707292
09102,Macrocystis,2022,0.3
15101,Pastos marinos,2023,0.544316576
12302,Macrocystis,2017,1.587687965
08107,Macrocystis,2020,0.183772116
11201,Macrocystis,2021,21.00691705
15101,Pastos marinos,2024,0.537458188
08107,Playas y dunas,2023,0.182857143
10206,Macrocystis,2020,0.26850553
12104,Macrocystis,2023,1.452568598
12302,Macrocystis,2018,1.559614896
15102,Bosques y matorrales,2019,0.42
08107,Macrocystis,2021,0.180522708
08107,Marismas y humedales,2021,0.18
10201,Marismas y humedales,2019,0.5
10206,Macrocystis,2021,0.263757888
12102,Marismas y humedales,2024,0.12
11201,Marismas y humedales,2022,20.49
12302,Macrocystis,2019,1.532038209
06206,Marismas y humedales,2024,0.14
15101,Marismas y humedales,2018,0.52
15102,Bosques y matorrales,2021,0.41
05602,Macrocystis,2024,0.12
05602,Marismas y humedales,2022,0.12
10403,Marismas y humedales,2023,1.182142857
14102,Marismas y humedales,2024,0.38
12302,Macrocystis,2020,1.504949124
10104,Playas y dunas,2017,0.2
02101,Bosques y matorrales,2021,1.550938776
10403,Marismas y humedales,2018,1.165
10201,Marismas y humedales,2021,0.48122449
15102,Marismas y humedales,2020,0.4
15102,Marismas y humedales,2023,0.4
12302,Macrocystis,2021,1.478339022
10205,Playas y dunas,2021,0.4
11201,Playas y dunas,2020,19.65
10101,Marismas y humedales,2023,0.602857143
10207,Playas y dunas,2023,0.632142857
05103,Bosques y matorrales,2021,0.04
05401,Marismas y humedales,2024,0.27
10202,Macrocystis,2017,1.094496788
14101,Marismas y humedales,2023,0.252857143
09102,Playas y dunas,2022,0.27
10202,Macrocystis,2018,1.075144192
10201,Marismas y humedales,2024,0.46
10306,Playas y dunas,2020,0.55
10306,Playas y dunas,2021,0.55
14102,Macrocystis,2023,0.356019135
10202,Macrocystis,2019,1.056133784
16202,Macrocystis,2024,0.33
11201,Playas y dunas,2017,18.65
12101,Bentonico,2024,21.05270465
12101,Bentonico,2017,21.05270465
12101,Bentonico,2018,21.05270465
12101,Bentonico,2019,21.05270465
12101,Bentonico,2020,21.05270465
12101,Bentonico,2021,21.05270465
12101,Bentonico,2022,21.05270465
12101,Bentonico,2023,21.05270465
10204,Marismas y humedales,2023,0.150714286
02301,Marismas y humedales,2019,1.203877551
10203,Macrocystis,2023,0.432033715
10104,Playas y dunas,2018,0.185
09102,Macrocystis,2024,0.26
16207,Macrocystis,2024,0.03
16207,Marismas y humedales,2018,0.03
10202,Macrocystis,2020,1.037459513
03304,Bosques y matorrales,2020,0.665
08107,Marismas y humedales,2019,0.16
15101,Bosques y matorrales,2017,0.47
10201,Marismas y humedales,2018,0.445
02104,Marismas y humedales,2022,1.62
10210,Marismas y humedales,2024,0.85
10401,Macrocystis,2023,2.589531571
10202,Macrocystis,2021,1.019115435
11201,Macrocystis,2023,18.10064393
10109,Bosques y matorrales,2019,0.04
10202,Marismas y humedales,2024,1.01
04104,Marismas y humedales,2017,0.8
10207,Marismas y humedales,2023,0.575
15102,Playas y dunas,2022,0.36
11201,Macrocystis,2022,17.82
11202,Macrocystis,2023,12.90054801
14101,Bosques y matorrales,2021,0.23
10103,Playas y dunas,2019,0.35
12402,Playas y dunas,2018,0.235
03304,Bosques y matorrales,2021,0.63
12103,Macrocystis,2017,6.397513431
10306,Playas y dunas,2019,0.5
10207,Playas y dunas,2018,0.555
15101,Bosques y matorrales,2024,0.44
07309,Marismas y humedales,2022,0.18
10403,Marismas y humedales,2019,1
08111,Playas y dunas,2017,0.28
08111,Playas y dunas,2018,0.28
02101,Bosques y matorrales,2023,1.324571429
12103,Macrocystis,2018,6.284394333
10104,Playas y dunas,2019,0.17
10208,Marismas y humedales,2024,2.44
11303,Macrocystis,2017,14.64723852
03303,Marismas y humedales,2021,0.72
10305,Playas y dunas,2023,0.141428571
10306,Playas y dunas,2018,0.49
10102,Playas y dunas,2020,1
10208,Playas y dunas,2023,2.414285714
12103,Macrocystis,2019,6.173275376
08106,Marismas y humedales,2022,0.15
10305,Marismas y humedales,2017,0.14
10305,Marismas y humedales,2020,0.14
10203,Marismas y humedales,2024,0.39
03303,Bosques y matorrales,2019,0.71
11303,Macrocystis,2018,14.38825002
10306,Playas y dunas,2017,0.48
03201,Bosques y matorrales,2017,0.55
12103,Macrocystis,2020,6.064121194
10209,Playas y dunas,2024,0.78
10401,Macrocystis,2022,2.34
10102,Marismas y humedales,2023,0.972857143
11303,Macrocystis,2019,14.13384089
14201,Playas y dunas,2022,0.21
12103,Macrocystis,2021,5.956897048
12104,Playas y dunas,2019,1.12
02301,Marismas y humedales,2023,1.047142857
10201,Marismas y humedales,2017,0.39
03102,Bosques y matorrales,2024,1.08
05605,Macrocystis,2024,0.08
05104,Macrocystis,2024,0.7083
11303,Macrocystis,2020,13.88393014
10103,Bosques y matorrales,2021,0.32
10104,Marismas y humedales,2021,0.16
14106,Macrocystis,2024,0.24
15102,Marismas y humedales,2017,0.32
08107,Macrocystis,2023,0.137956829
11303,Macrocystis,2021,13.63843825
10101,Macrocystis,2022,0.482471864
08107,Bosques y matorrales,2021,0.136666667
01404,Bosques y matorrales,2018,0.72
05604,Marismas y humedales,2024,0.06
05604,Bosques y matorrales,2022,0.06
10102,Playas y dunas,2019,0.91
02102,Marismas y humedales,2022,0.78
02102,Playas y dunas,2022,0.78
10206,Macrocystis,2023,0.195304022
12104,Marismas y humedales,2019,1.04
10201,Marismas y humedales,2023,0.363571429
12302,Macrocystis,2023,1.120375602
10101,Macrocystis,2017,0.46001049
08107,Marismas y humedales,2020,0.13
10208,Playas y dunas,2024,2.14
01101,Bosques y matorrales,2022,1.11
03102,Marismas y humedales,2024,0.99
10208,Playas y dunas,2020,2.12
10208,Playas y dunas,2021,2.12
10101,Macrocystis,2018,0.451876709
14101,Macrocystis,2022,0.190790227
05603,Marismas y humedales,2022,0.03
14101,Marismas y humedales,2017,0.19
14101,Marismas y humedales,2018,0.19
14101,Marismas y humedales,2019,0.19
12303,Bosques y matorrales,2021,3.18
10101,Macrocystis,2019,0.443886748
09117,Macrocystis,2024,0.2
10102,Playas y dunas,2018,0.845
10101,Macrocystis,2020,0.436038063
14201,Marismas y humedales,2022,0.183469388
04301,Marismas y humedales,2024,0.63
04104,Marismas y humedales,2020,0.63
12303,Playas y dunas,2017,3.07
10208,Playas y dunas,2017,2.02
10101,Macrocystis,2021,0.428328156
10209,Playas y dunas,2022,0.66
03304,Marismas y humedales,2019,0.5
11203,Macrocystis,2022,1.59
14201,Macrocystis,2022,0.178911548
10306,Marismas y humedales,2017,0.4
10209,Macrocystis,2017,0.654451308
10305,Playas y dunas,2021,0.115
10202,Macrocystis,2023,0.771764245
11201,Playas y dunas,2018,13.645
10204,Marismas y humedales,2019,0.11
10209,Macrocystis,2018,0.642879478
10103,Playas y dunas,2024,0.27
09102,Marismas y humedales,2020,0.19
12104,Marismas y humedales,2017,0.936190476
12104,Marismas y humedales,2018,0.936190476
12104,Marismas y humedales,2020,0.936190476
12104,Marismas y humedales,2021,0.936190476
12104,Marismas y humedales,2022,0.936190476
04101,Marismas y humedales,2022,0.24
10303,Marismas y humedales,2018,0.165
04102,Bosques y matorrales,2024,0.5
10209,Macrocystis,2019,0.631512257
10102,Playas y dunas,2017,0.78
10102,Playas y dunas,2021,0.78
11303,Macrocystis,2023,11.34595683
10209,Macrocystis,2020,0.620346029
10104,Marismas y humedales,2020,0.13
10306,Marismas y humedales,2022,0.376530612
10303,Playas y dunas,2019,0.16
11303,Playas y dunas,2017,11.13
10205,Playas y dunas,2020,0.26
10205,Marismas y humedales,2021,0.26
10209,Macrocystis,2021,0.609377238
08111,Macrocystis,2024,0.21
09102,Marismas y humedales,2019,0.18
09102,Marismas y humedales,2022,0.18
12103,Playas y dunas,2017,4.7
08112,Macrocystis,2017,0.0705938
12103,Playas y dunas,2023,4.682142857
07102,Macrocystis,2024,0.37
12402,Playas y dunas,2017,0.17
10306,Playas y dunas,2023,0.367142857
08112,Macrocystis,2024,0.07
08112,Macrocystis,2018,0.06934558
10305,Macrocystis,2022,0.10388823
05105,Marismas y humedales,2024,0.12
02101,Bosques y matorrales,2020,0.957
05201,Marismas y humedales,2022,0.6775
08112,Macrocystis,2019,0.06811943
10207,Macrocystis,2022,0.39
04203,Macrocystis,2022,0.32541649
09102,Marismas y humedales,2018,0.17
08112,Macrocystis,2020,0.066914961
12103,Macrocystis,2023,4.410885912
10208,Playas y dunas,2018,1.72
02102,Marismas y humedales,2023,0.607142857
08202,Macrocystis,2017,0.391759939
08112,Macrocystis,2021,0.065731788
08112,Macrocystis,2022,0.065625397
12303,Playas y dunas,2018,2.585
07102,Pastos marinos,2017,0.344398883
03102,Bosques y matorrales,2020,0.79
07102,Pastos marinos,2018,0.340113453
08202,Macrocystis,2018,0.384832946
10306,Macrocystis,2022,0.338224013
10104,Marismas y humedales,2023,0.116428571
07102,Pastos marinos,2019,0.335881348
08202,Macrocystis,2019,0.378028434
07102,Pastos marinos,2020,0.331701904
10305,Marismas y humedales,2018,0.095
08106,Macrocystis,2017,0.101224247
09118,Marismas y humedales,2022,0.09
08202,Macrocystis,2020,0.371344238
07102,Pastos marinos,2021,0.3
14102,Playas y dunas,2022,0.21
03201,Marismas y humedales,2020,0.37
07102,Pastos marinos,2022,0.323447028
08106,Macrocystis,2018,0.099434428
14101,Macrocystis,2017,0.144229077
08202,Macrocystis,2021,0.36477823
03303,Bosques y matorrales,2021,0.47
08201,Macrocystis,2017,0.473802198
14106,Bosques y matorrales,2021,0.165
07102,Pastos marinos,2023,0.319371595
12103,Playas y dunas,2020,4.03
12103,Playas y dunas,2021,4.03
08106,Macrocystis,2019,0.097676255
14101,Macrocystis,2018,0.141678858
01404,Marismas y humedales,2021,0.499952381
01404,Marismas y humedales,2022,0.499952381
07102,Pastos marinos,2024,0.315347513
08108,Bosques y matorrales,2021,0.05
08201,Macrocystis,2018,0.465424556
10102,Playas y dunas,2023,0.642142857
08106,Macrocystis,2020,0.09594917
14101,Macrocystis,2019,0.139173731
08201,Macrocystis,2019,0.457195045
02102,Macrocystis,2022,0.54
08106,Macrocystis,2021,0.094252623
14101,Macrocystis,2020,0.136712899
10204,Marismas y humedales,2018,0.085
10106,Macrocystis,2017,0.158933023
08201,Macrocystis,2020,0.449111046
10303,Macrocystis,2017,0.128583313
10101,Macrocystis,2023,0.317162881
14101,Macrocystis,2021,0.134295578
10209,Playas y dunas,2020,0.49
10209,Playas y dunas,2021,0.49
10201,Marismas y humedales,2020,0.25
10106,Macrocystis,2018,0.156122813
08201,Macrocystis,2021,0.441169986
10303,Macrocystis,2018,0.126309737
10102,Macrocystis,2017,0.603805901
10303,Playas y dunas,2018,0.125
10106,Macrocystis,2019,0.153362291
04301,Bosques y matorrales,2022,0.45
11303,Macrocystis,2022,8.73
02104,Bosques y matorrales,2024,0.89
10303,Macrocystis,2019,0.124076363
10103,Marismas y humedales,2019,0.2
10103,Marismas y humedales,2020,0.2
05102,Marismas y humedales,2024,0.07
10104,Marismas y humedales,2019,0.1
10102,Macrocystis,2018,0.593129569
03102,Marismas y humedales,2021,0.67
02104,Macrocystis,2024,0.88
08102,Marismas y humedales,2024,0.09
10106,Macrocystis,2020,0.150650581
10303,Macrocystis,2020,0.121882478
10205,Marismas y humedales,2020,0.2
10208,Playas y dunas,2019,1.42
10209,Macrocystis,2023,0.468366616
03303,Marismas y humedales,2019,0.42
11201,Playas y dunas,2021,9.825
10102,Macrocystis,2019,0.582642012
04203,Macrocystis,2017,0.26250561
10106,Macrocystis,2021,0.147986818
08202,Macrocystis,2022,0.321550006
10303,Playas y dunas,2020,0.12
10303,Playas y dunas,2021,0.12
10108,Bosques y matorrales,2021,0.33
10303,Macrocystis,2021,0.119727385
10306,Marismas y humedales,2018,0.28
10102,Macrocystis,2020,0.572339894
10106,Macrocystis,2024,0.146105815
10106,Macrocystis,2022,0.146105815
12303,Playas y dunas,2019,2.1
04203,Macrocystis,2018,0.257864057
10303,Macrocystis,2024,0.118205577
10303,Macrocystis,2022,0.118205577
02301,Marismas y humedales,2020,0.62
10209,Playas y dunas,2017,0.45
10102,Macrocystis,2021,0.562219936
04203,Macrocystis,2019,0.253304575
14201,Macrocystis,2017,0.121901969
05105,Macrocystis,2024,0.09
04203,Macrocystis,2020,0.248825712
14201,Macrocystis,2018,0.119746532
04203,Macrocystis,2021,0.244426043
14201,Macrocystis,2019,0.117629206
01101,Marismas y humedales,2020,0.68
08201,Macrocystis,2022,0.389053524
10109,Marismas y humedales,2018,0.02
10109,Marismas y humedales,2020,0.02
10103,Marismas y humedales,2024,0.18
10102,Macrocystis,2022,0.534348949
03102,Marismas y humedales,2020,0.6
12303,Playas y dunas,2020,1.95
12303,Playas y dunas,2021,1.95
14201,Macrocystis,2020,0.115549318
08112,Macrocystis,2023,0.048672223
10103,Marismas y humedales,2018,0.175
06206,Marismas y humedales,2022,0.06
14201,Macrocystis,2021,0.113506207
11201,Playas y dunas,2019,8.64
09117,Marismas y humedales,2022,0.12
14201,Marismas y humedales,2020,0.11
10209,Playas y dunas,2023,0.401428571
10103,Marismas y humedales,2022,0.168571429
10305,Marismas y humedales,2023,0.070714286
10305,Marismas y humedales,2021,0.07
03102,Bosques y matorrales,2018,0.561
08207,Macrocystis,2017,0.154652917
08106,Macrocystis,2023,0.074076675
10205,Macrocystis,2017,0.166755603
10209,Playas y dunas,2018,0.39
08202,Macrocystis,2023,0.270106255
05401,Marismas y humedales,2017,0.112857143
05401,Marismas y humedales,2018,0.112857143
05401,Marismas y humedales,2019,0.112857143
05401,Marismas y humedales,2020,0.112857143
05401,Marismas y humedales,2021,0.112857143
12402,Playas y dunas,2023,0.109285714
08207,Macrocystis,2018,0.151918386
01404,Marismas y humedales,2023,0.373714286
10205,Macrocystis,2018,0.163807076
08107,Marismas y humedales,2017,0.07
08107,Marismas y humedales,2018,0.07
08207,Macrocystis,2019,0.149232206
01101,Marismas y humedales,2022,0.6
11203,Playas y dunas,2017,0.918095238
11203,Playas y dunas,2018,0.918095238
11203,Playas y dunas,2019,0.918095238
11203,Playas y dunas,2020,0.918095238
11203,Playas y dunas,2021,0.918095238
10205,Macrocystis,2019,0.160910683
01101,Bosques y matorrales,2021,0.595510204
08207,Macrocystis,2020,0.146593523
04203,Playas y dunas,2022,0.21
10205,Macrocystis,2020,0.158065504
05201,Marismas y humedales,2017,0.427591429
05201,Marismas y humedales,2018,0.427591429
05201,Marismas y humedales,2019,0.427591429
10305,Bosques y matorrales,2021,0.065
05201,Marismas y humedales,2024,0.4266
03303,Marismas y humedales,2020,0.33
08207,Macrocystis,2021,0.144001496
14201,Marismas y humedales,2019,0.1
10205,Macrocystis,2021,0.155270633
14101,Macrocystis,2023,0.099441449
05104,Marismas y humedales,2022,0.335
08201,Macrocystis,2023,0.326671833
05101,Marismas y humedales,2024,0.08
10103,Marismas y humedales,2017,0.15
10103,Playas y dunas,2020,0.15
10103,Marismas y humedales,2021,0.15
10103,Bosques y matorrales,2022,0.15
10210,Playas y dunas,2019,0.35
10104,Marismas y humedales,2018,0.075
04301,Macrocystis,2022,0.331375305
10204,Marismas y humedales,2017,0.06
05405,Marismas y humedales,2024,0.05
08111,Marismas y humedales,2024,0.12
14201,Marismas y humedales,2018,0.095
10303,Playas y dunas,2017,0.09
05401,Macrocystis,2024,0.1
10106,Macrocystis,2023,0.109579361
10303,Macrocystis,2023,0.088654182
10403,Macrocystis,2022,0.42
08111,Macrocystis,2022,0.116252885
10305,Macrocystis,2017,0.059324224
10206,Playas y dunas,2019,0.09
10206,Playas y dunas,2020,0.09
10206,Playas y dunas,2021,0.09
10102,Macrocystis,2023,0.41630533
03102,Bosques y matorrales,2019,0.47
06201,Macrocystis,2024,0.14
08203,Playas y dunas,2022,0.09
10305,Macrocystis,2018,0.058275269
02101,Marismas y humedales,2024,0.54
10209,Playas y dunas,2019,0.33
14201,Marismas y humedales,2017,0.09
14201,Marismas y humedales,2021,0.09
15102,Marismas y humedales,2024,0.14
10205,Marismas y humedales,2019,0.14
01101,Bosques y matorrales,2023,0.518571429
10102,Macrocystis,2024,0.41
08107,Playas y dunas,2020,0.06
08107,Playas y dunas,2021,0.06
10305,Macrocystis,2019,0.057244861
04202,Playas y dunas,2022,0.18
10210,Playas y dunas,2018,0.315
04203,Macrocystis,2023,0.180989428
10305,Macrocystis,2020,0.056232673
08111,Macrocystis,2017,0.10946293
10403,Bosques y matorrales,2021,0.39
10403,Macrocystis,2017,0.388692133
08207,Macrocystis,2022,0.123289555
10306,Macrocystis,2017,0.191736031
10305,Macrocystis,2021,0.055238382
08110,Macrocystis,2017,0.062067799
08111,Macrocystis,2018,0.107527436
10403,Macrocystis,2018,0.381819384
12103,Bosques y matorrales,2021,2.4
10306,Macrocystis,2018,0.188345806
10303,Marismas y humedales,2020,0.08
10303,Marismas y humedales,2021,0.08
08110,Macrocystis,2018,0.060970333
14201,Macrocystis,2023,0.084047605
02104,Marismas y humedales,2024,0.57
08111,Macrocystis,2019,0.105626165
11303,Playas y dunas,2018,5.565
10403,Macrocystis,2019,0.375068157
08110,Macrocystis,2024,0.06
10306,Macrocystis,2019,0.185015527
08110,Macrocystis,2019,0.059892272
08202,Marismas y humedales,2022,0.21
05201,Marismas y humedales,2023,0.349857143
10203,Macrocystis,2017,0.147988879
08111,Macrocystis,2020,0.103758512
12402,Macrocystis,2017,0.084728212
10403,Macrocystis,2020,0.368436304
10210,Marismas y humedales,2022,0.292040816
10103,Marismas y humedales,2023,0.125
10306,Macrocystis,2020,0.181744132
08110,Macrocystis,2020,0.058833273
10203,Macrocystis,2018,0.14537218
05107,Macrocystis,2023,0.053983741
08111,Macrocystis,2021,0.101923882
05201,Marismas y humedales,2020,0.342
05201,Marismas y humedales,2021,0.342
12402,Macrocystis,2018,0.083230071
10403,Macrocystis,2021,0.361921713
12303,Macrocystis,2022,1.35
02301,Bosques y matorrales,2024,0.4
10306,Macrocystis,2021,0.178530582
08110,Macrocystis,2021,0.057792999
10203,Macrocystis,2019,0.142801748
08110,Macrocystis,2022,0.057478641
10209,Macrocystis,2024,0.29
12402,Macrocystis,2019,0.081758419
10203,Macrocystis,2020,0.140276766
10210,Playas y dunas,2017,0.28
14106,Macrocystis,2022,0.09
12402,Macrocystis,2020,0.080312789
10305,Marismas y humedales,2019,0.05
10205,Playas y dunas,2017,0.12
10205,Playas y dunas,2018,0.12
10205,Playas y dunas,2019,0.12
10203,Macrocystis,2021,0.137796431
10208,Bosques y matorrales,2021,0.85
12402,Macrocystis,2021,0.07889272
08107,Playas y dunas,2017,0.05
08107,Playas y dunas,2018,0.05
08207,Macrocystis,2023,0.106628361
10403,Macrocystis,2023,0.327991099
09118,Macrocystis,2022,0.044169502
08102,Macrocystis,2024,0.05
10306,Marismas y humedales,2019,0.16
12101,Bosques y matorrales,2021,6.23
02301,Macrocystis,2017,0.357222638
10208,Marismas y humedales,2022,0.78
02301,Macrocystis,2018,0.350906324
02301,Bosques y matorrales,2023,0.35
14106,Macrocystis,2017,0.080209912
14201,Marismas y humedales,2023,0.069285714
02301,Macrocystis,2019,0.344701694
10108,Marismas y humedales,2022,0.18
14106,Macrocystis,2018,0.078791662
02301,Macrocystis,2020,0.338606772
11202,Marismas y humedales,2024,3.77
14106,Macrocystis,2019,0.077398489
02301,Macrocystis,2021,0.332619619
06203,Macrocystis,2022,0.03
14106,Macrocystis,2020,0.07602995
05201,Macrocystis,2022,0.2775
10104,Marismas y humedales,2017,0.05
14106,Macrocystis,2021,0.074685609
10207,Playas y dunas,2019,0.16
10201,Macrocystis,2022,0.12
11202,Playas y dunas,2021,3.6
10205,Marismas y humedales,2018,0.1
03303,Bosques y matorrales,2022,0.21
09116,Macrocystis,2022,0.049982317
10305,Macrocystis,2023,0.040902201
05603,Marismas y humedales,2024,0.01
05403,Playas y dunas,2022,0.03
12401,Bosques y matorrales,2021,12.18
10401,Bosques y matorrales,2021,0.69
10202,Marismas y humedales,2022,0.27
07103,Marismas y humedales,2022,0.03
10210,Marismas y humedales,2019,0.22
10210,Playas y dunas,2020,0.22
10210,Playas y dunas,2021,0.22
04301,Playas y dunas,2022,0.21
05101,Macrocystis,2024,0.05
10210,Marismas y humedales,2018,0.215
08111,Macrocystis,2023,0.075471275
08107,Playas y dunas,2019,0.04
10306,Macrocystis,2023,0.132196011
08110,Macrocystis,2023,0.042793811
14106,Macrocystis,2023,0.068159375
04102,Macrocystis,2024,0.17
10210,Marismas y humedales,2017,0.21
03201,Marismas y humedales,2022,0.15
05104,Marismas y humedales,2023,0.197257143
04202,Macrocystis,2017,0.11764440600000001
16202,Macrocystis,2022,0.07822622
10103,Macrocystis,2017,0.088173032
04202,Macrocystis,2018,0.11556425
12402,Macrocystis,2023,0.058417459
05401,Marismas y humedales,2022,0.06
05104,Marismas y humedales,2017,0.191411429
05104,Marismas y humedales,2018,0.191411429
05104,Marismas y humedales,2019,0.191411429
10103,Macrocystis,2018,0.08661398
10210,Playas y dunas,2023,0.202142857
07203,Macrocystis,2017,0.070160394
10306,Marismas y humedales,2023,0.125714286
04202,Macrocystis,2019,0.113520874
10210,Marismas y humedales,2020,0.2
10210,Marismas y humedales,2021,0.2
10103,Macrocystis,2019,0.085082495
04104,Bosques y matorrales,2021,0.19
07203,Macrocystis,2018,0.068919837
04202,Macrocystis,2020,0.111513629
10103,Macrocystis,2020,0.08357809
07203,Macrocystis,2019,0.067701215
08201,Playas y dunas,2022,0.18
04202,Macrocystis,2021,0.109541875
05109,Macrocystis,2022,0.03
10103,Macrocystis,2021,0.082100285
07203,Macrocystis,2020,0.066504141
07203,Macrocystis,2021,0.065328232
04102,Marismas y humedales,2022,0.15
03303,Bosques y matorrales,2024,0.17
05104,Macrocystis,2017,0.172874286
05104,Macrocystis,2018,0.172874286
05104,Macrocystis,2019,0.172874286
12201,Bosques y matorrales,2021,4.5
03101,Bosques y matorrales,2019,0.07
02301,Macrocystis,2023,0.250579578
05602,Macrocystis,2022,0.022654166
05104,Marismas y humedales,2020,0.1629
05104,Marismas y humedales,2021,0.1629
12302,Marismas y humedales,2022,0.27
12401,Macrocystis,2022,9.06
07203,Macrocystis,2022,0.058141032
11202,Playas y dunas,2020,2.57
10205,Marismas y humedales,2024,0.07
08107,Macrocystis,2022,0.03
04202,Macrocystis,2023,0.089683576
01404,Macrocystis,2017,0.15650155
16202,Playas y dunas,2022,0.06
09102,Macrocystis,2023,0.047302708
04104,Macrocystis,2022,0.15
07309,Macrocystis,2017,0.03529508
02101,Bosques y matorrales,2024,0.26
08106,Macrocystis,2024,0.03
08106,Macrocystis,2022,0.03
01404,Macrocystis,2018,0.153734332
16203,Macrocystis,2024,0.01
07309,Macrocystis,2018,0.034671002
01404,Macrocystis,2019,0.151016043
16207,Macrocystis,2022,0.005297623
07309,Macrocystis,2019,0.034057959
01404,Macrocystis,2020,0.148345818
10210,Marismas y humedales,2023,0.149285714
07309,Macrocystis,2020,0.033455755
01404,Macrocystis,2021,0.145722808
10109,Macrocystis,2017,0.006961495
07309,Macrocystis,2021,0.0328642
02101,Bosques y matorrales,2022,0.24
07102,Macrocystis,2022,0.09
10109,Macrocystis,2018,0.006838404
10103,Macrocystis,2023,0.060792555
10109,Macrocystis,2019,0.006717489
10102,Playas y dunas,2022,0.18
01404,Macrocystis,2022,0.139031927
04301,Macrocystis,2017,0.134093655
07202,Macrocystis,2024,0.03
07202,Marismas y humedales,2022,0.03
07203,Macrocystis,2023,0.048373403
10109,Macrocystis,2020,0.006598712
15102,Marismas y humedales,2022,0.06
10205,Marismas y humedales,2017,0.06
04301,Macrocystis,2018,0.131722647
10109,Macrocystis,2021,0.006482036
04301,Macrocystis,2019,0.129393563
05606,Macrocystis,2024,0.06
07309,Macrocystis,2022,0.03
10104,Macrocystis,2017,0.028489781
04301,Macrocystis,2020,0.127105661
03303,Playas y dunas,2022,0.12
03101,Macrocystis,2017,0.050475009
10104,Macrocystis,2018,0.027986032
04301,Macrocystis,2021,0.124858214
03101,Bosques y matorrales,2020,0.05
03101,Macrocystis,2018,0.049582524
10104,Macrocystis,2019,0.027491191
08202,Macrocystis,2024,0.09
07309,Macrocystis,2023,0.028620571
03101,Macrocystis,2019,0.048705819
10104,Macrocystis,2020,0.027005099
04104,Marismas y humedales,2022,0.12
03101,Macrocystis,2020,0.047844616
10104,Macrocystis,2021,0.026527602
10104,Macrocystis,2024,0.02619042
10104,Macrocystis,2022,0.02619042
03101,Macrocystis,2021,0.04699864
03303,Marismas y humedales,2024,0.11
03101,Macrocystis,2024,0.046401259
03101,Macrocystis,2022,0.046401259
10210,Macrocystis,2022,0.12
08201,Macrocystis,2024,0.11
01404,Marismas y humedales,2017,0.117
10209,Macrocystis,2022,0.12
03201,Bosques y matorrales,2020,0.084
05605,Macrocystis,2022,0.01250485
05105,Macrocystis,2022,0.024207781
03304,Playas y dunas,2022,0.09
10204,Marismas y humedales,2024,0.02
06201,Macrocystis,2022,0.048802232
10303,Marismas y humedales,2017,0.03
12302,Macrocystis,2022,0.18
01404,Macrocystis,2024,0.11
03102,Macrocystis,2024,0.16
03102,Bosques y matorrales,2021,0.16
05403,Macrocystis,2017,0.014655881
01404,Macrocystis,2023,0.107902936
10206,Playas y dunas,2022,0.03
15101,Macrocystis,2022,0.06
05403,Macrocystis,2018,0.01439674
08203,Marismas y humedales,2022,0.03
05107,Macrocystis,2024,0.02
12104,Playas y dunas,2023,0.16
05403,Macrocystis,2019,0.014142181
04202,Macrocystis,2022,0.06
05403,Macrocystis,2020,0.013892122
05104,Marismas y humedales,2024,0.099
12402,Playas y dunas,2020,0.03
12402,Playas y dunas,2021,0.03
16202,Macrocystis,2017,0.039447677
05403,Macrocystis,2021,0.013646486
09117,Macrocystis,2022,0.030765008
16202,Macrocystis,2018,0.038750174
10109,Macrocystis,2023,0.004799734
02301,Macrocystis,2024,0.14
16202,Macrocystis,2019,0.038065004
12104,Marismas y humedales,2023,0.148571429
11202,Playas y dunas,2023,1.558571429
10202,Macrocystis,2022,0.12
02104,Macrocystis,2022,0.187965288
05201,Macrocystis,2017,0.116445714
05201,Macrocystis,2018,0.116445714
05201,Macrocystis,2019,0.116445714
11202,Playas y dunas,2019,1.54
16202,Macrocystis,2020,0.037391949
05403,Macrocystis,2022,0.012976883
03201,Macrocystis,2024,0.07
03303,Macrocystis,2017,0.089103838
11203,Playas y dunas,2022,0.24
16202,Macrocystis,2021,0.036730795
04301,Macrocystis,2023,0.092453392
03303,Macrocystis,2018,0.087528328
11202,Playas y dunas,2018,1.49
03303,Macrocystis,2019,0.085980676
14106,Playas y dunas,2022,0.03
03303,Macrocystis,2020,0.084460389
11202,Playas y dunas,2017,1.44
02102,Macrocystis,2024,0.100451114
10104,Macrocystis,2023,0.019642815
03303,Macrocystis,2021,0.082966983
03101,Macrocystis,2023,0.034800944
03303,Macrocystis,2024,0.081912421
03303,Macrocystis,2022,0.081912421
07309,Macrocystis,2024,0.02
01101,Macrocystis,2024,0.14
07203,Marismas y humedales,2022,0.03
05201,Macrocystis,2024,0.1008
03304,Macrocystis,2017,0.065987735
06201,Macrocystis,2017,0.03655271
09118,Macrocystis,2017,0.014356435
05401,Macrocystis,2022,0.024749886
03304,Macrocystis,2018,0.064820958
06201,Macrocystis,2018,0.035906395
04104,Macrocystis,2024,0.079674001
01101,Macrocystis,2017,0.133780589
09118,Macrocystis,2018,0.014102589
03304,Macrocystis,2019,0.063674811
06201,Macrocystis,2019,0.035271508
01101,Macrocystis,2018,0.131415117
01404,Bosques y matorrales,2021,0.08
09118,Macrocystis,2019,0.01385323
03304,Macrocystis,2020,0.062548931
06201,Macrocystis,2020,0.034647847
02102,Macrocystis,2023,0.087894725
01101,Macrocystis,2019,0.129091471
06206,Macrocystis,2017,0.011669614
09118,Macrocystis,2020,0.013608281
03304,Macrocystis,2021,0.061442957
06201,Macrocystis,2021,0.034035213
06203,Macrocystis,2024,0.01
01101,Macrocystis,2020,0.12680891
16203,Macrocystis,2022,0.005105617
10401,Playas y dunas,2022,0.24
03304,Macrocystis,2024,0.06066198
03304,Macrocystis,2022,0.06066198
06206,Macrocystis,2018,0.011463275
09118,Macrocystis,2021,0.013367663
01101,Macrocystis,2022,0.125414334
03101,Marismas y humedales,2019,0.03
07202,Macrocystis,2022,0.016682326
01101,Macrocystis,2021,0.12456671
10201,Playas y dunas,2017,0.04
06206,Macrocystis,2019,0.011260584
05403,Macrocystis,2023,0.010104773
05403,Macrocystis,2024,0.01
06206,Macrocystis,2020,0.011061478
08207,Marismas y humedales,2022,0.03
05104,Macrocystis,2022,0.07
06206,Macrocystis,2021,0.010865892
07103,Macrocystis,2024,0.01
07103,Macrocystis,2017,0.01
07103,Macrocystis,2018,0.01
07103,Macrocystis,2019,0.01
07103,Macrocystis,2020,0.01
07103,Macrocystis,2021,0.01
07103,Macrocystis,2022,0.01
07103,Macrocystis,2023,0.01
04104,Macrocystis,2017,0.070033887
07202,Macrocystis,2017,0.015732453
06206,Macrocystis,2024,0.010727779
06206,Macrocystis,2022,0.010727779
11203,Marismas y humedales,2022,0.18
04104,Macrocystis,2023,0.069714751
02101,Marismas y humedales,2019,0.12
04104,Macrocystis,2018,0.068795566
16203,Macrocystis,2017,0.004666513
07202,Macrocystis,2018,0.015454276
16202,Macrocystis,2023,0.027197943
01404,Marismas y humedales,2020,0.07
04104,Macrocystis,2019,0.067579142
16203,Macrocystis,2018,0.004584001
10102,Marismas y humedales,2022,0.09
07202,Macrocystis,2019,0.015181018
03201,Marismas y humedales,2021,0.05
01404,Marismas y humedales,2019,0.069
05105,Macrocystis,2017,0.014405015
04104,Macrocystis,2020,0.066384226
16203,Macrocystis,2019,0.004502948
07202,Macrocystis,2020,0.014912591
05405,Macrocystis,2024,0.01
05105,Macrocystis,2018,0.014150309
04104,Macrocystis,2021,0.065210438
16203,Macrocystis,2020,0.004423328
07202,Macrocystis,2021,0.014648911
03303,Macrocystis,2023,0.061434316
05105,Macrocystis,2019,0.013900107
16203,Macrocystis,2021,0.004345116
02101,Bosques y matorrales,2018,0.111
05102,Macrocystis,2024,0.01
02101,Marismas y humedales,2021,0.11
05105,Macrocystis,2020,0.013654329
05105,Macrocystis,2021,0.013412897
02301,Bosques y matorrales,2022,0.09
02301,Marismas y humedales,2022,0.09
05109,Macrocystis,2024,0.01
10306,Bosques y matorrales,2021,0.04
11201,Bosques y matorrales,2021,1.375
06205,Macrocystis,2017,0.012798057
06205,Macrocystis,2018,0.012571765
01404,Bosques y matorrales,2020,0.06
06203,Macrocystis,2023,0.007685287
06205,Macrocystis,2019,0.012349475
06205,Macrocystis,2020,0.012131115
05201,Macrocystis,2020,0.07
05201,Macrocystis,2021,0.07
03304,Macrocystis,2023,0.045496485
06201,Macrocystis,2023,0.025201953
06205,Macrocystis,2021,0.011916616
09118,Macrocystis,2023,0.009898314
10201,Playas y dunas,2018,0.03
11202,Macrocystis,2022,0.9
07203,Macrocystis,2024,0.02
07203,Playas y dunas,2021,0.02
10204,Playas y dunas,2024,0.01
10204,Playas y dunas,2017,0.01
10204,Playas y dunas,2018,0.01
10204,Playas y dunas,2019,0.01
10204,Playas y dunas,2020,0.01
10204,Playas y dunas,2021,0.01
10204,Playas y dunas,2022,0.01
10204,Playas y dunas,2023,0.01
03102,Macrocystis,2022,0.082543339
01101,Macrocystis,2023,0.092237542
06205,Macrocystis,2022,0.011512984
03201,Bosques y matorrales,2019,0.04
03201,Marismas y humedales,2019,0.04
05602,Macrocystis,2017,0.006994363
06206,Macrocystis,2023,0.008045835
05201,Macrocystis,2023,0.063928571
05602,Macrocystis,2018,0.00687069
05101,Macrocystis,2022,0.012255855
05602,Macrocystis,2019,0.006749205
05109,Macrocystis,2023,0.008192628
03102,Macrocystis,2017,0.075747332
05602,Macrocystis,2020,0.006629867
03101,Marismas y humedales,2021,0.02
03102,Macrocystis,2018,0.074407988
05602,Macrocystis,2021,0.00651264
03102,Macrocystis,2019,0.073092326
07202,Macrocystis,2023,0.010847035
03102,Macrocystis,2020,0.071799927
16203,Macrocystis,2023,0.003217415
06205,Macrocystis,2024,0.01
03102,Macrocystis,2021,0.070530381
03102,Marismas y humedales,2019,0.07
07102,Marismas y humedales,2022,0.03
05105,Macrocystis,2023,0.009931808
04102,Macrocystis,2022,0.037303854
05405,Macrocystis,2022,0.00661059
05405,Macrocystis,2017,0.006576463
05401,Macrocystis,2017,0.013280006
07309,Marismas y humedales,2024,0.01
05405,Macrocystis,2018,0.00646018
05401,Macrocystis,2018,0.013045193
05405,Macrocystis,2019,0.006345953
05401,Macrocystis,2019,0.012814531
06205,Macrocystis,2023,0.008823861
02301,Bosques y matorrales,2019,0.06
05405,Macrocystis,2020,0.006233745
05401,Macrocystis,2020,0.012587948
03201,Macrocystis,2022,0.03
05405,Macrocystis,2021,0.006123522
05401,Macrocystis,2021,0.012365371
02104,Macrocystis,2017,0.079002309
02104,Macrocystis,2018,0.077605412
07102,Macrocystis,2023,0.025260934
02104,Macrocystis,2019,0.076233214
02104,Macrocystis,2020,0.074885279
06203,Macrocystis,2017,0.004930713
02104,Macrocystis,2021,0.073561178
15101,Macrocystis,2024,0.021304021
10201,Playas y dunas,2019,0.02
06203,Macrocystis,2018,0.00484353
05602,Macrocystis,2023,0.004822395
06203,Macrocystis,2019,0.004757888
11203,Marismas y humedales,2017,0.091904762
11203,Marismas y humedales,2018,0.091904762
11203,Marismas y humedales,2019,0.091904762
11203,Marismas y humedales,2020,0.091904762
11203,Marismas y humedales,2021,0.091904762
06203,Macrocystis,2020,0.00467376
16207,Macrocystis,2017,0.001284206
05109,Macrocystis,2017,0.005666556
03102,Macrocystis,2023,0.052225422
06203,Macrocystis,2021,0.00459112
16207,Macrocystis,2018,0.001261499
05109,Macrocystis,2018,0.005566361
02301,Marismas y humedales,2024,0.05
02301,Bosques y matorrales,2018,0.05
16207,Macrocystis,2019,0.001239194
05109,Macrocystis,2019,0.005467938
16207,Macrocystis,2020,0.001217282
05109,Macrocystis,2020,0.005371256
04101,Macrocystis,2017,0.013131701
16207,Macrocystis,2021,0.001195759
05109,Macrocystis,2021,0.005276282
15101,Macrocystis,2023,0.018641018
04101,Macrocystis,2018,0.01289951
09102,Playas y dunas,2018,0.01
04101,Macrocystis,2019,0.012671424
05104,Macrocystis,2023,0.031071429
04101,Macrocystis,2020,0.012447371
02101,Macrocystis,2017,0.053926976
10306,Marismas y humedales,2020,0.02
10306,Marismas y humedales,2021,0.02
04101,Macrocystis,2021,0.01222728
02101,Macrocystis,2018,0.052973454
04101,Macrocystis,2024,0.012071864
04101,Macrocystis,2022,0.012071864
02101,Macrocystis,2019,0.052036792
05405,Macrocystis,2023,0.004534266
05401,Macrocystis,2023,0.00915615
02101,Macrocystis,2020,0.051116691
02101,Macrocystis,2021,0.05021286
10210,Playas y dunas,2022,0.03
02101,Macrocystis,2024,0.049574623
02101,Macrocystis,2022,0.049574623
10209,Marismas y humedales,2022,0.03
05104,Macrocystis,2020,0.0275
05104,Macrocystis,2021,0.0275
05401,Marismas y humedales,2023,0.008571429
07102,Macrocystis,2017,0.017990358
02104,Macrocystis,2023,0.054469627
02301,Bosques y matorrales,2021,0.04
05101,Macrocystis,2017,0.00648887
11203,Marismas y humedales,2024,0.07
07102,Macrocystis,2018,0.017672258
03201,Bosques y matorrales,2024,0.02
05101,Macrocystis,2018,0.006374135
07102,Macrocystis,2019,0.017359782
05101,Macrocystis,2019,0.006261429
07102,Macrocystis,2020,0.017052831
05101,Macrocystis,2020,0.006150717
07102,Macrocystis,2021,0.016751307
15101,Macrocystis,2017,0.014604852
05101,Macrocystis,2021,0.006041961
15101,Macrocystis,2018,0.014346612
03101,Marismas y humedales,2017,0.01
15101,Macrocystis,2019,0.01409294
16207,Macrocystis,2023,8.8542e-4
15101,Macrocystis,2020,0.013843752
08207,Macrocystis,2024,0.01
10202,Playas y dunas,2022,0.03
01101,Bosques y matorrales,2018,0.04
01101,Bosques y matorrales,2020,0.04
15101,Macrocystis,2021,0.013598971
07303,Macrocystis,2017,0.002663565
07303,Macrocystis,2018,0.002616469
04101,Macrocystis,2023,0.009053898
07303,Macrocystis,2019,0.002570205
01404,Bosques y matorrales,2019,0.023
07303,Macrocystis,2020,0.002524759
07303,Macrocystis,2021,0.002480117
05102,Macrocystis,2022,0.003407628
07303,Macrocystis,2024,0.002448593
07303,Macrocystis,2022,0.002448593
02101,Macrocystis,2023,0.037180967
02301,Macrocystis,2022,0.03
09102,Macrocystis,2017,0.006447811
09102,Macrocystis,2018,0.006333803
05606,Macrocystis,2022,0.009289975
09102,Macrocystis,2019,0.00622181
04102,Macrocystis,2017,0.016521229
09102,Macrocystis,2020,0.006111798
04102,Macrocystis,2018,0.016229105
05107,Macrocystis,2017,0.003705997
09102,Macrocystis,2021,0.006003731
04102,Macrocystis,2019,0.015942147
05101,Macrocystis,2023,0.004473873
10401,Marismas y humedales,2022,0.06
05107,Macrocystis,2018,0.003640468
04102,Macrocystis,2020,0.015660262
05107,Macrocystis,2019,0.003576099
04102,Macrocystis,2021,0.015383362
05107,Macrocystis,2020,0.003512867
01101,Bosques y matorrales,2019,0.03
01101,Marismas y humedales,2019,0.03
01101,Marismas y humedales,2021,0.03
05107,Macrocystis,2021,0.003450753
11202,Playas y dunas,2022,0.27
07303,Macrocystis,2023,0.001836445
05102,Macrocystis,2017,0.002511607
05102,Macrocystis,2018,0.002467197
09116,Macrocystis,2017,0.003603538
08203,Macrocystis,2017,0.004511864
05102,Macrocystis,2019,0.002423573
09116,Macrocystis,2018,0.003539821
08203,Macrocystis,2018,0.004432087
05102,Macrocystis,2020,0.00238072
09116,Macrocystis,2019,0.003477231
08203,Macrocystis,2019,0.00435372
05102,Macrocystis,2021,0.002338625
09116,Macrocystis,2020,0.003415747
08203,Macrocystis,2020,0.004276739
09116,Macrocystis,2021,0.003355351
08203,Macrocystis,2021,0.004201118
08203,Macrocystis,2024,0.00414772
08203,Macrocystis,2022,0.00414772
03201,Macrocystis,2023,0.01049831
02301,Bosques y matorrales,2020,0.02
02301,Marismas y humedales,2021,0.02
02102,Macrocystis,2017,0.015594422
04102,Macrocystis,2023,0.011390872
02102,Macrocystis,2018,0.015318686
11203,Playas y dunas,2023,0.034285714
02102,Macrocystis,2019,0.015047825
02102,Macrocystis,2020,0.014781754
02102,Macrocystis,2021,0.014520387
05601,Macrocystis,2017,9.17772e-4
05601,Macrocystis,2018,9.01544e-4
05605,Macrocystis,2017,0.001365898
05601,Macrocystis,2019,8.85603e-4
03201,Macrocystis,2017,0.009010698
05605,Macrocystis,2018,0.001341746
05601,Macrocystis,2020,8.69944e-4
01101,Bosques y matorrales,2024,0.02
01101,Marismas y humedales,2024,0.02
03201,Macrocystis,2018,0.008851374
05605,Macrocystis,2019,0.001318022
05601,Macrocystis,2021,8.54562e-4
03201,Macrocystis,2019,0.008694866
05605,Macrocystis,2020,0.001294717
05601,Macrocystis,2024,8.437e-4
05601,Macrocystis,2022,8.437e-4
03201,Macrocystis,2020,0.008541126
05605,Macrocystis,2021,0.001271824
03201,Macrocystis,2021,0.008390104
05102,Macrocystis,2023,0.001731674
09116,Macrocystis,2023,0.002484527
08203,Macrocystis,2023,0.00311079
04104,Marismas y humedales,2024,0.01
05603,Macrocystis,2017,4.58937e-4
11203,Marismas y humedales,2023,0.025714286
05603,Macrocystis,2018,4.50822e-4
01404,Marismas y humedales,2024,0.01
05603,Macrocystis,2019,4.42851e-4
05603,Macrocystis,2020,4.35021e-4
05603,Macrocystis,2021,4.27329e-4
10208,Macrocystis,2022,0.03
15102,Macrocystis,2017,0.004180056
05603,Macrocystis,2024,4.21897e-4
05603,Macrocystis,2022,4.21897e-4
15102,Macrocystis,2018,0.004106146
15102,Macrocystis,2019,0.004033542
09117,Macrocystis,2017,0.002783856
15102,Macrocystis,2020,0.003962222
09117,Macrocystis,2018,0.002734633
05601,Macrocystis,2023,6.32775e-4
15102,Macrocystis,2021,0.003892163
09117,Macrocystis,2019,0.00268628
15102,Macrocystis,2024,0.003842691
15102,Macrocystis,2022,0.003842691
05605,Macrocystis,2023,9.41744e-4
09117,Macrocystis,2020,0.002638782
09117,Macrocystis,2021,0.002592123
08206,Macrocystis,2017,4.11814e-4
02101,Bosques y matorrales,2019,0.012
05603,Macrocystis,2023,3.16423e-4
08206,Macrocystis,2018,4.04532e-4
08206,Macrocystis,2019,3.97379e-4
08206,Macrocystis,2020,3.90353e-4
08206,Macrocystis,2021,3.83451e-4
08206,Macrocystis,2024,3.78577e-4
08206,Macrocystis,2022,3.78577e-4
15102,Macrocystis,2023,0.002882018
09117,Macrocystis,2023,0.001919382
11202,Marismas y humedales,2022,0.09
05604,Macrocystis,2017,4.60251e-4
05604,Macrocystis,2018,4.52113e-4
05604,Macrocystis,2019,4.44119e-4
05604,Macrocystis,2020,4.36266e-4
05604,Macrocystis,2021,4.28552e-4
05604,Macrocystis,2024,4.23105e-4
05604,Macrocystis,2022,4.23105e-4
08206,Macrocystis,2023,2.83933e-4
08108,Macrocystis,2017,4.22416e-4
08108,Macrocystis,2018,4.14947e-4
08108,Macrocystis,2019,4.0761e-4
08108,Macrocystis,2020,4.00403e-4
08108,Macrocystis,2021,3.93323e-4
08108,Macrocystis,2024,3.88324e-4
08108,Macrocystis,2022,3.88324e-4
05604,Macrocystis,2023,3.17329e-4
08108,Macrocystis,2023,2.91243e-4
05606,Macrocystis,2017,9.11902e-4
05606,Macrocystis,2018,8.95778e-4
05606,Macrocystis,2019,8.79939e-4
05606,Macrocystis,2020,8.64381e-4
05606,Macrocystis,2021,8.49097e-4
05606,Macrocystis,2023,6.28728e-4
05103,Macrocystis,2024,0
05103,Macrocystis,2017,0
05103,Macrocystis,2018,0
05103,Macrocystis,2019,0
05103,Macrocystis,2020,0
05103,Macrocystis,2021,0
05103,Macrocystis,2022,0
05103,Macrocystis,2023,0
01404,Pastos marinos,2017,0
02101,Pastos marinos,2017,0
03101,Pastos marinos,2017,0
03201,Pastos marinos,2017,0
04101,Pastos marinos,2017,0
04104,Pastos marinos,2017,0
04301,Pastos marinos,2017,0
05104,Pastos marinos,2017,0
05201,Pastos marinos,2017,0
05401,Pastos marinos,2017,0
05601,Pastos marinos,2017,0
05603,Pastos marinos,2017,0
05604,Pastos marinos,2017,0
05605,Pastos marinos,2017,0
05606,Pastos marinos,2017,0
06201,Pastos marinos,2017,0
06203,Pastos marinos,2017,0
06205,Pastos marinos,2017,0
06206,Pastos marinos,2017,0
07103,Pastos marinos,2017,0
07202,Pastos marinos,2017,0
07203,Pastos marinos,2017,0
07303,Pastos marinos,2017,0
07309,Pastos marinos,2017,0
08102,Pastos marinos,2017,0
08107,Pastos marinos,2017,0
08108,Pastos marinos,2017,0
08110,Pastos marinos,2017,0
08111,Pastos marinos,2017,0
08112,Pastos marinos,2017,0
08201,Pastos marinos,2017,0
08203,Pastos marinos,2017,0
08206,Pastos marinos,2017,0
08207,Pastos marinos,2017,0
09118,Pastos marinos,2017,0
10101,Pastos marinos,2017,0
10102,Pastos marinos,2017,0
10103,Pastos marinos,2017,0
10104,Pastos marinos,2017,0
10106,Pastos marinos,2017,0
10108,Pastos marinos,2017,0
10109,Pastos marinos,2017,0
10201,Pastos marinos,2017,0
10202,Pastos marinos,2017,0
10203,Pastos marinos,2017,0
10204,Pastos marinos,2017,0
10205,Pastos marinos,2017,0
10206,Pastos marinos,2017,0
10207,Pastos marinos,2017,0
10208,Pastos marinos,2017,0
10209,Pastos marinos,2017,0
10210,Pastos marinos,2017,0
10303,Pastos marinos,2017,0
10305,Pastos marinos,2017,0
10306,Pastos marinos,2017,0
10401,Pastos marinos,2017,0
10403,Pastos marinos,2017,0
11201,Pastos marinos,2017,0
11202,Pastos marinos,2017,0
11203,Pastos marinos,2017,0
11303,Pastos marinos,2017,0
12101,Pastos marinos,2017,0
12102,Pastos marinos,2017,0
12103,Pastos marinos,2017,0
12104,Pastos marinos,2017,0
12201,Pastos marinos,2017,0
12301,Pastos marinos,2017,0
12302,Pastos marinos,2017,0
12303,Pastos marinos,2017,0
12401,Pastos marinos,2017,0
12402,Pastos marinos,2017,0
14101,Pastos marinos,2017,0
14102,Pastos marinos,2017,0
14106,Pastos marinos,2017,0
14201,Pastos marinos,2017,0
16202,Pastos marinos,2017,0
16203,Pastos marinos,2017,0
16207,Pastos marinos,2017,0
01404,Pastos marinos,2018,0
02101,Pastos marinos,2018,0
03101,Pastos marinos,2018,0
03201,Pastos marinos,2018,0
04101,Pastos marinos,2018,0
04104,Pastos marinos,2018,0
04301,Pastos marinos,2018,0
05104,Pastos marinos,2018,0
05201,Pastos marinos,2018,0
05401,Pastos marinos,2018,0
05601,Pastos marinos,2018,0
05603,Pastos marinos,2018,0
05604,Pastos marinos,2018,0
05605,Pastos marinos,2018,0
05606,Pastos marinos,2018,0
06201,Pastos marinos,2018,0
06203,Pastos marinos,2018,0
06205,Pastos marinos,2018,0
06206,Pastos marinos,2018,0
07103,Pastos marinos,2018,0
07202,Pastos marinos,2018,0
07203,Pastos marinos,2018,0
07303,Pastos marinos,2018,0
07309,Pastos marinos,2018,0
08102,Pastos marinos,2018,0
08107,Pastos marinos,2018,0
08108,Pastos marinos,2018,0
08110,Pastos marinos,2018,0
08111,Pastos marinos,2018,0
08112,Pastos marinos,2018,0
08201,Pastos marinos,2018,0
08203,Pastos marinos,2018,0
08206,Pastos marinos,2018,0
08207,Pastos marinos,2018,0
09118,Pastos marinos,2018,0
10101,Pastos marinos,2018,0
10102,Pastos marinos,2018,0
10103,Pastos marinos,2018,0
10104,Pastos marinos,2018,0
10106,Pastos marinos,2018,0
10108,Pastos marinos,2018,0
10109,Pastos marinos,2018,0
10201,Pastos marinos,2018,0
10202,Pastos marinos,2018,0
10203,Pastos marinos,2018,0
10204,Pastos marinos,2018,0
10205,Pastos marinos,2018,0
10206,Pastos marinos,2018,0
10207,Pastos marinos,2018,0
10208,Pastos marinos,2018,0
10209,Pastos marinos,2018,0
10210,Pastos marinos,2018,0
10303,Pastos marinos,2018,0
10305,Pastos marinos,2018,0
10306,Pastos marinos,2018,0
10401,Pastos marinos,2018,0
10403,Pastos marinos,2018,0
11201,Pastos marinos,2018,0
11202,Pastos marinos,2018,0
11203,Pastos marinos,2018,0
11303,Pastos marinos,2018,0
12101,Pastos marinos,2018,0
12102,Pastos marinos,2018,0
12103,Pastos marinos,2018,0
12104,Pastos marinos,2018,0
12201,Pastos marinos,2018,0
12301,Pastos marinos,2018,0
12302,Pastos marinos,2018,0
12303,Pastos marinos,2018,0
12401,Pastos marinos,2018,0
12402,Pastos marinos,2018,0
14101,Pastos marinos,2018,0
14102,Pastos marinos,2018,0
14106,Pastos marinos,2018,0
14201,Pastos marinos,2018,0
16202,Pastos marinos,2018,0
16203,Pastos marinos,2018,0
16207,Pastos marinos,2018,0
01404,Pastos marinos,2019,0
02101,Pastos marinos,2019,0
03101,Pastos marinos,2019,0
03201,Pastos marinos,2019,0
04101,Pastos marinos,2019,0
04104,Pastos marinos,2019,0
04301,Pastos marinos,2019,0
05104,Pastos marinos,2019,0
05201,Pastos marinos,2019,0
05401,Pastos marinos,2019,0
05601,Pastos marinos,2019,0
05603,Pastos marinos,2019,0
05604,Pastos marinos,2019,0
05605,Pastos marinos,2019,0
05606,Pastos marinos,2019,0
06201,Pastos marinos,2019,0
06203,Pastos marinos,2019,0
06205,Pastos marinos,2019,0
06206,Pastos marinos,2019,0
07103,Pastos marinos,2019,0
07202,Pastos marinos,2019,0
07203,Pastos marinos,2019,0
07303,Pastos marinos,2019,0
07309,Pastos marinos,2019,0
08102,Pastos marinos,2019,0
08107,Pastos marinos,2019,0
08108,Pastos marinos,2019,0
08110,Pastos marinos,2019,0
08111,Pastos marinos,2019,0
08112,Pastos marinos,2019,0
08201,Pastos marinos,2019,0
08203,Pastos marinos,2019,0
08206,Pastos marinos,2019,0
08207,Pastos marinos,2019,0
09118,Pastos marinos,2019,0
10101,Pastos marinos,2019,0
10102,Pastos marinos,2019,0
10103,Pastos marinos,2019,0
10104,Pastos marinos,2019,0
10106,Pastos marinos,2019,0
10108,Pastos marinos,2019,0
10109,Pastos marinos,2019,0
10201,Pastos marinos,2019,0
10202,Pastos marinos,2019,0
10203,Pastos marinos,2019,0
10204,Pastos marinos,2019,0
10205,Pastos marinos,2019,0
10206,Pastos marinos,2019,0
10207,Pastos marinos,2019,0
10208,Pastos marinos,2019,0
10209,Pastos marinos,2019,0
10210,Pastos marinos,2019,0
10303,Pastos marinos,2019,0
10305,Pastos marinos,2019,0
10306,Pastos marinos,2019,0
10401,Pastos marinos,2019,0
10403,Pastos marinos,2019,0
11201,Pastos marinos,2019,0
11202,Pastos marinos,2019,0
11203,Pastos marinos,2019,0
11303,Pastos marinos,2019,0
12101,Pastos marinos,2019,0
12102,Pastos marinos,2019,0
12103,Pastos marinos,2019,0
12104,Pastos marinos,2019,0
12201,Pastos marinos,2019,0
12301,Pastos marinos,2019,0
12302,Pastos marinos,2019,0
12303,Pastos marinos,2019,0
12401,Pastos marinos,2019,0
12402,Pastos marinos,2019,0
14101,Pastos marinos,2019,0
14102,Pastos marinos,2019,0
14106,Pastos marinos,2019,0
14201,Pastos marinos,2019,0
16202,Pastos marinos,2019,0
16203,Pastos marinos,2019,0
16207,Pastos marinos,2019,0
01404,Pastos marinos,2020,0
02101,Pastos marinos,2020,0
03101,Pastos marinos,2020,0
03201,Pastos marinos,2020,0
04101,Pastos marinos,2020,0
04104,Pastos marinos,2020,0
04301,Pastos marinos,2020,0
05104,Pastos marinos,2020,0
05201,Pastos marinos,2020,0
05401,Pastos marinos,2020,0
05601,Pastos marinos,2020,0
05603,Pastos marinos,2020,0
05604,Pastos marinos,2020,0
05605,Pastos marinos,2020,0
05606,Pastos marinos,2020,0
06201,Pastos marinos,2020,0
06203,Pastos marinos,2020,0
06205,Pastos marinos,2020,0
06206,Pastos marinos,2020,0
07103,Pastos marinos,2020,0
07202,Pastos marinos,2020,0
07203,Pastos marinos,2020,0
07303,Pastos marinos,2020,0
07309,Pastos marinos,2020,0
08102,Pastos marinos,2020,0
08107,Pastos marinos,2020,0
08108,Pastos marinos,2020,0
08110,Pastos marinos,2020,0
08111,Pastos marinos,2020,0
08112,Pastos marinos,2020,0
08201,Pastos marinos,2020,0
08203,Pastos marinos,2020,0
08206,Pastos marinos,2020,0
08207,Pastos marinos,2020,0
09118,Pastos marinos,2020,0
10101,Pastos marinos,2020,0
10102,Pastos marinos,2020,0
10103,Pastos marinos,2020,0
10104,Pastos marinos,2020,0
10106,Pastos marinos,2020,0
10108,Pastos marinos,2020,0
10109,Pastos marinos,2020,0
10201,Pastos marinos,2020,0
10202,Pastos marinos,2020,0
10203,Pastos marinos,2020,0
10204,Pastos marinos,2020,0
10205,Pastos marinos,2020,0
10206,Pastos marinos,2020,0
10207,Pastos marinos,2020,0
10208,Pastos marinos,2020,0
10209,Pastos marinos,2020,0
10210,Pastos marinos,2020,0
10303,Pastos marinos,2020,0
10305,Pastos marinos,2020,0
10306,Pastos marinos,2020,0
10401,Pastos marinos,2020,0
10403,Pastos marinos,2020,0
11201,Pastos marinos,2020,0
11202,Pastos marinos,2020,0
11203,Pastos marinos,2020,0
11303,Pastos marinos,2020,0
12101,Pastos marinos,2020,0
12102,Pastos marinos,2020,0
12103,Pastos marinos,2020,0
12104,Pastos marinos,2020,0
12201,Pastos marinos,2020,0
12301,Pastos marinos,2020,0
12302,Pastos marinos,2020,0
12303,Pastos marinos,2020,0
12401,Pastos marinos,2020,0
12402,Pastos marinos,2020,0
14101,Pastos marinos,2020,0
14102,Pastos marinos,2020,0
14106,Pastos marinos,2020,0
14201,Pastos marinos,2020,0
16202,Pastos marinos,2020,0
16203,Pastos marinos,2020,0
16207,Pastos marinos,2020,0
01404,Pastos marinos,2021,0
02101,Pastos marinos,2021,0
03101,Pastos marinos,2021,0
03201,Pastos marinos,2021,0
04101,Pastos marinos,2021,0
04104,Pastos marinos,2021,0
04301,Pastos marinos,2021,0
05104,Pastos marinos,2021,0
05201,Pastos marinos,2021,0
05401,Pastos marinos,2021,0
05601,Pastos marinos,2021,0
05603,Pastos marinos,2021,0
05604,Pastos marinos,2021,0
05605,Pastos marinos,2021,0
05606,Pastos marinos,2021,0
06201,Pastos marinos,2021,0
06203,Pastos marinos,2021,0
06205,Pastos marinos,2021,0
06206,Pastos marinos,2021,0
07103,Pastos marinos,2021,0
07202,Pastos marinos,2021,0
07203,Pastos marinos,2021,0
07303,Pastos marinos,2021,0
07309,Pastos marinos,2021,0
08102,Pastos marinos,2021,0
08107,Pastos marinos,2021,0
08108,Pastos marinos,2021,0
08110,Pastos marinos,2021,0
08111,Pastos marinos,2021,0
08112,Pastos marinos,2021,0
08201,Pastos marinos,2021,0
08203,Pastos marinos,2021,0
08206,Pastos marinos,2021,0
08207,Pastos marinos,2021,0
09118,Pastos marinos,2021,0
10101,Pastos marinos,2021,0
10102,Pastos marinos,2021,0
10103,Pastos marinos,2021,0
10104,Pastos marinos,2021,0
10106,Pastos marinos,2021,0
10108,Pastos marinos,2021,0
10109,Pastos marinos,2021,0
10201,Pastos marinos,2021,0
10202,Pastos marinos,2021,0
10203,Pastos marinos,2021,0
10204,Pastos marinos,2021,0
10205,Pastos marinos,2021,0
10206,Pastos marinos,2021,0
10207,Pastos marinos,2021,0
10208,Pastos marinos,2021,0
10209,Pastos marinos,2021,0
10210,Pastos marinos,2021,0
10303,Pastos marinos,2021,0
10305,Pastos marinos,2021,0
10306,Pastos marinos,2021,0
10401,Pastos marinos,2021,0
10403,Pastos marinos,2021,0
11201,Pastos marinos,2021,0
11202,Pastos marinos,2021,0
11203,Pastos marinos,2021,0
11303,Pastos marinos,2021,0
12101,Pastos marinos,2021,0
12102,Pastos marinos,2021,0
12103,Pastos marinos,2021,0
12104,Pastos marinos,2021,0
12201,Pastos marinos,2021,0
12301,Pastos marinos,2021,0
12302,Pastos marinos,2021,0
12303,Pastos marinos,2021,0
12401,Pastos marinos,2021,0
12402,Pastos marinos,2021,0
14101,Pastos marinos,2021,0
14102,Pastos marinos,2021,0
14106,Pastos marinos,2021,0
14201,Pastos marinos,2021,0
16202,Pastos marinos,2021,0
16203,Pastos marinos,2021,0
16207,Pastos marinos,2021,0
01404,Pastos marinos,2022,0
02101,Pastos marinos,2022,0
03101,Pastos marinos,2022,0
03201,Pastos marinos,2022,0
04101,Pastos marinos,2022,0
04104,Pastos marinos,2022,0
04301,Pastos marinos,2022,0
05104,Pastos marinos,2022,0
05201,Pastos marinos,2022,0
05401,Pastos marinos,2022,0
05601,Pastos marinos,2022,0
05603,Pastos marinos,2022,0
05604,Pastos marinos,2022,0
05605,Pastos marinos,2022,0
05606,Pastos marinos,2022,0
06201,Pastos marinos,2022,0
06203,Pastos marinos,2022,0
06205,Pastos marinos,2022,0
06206,Pastos marinos,2022,0
07103,Pastos marinos,2022,0
07202,Pastos marinos,2022,0
07203,Pastos marinos,2022,0
07303,Pastos marinos,2022,0
07309,Pastos marinos,2022,0
08102,Pastos marinos,2022,0
08107,Pastos marinos,2022,0
08108,Pastos marinos,2022,0
08110,Pastos marinos,2022,0
08111,Pastos marinos,2022,0
08112,Pastos marinos,2022,0
08201,Pastos marinos,2022,0
08203,Pastos marinos,2022,0
08206,Pastos marinos,2022,0
08207,Pastos marinos,2022,0
09118,Pastos marinos,2022,0
10101,Pastos marinos,2022,0
10102,Pastos marinos,2022,0
10103,Pastos marinos,2022,0
10104,Pastos marinos,2022,0
10106,Pastos marinos,2022,0
10108,Pastos marinos,2022,0
10109,Pastos marinos,2022,0
10201,Pastos marinos,2022,0
10202,Pastos marinos,2022,0
10203,Pastos marinos,2022,0
10204,Pastos marinos,2022,0
10205,Pastos marinos,2022,0
10206,Pastos marinos,2022,0
10207,Pastos marinos,2022,0
10208,Pastos marinos,2022,0
10209,Pastos marinos,2022,0
10210,Pastos marinos,2022,0
10303,Pastos marinos,2022,0
10305,Pastos marinos,2022,0
10306,Pastos marinos,2022,0
10401,Pastos marinos,2022,0
10403,Pastos marinos,2022,0
11201,Pastos marinos,2022,0
11202,Pastos marinos,2022,0
11203,Pastos marinos,2022,0
11303,Pastos marinos,2022,0
12101,Pastos marinos,2022,0
12102,Pastos marinos,2022,0
12103,Pastos marinos,2022,0
12104,Pastos marinos,2022,0
12201,Pastos marinos,2022,0
12301,Pastos marinos,2022,0
12302,Pastos marinos,2022,0
12303,Pastos marinos,2022,0
12401,Pastos marinos,2022,0
12402,Pastos marinos,2022,0
14101,Pastos marinos,2022,0
14102,Pastos marinos,2022,0
14106,Pastos marinos,2022,0
14201,Pastos marinos,2022,0
16202,Pastos marinos,2022,0
16203,Pastos marinos,2022,0
16207,Pastos marinos,2022,0
01404,Pastos marinos,2023,0
02101,Pastos marinos,2023,0
03101,Pastos marinos,2023,0
03201,Pastos marinos,2023,0
04101,Pastos marinos,2023,0
04104,Pastos marinos,2023,0
04301,Pastos marinos,2023,0
05104,Pastos marinos,2023,0
05201,Pastos marinos,2023,0
05401,Pastos marinos,2023,0
05601,Pastos marinos,2023,0
05603,Pastos marinos,2023,0
05604,Pastos marinos,2023,0
05605,Pastos marinos,2023,0
05606,Pastos marinos,2023,0
06201,Pastos marinos,2023,0
06203,Pastos marinos,2023,0
06205,Pastos marinos,2023,0
06206,Pastos marinos,2023,0
07103,Pastos marinos,2023,0
07202,Pastos marinos,2023,0
07203,Pastos marinos,2023,0
07303,Pastos marinos,2023,0
07309,Pastos marinos,2023,0
08102,Pastos marinos,2023,0
08107,Pastos marinos,2023,0
08108,Pastos marinos,2023,0
08110,Pastos marinos,2023,0
08111,Pastos marinos,2023,0
08112,Pastos marinos,2023,0
08201,Pastos marinos,2023,0
08203,Pastos marinos,2023,0
08206,Pastos marinos,2023,0
08207,Pastos marinos,2023,0
09118,Pastos marinos,2023,0
10101,Pastos marinos,2023,0
10102,Pastos marinos,2023,0
10103,Pastos marinos,2023,0
10104,Pastos marinos,2023,0
10106,Pastos marinos,2023,0
10108,Pastos marinos,2023,0
10109,Pastos marinos,2023,0
10201,Pastos marinos,2023,0
10202,Pastos marinos,2023,0
10203,Pastos marinos,2023,0
10204,Pastos marinos,2023,0
10205,Pastos marinos,2023,0
10206,Pastos marinos,2023,0
10207,Pastos marinos,2023,0
10208,Pastos marinos,2023,0
10209,Pastos marinos,2023,0
10210,Pastos marinos,2023,0
10303,Pastos marinos,2023,0
10305,Pastos marinos,2023,0
10306,Pastos marinos,2023,0
10401,Pastos marinos,2023,0
10403,Pastos marinos,2023,0
11201,Pastos marinos,2023,0
11202,Pastos marinos,2023,0
11203,Pastos marinos,2023,0
11303,Pastos marinos,2023,0
12101,Pastos marinos,2023,0
12102,Pastos marinos,2023,0
12103,Pastos marinos,2023,0
12104,Pastos marinos,2023,0
12201,Pastos marinos,2023,0
12301,Pastos marinos,2023,0
12302,Pastos marinos,2023,0
12303,Pastos marinos,2023,0
12401,Pastos marinos,2023,0
12402,Pastos marinos,2023,0
14101,Pastos marinos,2023,0
14102,Pastos marinos,2023,0
14106,Pastos marinos,2023,0
14201,Pastos marinos,2023,0
16202,Pastos marinos,2023,0
16203,Pastos marinos,2023,0
16207,Pastos marinos,2023,0
01404,Pastos marinos,2024,0
02101,Pastos marinos,2024,0
03101,Pastos marinos,2024,0
03201,Pastos marinos,2024,0
04101,Pastos marinos,2024,0
04104,Pastos marinos,2024,0
04301,Pastos marinos,2024,0
05104,Pastos marinos,2024,0
05201,Pastos marinos,2024,0
05401,Pastos marinos,2024,0
05601,Pastos marinos,2024,0
05603,Pastos marinos,2024,0
05604,Pastos marinos,2024,0
05605,Pastos marinos,2024,0
05606,Pastos marinos,2024,0
06201,Pastos marinos,2024,0
06203,Pastos marinos,2024,0
06205,Pastos marinos,2024,0
06206,Pastos marinos,2024,0
07103,Pastos marinos,2024,0
07202,Pastos marinos,2024,0
07203,Pastos marinos,2024,0
07303,Pastos marinos,2024,0
07309,Pastos marinos,2024,0
08102,Pastos marinos,2024,0
08107,Pastos marinos,2024,0
08108,Pastos marinos,2024,0
08110,Pastos marinos,2024,0
08111,Pastos marinos,2024,0
08112,Pastos marinos,2024,0
08201,Pastos marinos,2024,0
08203,Pastos marinos,2024,0
08206,Pastos marinos,2024,0
08207,Pastos marinos,2024,0
09118,Pastos marinos,2024,0
10101,Pastos marinos,2024,0
10102,Pastos marinos,2024,0
10103,Pastos marinos,2024,0
10104,Pastos marinos,2024,0
10106,Pastos marinos,2024,0
10108,Pastos marinos,2024,0
10109,Pastos marinos,2024,0
10201,Pastos marinos,2024,0
10202,Pastos marinos,2024,0
10203,Pastos marinos,2024,0
10204,Pastos marinos,2024,0
10205,Pastos marinos,2024,0
10206,Pastos marinos,2024,0
10207,Pastos marinos,2024,0
10208,Pastos marinos,2024,0
10209,Pastos marinos,2024,0
10210,Pastos marinos,2024,0
10303,Pastos marinos,2024,0
10305,Pastos marinos,2024,0
10306,Pastos marinos,2024,0
10401,Pastos marinos,2024,0
10403,Pastos marinos,2024,0
11201,Pastos marinos,2024,0
11202,Pastos marinos,2024,0
11203,Pastos marinos,2024,0
11303,Pastos marinos,2024,0
12101,Pastos marinos,2024,0
12102,Pastos marinos,2024,0
12103,Pastos marinos,2024,0
12104,Pastos marinos,2024,0
12201,Pastos marinos,2024,0
12301,Pastos marinos,2024,0
12302,Pastos marinos,2024,0
12303,Pastos marinos,2024,0
12401,Pastos marinos,2024,0
12402,Pastos marinos,2024,0
14101,Pastos marinos,2024,0
14102,Pastos marinos,2024,0
14106,Pastos marinos,2024,0
14201,Pastos marinos,2024,0
16202,Pastos marinos,2024,0
16203,Pastos marinos,2024,0
16207,Pastos marinos,2024,0
08102,Bentonico,2024,0
08106,Bentonico,2024,0
08108,Bentonico,2024,0
09116,Bentonico,2024,0
09117,Bentonico,2024,0
09118,Bentonico,2024,0
10101,Bentonico,2024,0
10102,Bentonico,2024,0
10103,Bentonico,2024,0
10108,Bentonico,2024,0
10109,Bentonico,2024,0
10201,Bentonico,2024,0
10202,Bentonico,2024,0
10203,Bentonico,2024,0
10204,Bentonico,2024,0
10205,Bentonico,2024,0
10206,Bentonico,2024,0
10207,Bentonico,2024,0
10208,Bentonico,2024,0
10209,Bentonico,2024,0
10210,Bentonico,2024,0
10401,Bentonico,2024,0
10403,Bentonico,2024,0
11202,Bentonico,2024,0
11203,Bentonico,2024,0
11303,Bentonico,2024,0
12102,Bentonico,2024,0
12103,Bentonico,2024,0
12104,Bentonico,2024,0
12201,Bentonico,2024,0
12301,Bentonico,2024,0
12302,Bentonico,2024,0
12303,Bentonico,2024,0
12401,Bentonico,2024,0
12402,Bentonico,2024,0
05104,Bentonico,2024,0
05201,Bentonico,2024,0
05104,Bentonico,2017,0
05104,Bentonico,2018,0
05104,Bentonico,2019,0
05104,Bentonico,2020,0
05104,Bentonico,2021,0
05104,Bentonico,2022,0
05104,Bentonico,2023,0
05201,Bentonico,2017,0
05201,Bentonico,2018,0
05201,Bentonico,2019,0
05201,Bentonico,2020,0
05201,Bentonico,2021,0
05201,Bentonico,2022,0
05201,Bentonico,2023,0
08102,Bentonico,2017,0
08102,Bentonico,2018,0
08102,Bentonico,2019,0
08102,Bentonico,2020,0
08102,Bentonico,2021,0
08102,Bentonico,2022,0
08102,Bentonico,2023,0
08106,Bentonico,2017,0
08106,Bentonico,2018,0
08106,Bentonico,2019,0
08106,Bentonico,2020,0
08106,Bentonico,2021,0
08106,Bentonico,2022,0
08106,Bentonico,2023,0
08108,Bentonico,2017,0
08108,Bentonico,2018,0
08108,Bentonico,2019,0
08108,Bentonico,2020,0
08108,Bentonico,2021,0
08108,Bentonico,2022,0
08108,Bentonico,2023,0
09116,Bentonico,2017,0
09116,Bentonico,2018,0
09116,Bentonico,2019,0
09116,Bentonico,2020,0
09116,Bentonico,2021,0
09116,Bentonico,2022,0
09116,Bentonico,2023,0
09117,Bentonico,2017,0
09117,Bentonico,2018,0
09117,Bentonico,2019,0
09117,Bentonico,2020,0
09117,Bentonico,2021,0
09117,Bentonico,2022,0
09117,Bentonico,2023,0
09118,Bentonico,2017,0
09118,Bentonico,2018,0
09118,Bentonico,2019,0
09118,Bentonico,2020,0
09118,Bentonico,2021,0
09118,Bentonico,2022,0
09118,Bentonico,2023,0
10101,Bentonico,2017,0
10101,Bentonico,2018,0
10101,Bentonico,2019,0
10101,Bentonico,2020,0
10101,Bentonico,2021,0
10101,Bentonico,2022,0
10101,Bentonico,2023,0
10102,Bentonico,2017,0
10102,Bentonico,2018,0
10102,Bentonico,2019,0
10102,Bentonico,2020,0
10102,Bentonico,2021,0
10102,Bentonico,2022,0
10102,Bentonico,2023,0
10103,Bentonico,2017,0
10103,Bentonico,2018,0
10103,Bentonico,2019,0
10103,Bentonico,2020,0
10103,Bentonico,2021,0
10103,Bentonico,2022,0
10103,Bentonico,2023,0
10108,Bentonico,2017,0
10108,Bentonico,2018,0
10108,Bentonico,2019,0
10108,Bentonico,2020,0
10108,Bentonico,2021,0
10108,Bentonico,2022,0
10108,Bentonico,2023,0
10109,Bentonico,2017,0
10109,Bentonico,2018,0
10109,Bentonico,2019,0
10109,Bentonico,2020,0
10109,Bentonico,2021,0
10109,Bentonico,2022,0
10109,Bentonico,2023,0
10201,Bentonico,2017,0
10201,Bentonico,2018,0
10201,Bentonico,2019,0
10201,Bentonico,2020,0
10201,Bentonico,2021,0
10201,Bentonico,2022,0
10201,Bentonico,2023,0
10202,Bentonico,2017,0
10202,Bentonico,2018,0
10202,Bentonico,2019,0
10202,Bentonico,2020,0
10202,Bentonico,2021,0
10202,Bentonico,2022,0
10202,Bentonico,2023,0
10203,Bentonico,2017,0
10203,Bentonico,2018,0
10203,Bentonico,2019,0
10203,Bentonico,2020,0
10203,Bentonico,2021,0
10203,Bentonico,2022,0
10203,Bentonico,2023,0
10204,Bentonico,2017,0
10204,Bentonico,2018,0
10204,Bentonico,2019,0
10204,Bentonico,2020,0
10204,Bentonico,2021,0
10204,Bentonico,2022,0
10204,Bentonico,2023,0
10205,Bentonico,2017,0
10205,Bentonico,2018,0
10205,Bentonico,2019,0
10205,Bentonico,2020,0
10205,Bentonico,2021,0
10205,Bentonico,2022,0
10205,Bentonico,2023,0
10206,Bentonico,2017,0
10206,Bentonico,2018,0
10206,Bentonico,2019,0
10206,Bentonico,2020,0
10206,Bentonico,2021,0
10206,Bentonico,2022,0
10206,Bentonico,2023,0
10207,Bentonico,2017,0
10207,Bentonico,2018,0
10207,Bentonico,2019,0
10207,Bentonico,2020,0
10207,Bentonico,2021,0
10207,Bentonico,2022,0
10207,Bentonico,2023,0
10208,Bentonico,2017,0
10208,Bentonico,2018,0
10208,Bentonico,2019,0
10208,Bentonico,2020,0
10208,Bentonico,2021,0
10208,Bentonico,2022,0
10208,Bentonico,2023,0
10209,Bentonico,2017,0
10209,Bentonico,2018,0
10209,Bentonico,2019,0
10209,Bentonico,2020,0
10209,Bentonico,2021,0
10209,Bentonico,2022,0
10209,Bentonico,2023,0
10210,Bentonico,2017,0
10210,Bentonico,2018,0
10210,Bentonico,2019,0
10210,Bentonico,2020,0
10210,Bentonico,2021,0
10210,Bentonico,2022,0
10210,Bentonico,2023,0
10401,Bentonico,2017,0
10401,Bentonico,2018,0
10401,Bentonico,2019,0
10401,Bentonico,2020,0
10401,Bentonico,2021,0
10401,Bentonico,2022,0
10401,Bentonico,2023,0
10403,Bentonico,2017,0
10403,Bentonico,2018,0
10403,Bentonico,2019,0
10403,Bentonico,2020,0
10403,Bentonico,2021,0
10403,Bentonico,2022,0
10403,Bentonico,2023,0
11202,Bentonico,2017,0
11202,Bentonico,2018,0
11202,Bentonico,2019,0
11202,Bentonico,2020,0
11202,Bentonico,2021,0
11202,Bentonico,2022,0
11202,Bentonico,2023,0
11203,Bentonico,2017,0
11203,Bentonico,2018,0
11203,Bentonico,2019,0
11203,Bentonico,2020,0
11203,Bentonico,2021,0
11203,Bentonico,2022,0
11203,Bentonico,2023,0
11303,Bentonico,2017,0
11303,Bentonico,2018,0
11303,Bentonico,2019,0
11303,Bentonico,2020,0
11303,Bentonico,2021,0
11303,Bentonico,2022,0
11303,Bentonico,2023,0
12102,Bentonico,2017,0
12102,Bentonico,2018,0
12102,Bentonico,2019,0
12102,Bentonico,2020,0
12102,Bentonico,2021,0
12102,Bentonico,2022,0
12102,Bentonico,2023,0
12103,Bentonico,2017,0
12103,Bentonico,2018,0
12103,Bentonico,2019,0
12103,Bentonico,2020,0
12103,Bentonico,2021,0
12103,Bentonico,2022,0
12103,Bentonico,2023,0
12104,Bentonico,2017,0
12104,Bentonico,2018,0
12104,Bentonico,2019,0
12104,Bentonico,2020,0
12104,Bentonico,2021,0
12104,Bentonico,2022,0
12104,Bentonico,2023,0
12201,Bentonico,2017,0
12201,Bentonico,2018,0
12201,Bentonico,2019,0
12201,Bentonico,2020,0
12201,Bentonico,2021,0
12201,Bentonico,2022,0
12201,Bentonico,2023,0
12301,Bentonico,2017,0
12301,Bentonico,2018,0
12301,Bentonico,2019,0
12301,Bentonico,2020,0
12301,Bentonico,2021,0
12301,Bentonico,2022,0
12301,Bentonico,2023,0
12302,Bentonico,2017,0
12302,Bentonico,2018,0
12302,Bentonico,2019,0
12302,Bentonico,2020,0
12302,Bentonico,2021,0
12302,Bentonico,2022,0
12302,Bentonico,2023,0
12303,Bentonico,2017,0
12303,Bentonico,2018,0
12303,Bentonico,2019,0
12303,Bentonico,2020,0
12303,Bentonico,2021,0
12303,Bentonico,2022,0
12303,Bentonico,2023,0
12401,Bentonico,2017,0
12401,Bentonico,2018,0
12401,Bentonico,2019,0
12401,Bentonico,2020,0
12401,Bentonico,2021,0
12401,Bentonico,2022,0
12401,Bentonico,2023,0
12402,Bentonico,2017,0
12402,Bentonico,2018,0
12402,Bentonico,2019,0
12402,Bentonico,2020,0
12402,Bentonico,2021,0
12402,Bentonico,2022,0
12402,Bentonico,2023,0
