rgn_id,habitat,year,value
05103,Macrocystis,2024,0
05103,Macrocystis,2017,0
05103,Macrocystis,2018,0
05103,Macrocystis,2019,0
05103,Macrocystis,2020,0
05103,Macrocystis,2021,0
05103,Macrocystis,2022,0
05103,Macrocystis,2023,0
01404,Pastos marinos,2017,0
02101,Pastos marinos,2017,0
03101,Pastos marinos,2017,0
03201,Pastos marinos,2017,0
04101,Pastos marinos,2017,0
04104,Pastos marinos,2017,0
04301,Pastos marinos,2017,0
05104,Pastos marinos,2017,0
05201,Pastos marinos,2017,0
05401,Pastos marinos,2017,0
05601,Pastos marinos,2017,0
05603,Pastos marinos,2017,0
05604,Pastos marinos,2017,0
05605,Pastos marinos,2017,0
05606,Pastos marinos,2017,0
06201,Pastos marinos,2017,0
06203,Pastos marinos,2017,0
06205,Pastos marinos,2017,0
06206,Pastos marinos,2017,0
07103,Pastos marinos,2017,0
07202,Pastos marinos,2017,0
07203,Pastos marinos,2017,0
07303,Pastos marinos,2017,0
07309,Pastos marinos,2017,0
08102,Pastos marinos,2017,0
08107,Pastos marinos,2017,0
08108,Pastos marinos,2017,0
08110,Pastos marinos,2017,0
08111,Pastos marinos,2017,0
08112,Pastos marinos,2017,0
08201,Pastos marinos,2017,0
08203,Pastos marinos,2017,0
08206,Pastos marinos,2017,0
08207,Pastos marinos,2017,0
09118,Pastos marinos,2017,0
10101,Pastos marinos,2017,0
10102,Pastos marinos,2017,0
10103,Pastos marinos,2017,0
10104,Pastos marinos,2017,0
10106,Pastos marinos,2017,0
10108,Pastos marinos,2017,0
10109,Pastos marinos,2017,0
10201,Pastos marinos,2017,0
10202,Pastos marinos,2017,0
10203,Pastos marinos,2017,0
10204,Pastos marinos,2017,0
10205,Pastos marinos,2017,0
10206,Pastos marinos,2017,0
10207,Pastos marinos,2017,0
10208,Pastos marinos,2017,0
10209,Pastos marinos,2017,0
10210,Pastos marinos,2017,0
10303,Pastos marinos,2017,0
10305,Pastos marinos,2017,0
10306,Pastos marinos,2017,0
10401,Pastos marinos,2017,0
10403,Pastos marinos,2017,0
11201,Pastos marinos,2017,0
11202,Pastos marinos,2017,0
11203,Pastos marinos,2017,0
11303,Pastos marinos,2017,0
12101,Pastos marinos,2017,0
12102,Pastos marinos,2017,0
12103,Pastos marinos,2017,0
12104,Pastos marinos,2017,0
12201,Pastos marinos,2017,0
12301,Pastos marinos,2017,0
12302,Pastos marinos,2017,0
12303,Pastos marinos,2017,0
12401,Pastos marinos,2017,0
12402,Pastos marinos,2017,0
14101,Pastos marinos,2017,0
14102,Pastos marinos,2017,0
14106,Pastos marinos,2017,0
14201,Pastos marinos,2017,0
16202,Pastos marinos,2017,0
16203,Pastos marinos,2017,0
16207,Pastos marinos,2017,0
01404,Pastos marinos,2018,0
02101,Pastos marinos,2018,0
03101,Pastos marinos,2018,0
03201,Pastos marinos,2018,0
04101,Pastos marinos,2018,0
04104,Pastos marinos,2018,0
04301,Pastos marinos,2018,0
05104,Pastos marinos,2018,0
05201,Pastos marinos,2018,0
05401,Pastos marinos,2018,0
05601,Pastos marinos,2018,0
05603,Pastos marinos,2018,0
05604,Pastos marinos,2018,0
05605,Pastos marinos,2018,0
05606,Pastos marinos,2018,0
06201,Pastos marinos,2018,0
06203,Pastos marinos,2018,0
06205,Pastos marinos,2018,0
06206,Pastos marinos,2018,0
07103,Pastos marinos,2018,0
07202,Pastos marinos,2018,0
07203,Pastos marinos,2018,0
07303,Pastos marinos,2018,0
07309,Pastos marinos,2018,0
08102,Pastos marinos,2018,0
08107,Pastos marinos,2018,0
08108,Pastos marinos,2018,0
08110,Pastos marinos,2018,0
08111,Pastos marinos,2018,0
08112,Pastos marinos,2018,0
08201,Pastos marinos,2018,0
08203,Pastos marinos,2018,0
08206,Pastos marinos,2018,0
08207,Pastos marinos,2018,0
09118,Pastos marinos,2018,0
10101,Pastos marinos,2018,0
10102,Pastos marinos,2018,0
10103,Pastos marinos,2018,0
10104,Pastos marinos,2018,0
10106,Pastos marinos,2018,0
10108,Pastos marinos,2018,0
10109,Pastos marinos,2018,0
10201,Pastos marinos,2018,0
10202,Pastos marinos,2018,0
10203,Pastos marinos,2018,0
10204,Pastos marinos,2018,0
10205,Pastos marinos,2018,0
10206,Pastos marinos,2018,0
10207,Pastos marinos,2018,0
10208,Pastos marinos,2018,0
10209,Pastos marinos,2018,0
10210,Pastos marinos,2018,0
10303,Pastos marinos,2018,0
10305,Pastos marinos,2018,0
10306,Pastos marinos,2018,0
10401,Pastos marinos,2018,0
10403,Pastos marinos,2018,0
11201,Pastos marinos,2018,0
11202,Pastos marinos,2018,0
11203,Pastos marinos,2018,0
11303,Pastos marinos,2018,0
12101,Pastos marinos,2018,0
12102,Pastos marinos,2018,0
12103,Pastos marinos,2018,0
12104,Pastos marinos,2018,0
12201,Pastos marinos,2018,0
12301,Pastos marinos,2018,0
12302,Pastos marinos,2018,0
12303,Pastos marinos,2018,0
12401,Pastos marinos,2018,0
12402,Pastos marinos,2018,0
14101,Pastos marinos,2018,0
14102,Pastos marinos,2018,0
14106,Pastos marinos,2018,0
14201,Pastos marinos,2018,0
16202,Pastos marinos,2018,0
16203,Pastos marinos,2018,0
16207,Pastos marinos,2018,0
01404,Pastos marinos,2019,0
02101,Pastos marinos,2019,0
03101,Pastos marinos,2019,0
03201,Pastos marinos,2019,0
04101,Pastos marinos,2019,0
04104,Pastos marinos,2019,0
04301,Pastos marinos,2019,0
05104,Pastos marinos,2019,0
05201,Pastos marinos,2019,0
05401,Pastos marinos,2019,0
05601,Pastos marinos,2019,0
05603,Pastos marinos,2019,0
05604,Pastos marinos,2019,0
05605,Pastos marinos,2019,0
05606,Pastos marinos,2019,0
06201,Pastos marinos,2019,0
06203,Pastos marinos,2019,0
06205,Pastos marinos,2019,0
06206,Pastos marinos,2019,0
07103,Pastos marinos,2019,0
07202,Pastos marinos,2019,0
07203,Pastos marinos,2019,0
07303,Pastos marinos,2019,0
07309,Pastos marinos,2019,0
08102,Pastos marinos,2019,0
08107,Pastos marinos,2019,0
08108,Pastos marinos,2019,0
08110,Pastos marinos,2019,0
08111,Pastos marinos,2019,0
08112,Pastos marinos,2019,0
08201,Pastos marinos,2019,0
08203,Pastos marinos,2019,0
08206,Pastos marinos,2019,0
08207,Pastos marinos,2019,0
09118,Pastos marinos,2019,0
10101,Pastos marinos,2019,0
10102,Pastos marinos,2019,0
10103,Pastos marinos,2019,0
10104,Pastos marinos,2019,0
10106,Pastos marinos,2019,0
10108,Pastos marinos,2019,0
10109,Pastos marinos,2019,0
10201,Pastos marinos,2019,0
10202,Pastos marinos,2019,0
10203,Pastos marinos,2019,0
10204,Pastos marinos,2019,0
10205,Pastos marinos,2019,0
10206,Pastos marinos,2019,0
10207,Pastos marinos,2019,0
10208,Pastos marinos,2019,0
10209,Pastos marinos,2019,0
10210,Pastos marinos,2019,0
10303,Pastos marinos,2019,0
10305,Pastos marinos,2019,0
10306,Pastos marinos,2019,0
10401,Pastos marinos,2019,0
10403,Pastos marinos,2019,0
11201,Pastos marinos,2019,0
11202,Pastos marinos,2019,0
11203,Pastos marinos,2019,0
11303,Pastos marinos,2019,0
12101,Pastos marinos,2019,0
12102,Pastos marinos,2019,0
12103,Pastos marinos,2019,0
12104,Pastos marinos,2019,0
12201,Pastos marinos,2019,0
12301,Pastos marinos,2019,0
12302,Pastos marinos,2019,0
12303,Pastos marinos,2019,0
12401,Pastos marinos,2019,0
12402,Pastos marinos,2019,0
14101,Pastos marinos,2019,0
14102,Pastos marinos,2019,0
14106,Pastos marinos,2019,0
14201,Pastos marinos,2019,0
16202,Pastos marinos,2019,0
16203,Pastos marinos,2019,0
16207,Pastos marinos,2019,0
01404,Pastos marinos,2020,0
02101,Pastos marinos,2020,0
03101,Pastos marinos,2020,0
03201,Pastos marinos,2020,0
04101,Pastos marinos,2020,0
04104,Pastos marinos,2020,0
04301,Pastos marinos,2020,0
05104,Pastos marinos,2020,0
05201,Pastos marinos,2020,0
05401,Pastos marinos,2020,0
05601,Pastos marinos,2020,0
05603,Pastos marinos,2020,0
05604,Pastos marinos,2020,0
05605,Pastos marinos,2020,0
05606,Pastos marinos,2020,0
06201,Pastos marinos,2020,0
06203,Pastos marinos,2020,0
06205,Pastos marinos,2020,0
06206,Pastos marinos,2020,0
07103,Pastos marinos,2020,0
07202,Pastos marinos,2020,0
07203,Pastos marinos,2020,0
07303,Pastos marinos,2020,0
07309,Pastos marinos,2020,0
08102,Pastos marinos,2020,0
08107,Pastos marinos,2020,0
08108,Pastos marinos,2020,0
08110,Pastos marinos,2020,0
08111,Pastos marinos,2020,0
08112,Pastos marinos,2020,0
08201,Pastos marinos,2020,0
08203,Pastos marinos,2020,0
08206,Pastos marinos,2020,0
08207,Pastos marinos,2020,0
09118,Pastos marinos,2020,0
10101,Pastos marinos,2020,0
10102,Pastos marinos,2020,0
10103,Pastos marinos,2020,0
10104,Pastos marinos,2020,0
10106,Pastos marinos,2020,0
10108,Pastos marinos,2020,0
10109,Pastos marinos,2020,0
10201,Pastos marinos,2020,0
10202,Pastos marinos,2020,0
10203,Pastos marinos,2020,0
10204,Pastos marinos,2020,0
10205,Pastos marinos,2020,0
10206,Pastos marinos,2020,0
10207,Pastos marinos,2020,0
10208,Pastos marinos,2020,0
10209,Pastos marinos,2020,0
10210,Pastos marinos,2020,0
10303,Pastos marinos,2020,0
10305,Pastos marinos,2020,0
10306,Pastos marinos,2020,0
10401,Pastos marinos,2020,0
10403,Pastos marinos,2020,0
11201,Pastos marinos,2020,0
11202,Pastos marinos,2020,0
11203,Pastos marinos,2020,0
11303,Pastos marinos,2020,0
12101,Pastos marinos,2020,0
12102,Pastos marinos,2020,0
12103,Pastos marinos,2020,0
12104,Pastos marinos,2020,0
12201,Pastos marinos,2020,0
12301,Pastos marinos,2020,0
12302,Pastos marinos,2020,0
12303,Pastos marinos,2020,0
12401,Pastos marinos,2020,0
12402,Pastos marinos,2020,0
14101,Pastos marinos,2020,0
14102,Pastos marinos,2020,0
14106,Pastos marinos,2020,0
14201,Pastos marinos,2020,0
16202,Pastos marinos,2020,0
16203,Pastos marinos,2020,0
16207,Pastos marinos,2020,0
01404,Pastos marinos,2021,0
02101,Pastos marinos,2021,0
03101,Pastos marinos,2021,0
03201,Pastos marinos,2021,0
04101,Pastos marinos,2021,0
04104,Pastos marinos,2021,0
04301,Pastos marinos,2021,0
05104,Pastos marinos,2021,0
05201,Pastos marinos,2021,0
05401,Pastos marinos,2021,0
05601,Pastos marinos,2021,0
05603,Pastos marinos,2021,0
05604,Pastos marinos,2021,0
05605,Pastos marinos,2021,0
05606,Pastos marinos,2021,0
06201,Pastos marinos,2021,0
06203,Pastos marinos,2021,0
06205,Pastos marinos,2021,0
06206,Pastos marinos,2021,0
07103,Pastos marinos,2021,0
07202,Pastos marinos,2021,0
07203,Pastos marinos,2021,0
07303,Pastos marinos,2021,0
07309,Pastos marinos,2021,0
08102,Pastos marinos,2021,0
08107,Pastos marinos,2021,0
08108,Pastos marinos,2021,0
08110,Pastos marinos,2021,0
08111,Pastos marinos,2021,0
08112,Pastos marinos,2021,0
08201,Pastos marinos,2021,0
08203,Pastos marinos,2021,0
08206,Pastos marinos,2021,0
08207,Pastos marinos,2021,0
09118,Pastos marinos,2021,0
10101,Pastos marinos,2021,0
10102,Pastos marinos,2021,0
10103,Pastos marinos,2021,0
10104,Pastos marinos,2021,0
10106,Pastos marinos,2021,0
10108,Pastos marinos,2021,0
10109,Pastos marinos,2021,0
10201,Pastos marinos,2021,0
10202,Pastos marinos,2021,0
10203,Pastos marinos,2021,0
10204,Pastos marinos,2021,0
10205,Pastos marinos,2021,0
10206,Pastos marinos,2021,0
10207,Pastos marinos,2021,0
10208,Pastos marinos,2021,0
10209,Pastos marinos,2021,0
10210,Pastos marinos,2021,0
10303,Pastos marinos,2021,0
10305,Pastos marinos,2021,0
10306,Pastos marinos,2021,0
10401,Pastos marinos,2021,0
10403,Pastos marinos,2021,0
11201,Pastos marinos,2021,0
11202,Pastos marinos,2021,0
11203,Pastos marinos,2021,0
11303,Pastos marinos,2021,0
12101,Pastos marinos,2021,0
12102,Pastos marinos,2021,0
12103,Pastos marinos,2021,0
12104,Pastos marinos,2021,0
12201,Pastos marinos,2021,0
12301,Pastos marinos,2021,0
12302,Pastos marinos,2021,0
12303,Pastos marinos,2021,0
12401,Pastos marinos,2021,0
12402,Pastos marinos,2021,0
14101,Pastos marinos,2021,0
14102,Pastos marinos,2021,0
14106,Pastos marinos,2021,0
14201,Pastos marinos,2021,0
16202,Pastos marinos,2021,0
16203,Pastos marinos,2021,0
16207,Pastos marinos,2021,0
01404,Pastos marinos,2022,0
02101,Pastos marinos,2022,0
03101,Pastos marinos,2022,0
03201,Pastos marinos,2022,0
04101,Pastos marinos,2022,0
04104,Pastos marinos,2022,0
04301,Pastos marinos,2022,0
05104,Pastos marinos,2022,0
05201,Pastos marinos,2022,0
05401,Pastos marinos,2022,0
05601,Pastos marinos,2022,0
05603,Pastos marinos,2022,0
05604,Pastos marinos,2022,0
05605,Pastos marinos,2022,0
05606,Pastos marinos,2022,0
06201,Pastos marinos,2022,0
06203,Pastos marinos,2022,0
06205,Pastos marinos,2022,0
06206,Pastos marinos,2022,0
07103,Pastos marinos,2022,0
07202,Pastos marinos,2022,0
07203,Pastos marinos,2022,0
07303,Pastos marinos,2022,0
07309,Pastos marinos,2022,0
08102,Pastos marinos,2022,0
08107,Pastos marinos,2022,0
08108,Pastos marinos,2022,0
08110,Pastos marinos,2022,0
08111,Pastos marinos,2022,0
08112,Pastos marinos,2022,0
08201,Pastos marinos,2022,0
08203,Pastos marinos,2022,0
08206,Pastos marinos,2022,0
08207,Pastos marinos,2022,0
09118,Pastos marinos,2022,0
10101,Pastos marinos,2022,0
10102,Pastos marinos,2022,0
10103,Pastos marinos,2022,0
10104,Pastos marinos,2022,0
10106,Pastos marinos,2022,0
10108,Pastos marinos,2022,0
10109,Pastos marinos,2022,0
10201,Pastos marinos,2022,0
10202,Pastos marinos,2022,0
10203,Pastos marinos,2022,0
10204,Pastos marinos,2022,0
10205,Pastos marinos,2022,0
10206,Pastos marinos,2022,0
10207,Pastos marinos,2022,0
10208,Pastos marinos,2022,0
10209,Pastos marinos,2022,0
10210,Pastos marinos,2022,0
10303,Pastos marinos,2022,0
10305,Pastos marinos,2022,0
10306,Pastos marinos,2022,0
10401,Pastos marinos,2022,0
10403,Pastos marinos,2022,0
11201,Pastos marinos,2022,0
11202,Pastos marinos,2022,0
11203,Pastos marinos,2022,0
11303,Pastos marinos,2022,0
12101,Pastos marinos,2022,0
12102,Pastos marinos,2022,0
12103,Pastos marinos,2022,0
12104,Pastos marinos,2022,0
12201,Pastos marinos,2022,0
12301,Pastos marinos,2022,0
12302,Pastos marinos,2022,0
12303,Pastos marinos,2022,0
12401,Pastos marinos,2022,0
12402,Pastos marinos,2022,0
14101,Pastos marinos,2022,0
14102,Pastos marinos,2022,0
14106,Pastos marinos,2022,0
14201,Pastos marinos,2022,0
16202,Pastos marinos,2022,0
16203,Pastos marinos,2022,0
16207,Pastos marinos,2022,0
01404,Pastos marinos,2023,0
02101,Pastos marinos,2023,0
03101,Pastos marinos,2023,0
03201,Pastos marinos,2023,0
04101,Pastos marinos,2023,0
04104,Pastos marinos,2023,0
04301,Pastos marinos,2023,0
05104,Pastos marinos,2023,0
05201,Pastos marinos,2023,0
05401,Pastos marinos,2023,0
05601,Pastos marinos,2023,0
05603,Pastos marinos,2023,0
05604,Pastos marinos,2023,0
05605,Pastos marinos,2023,0
05606,Pastos marinos,2023,0
06201,Pastos marinos,2023,0
06203,Pastos marinos,2023,0
06205,Pastos marinos,2023,0
06206,Pastos marinos,2023,0
07103,Pastos marinos,2023,0
07202,Pastos marinos,2023,0
07203,Pastos marinos,2023,0
07303,Pastos marinos,2023,0
07309,Pastos marinos,2023,0
08102,Pastos marinos,2023,0
08107,Pastos marinos,2023,0
08108,Pastos marinos,2023,0
08110,Pastos marinos,2023,0
08111,Pastos marinos,2023,0
08112,Pastos marinos,2023,0
08201,Pastos marinos,2023,0
08203,Pastos marinos,2023,0
08206,Pastos marinos,2023,0
08207,Pastos marinos,2023,0
09118,Pastos marinos,2023,0
10101,Pastos marinos,2023,0
10102,Pastos marinos,2023,0
10103,Pastos marinos,2023,0
10104,Pastos marinos,2023,0
10106,Pastos marinos,2023,0
10108,Pastos marinos,2023,0
10109,Pastos marinos,2023,0
10201,Pastos marinos,2023,0
10202,Pastos marinos,2023,0
10203,Pastos marinos,2023,0
10204,Pastos marinos,2023,0
10205,Pastos marinos,2023,0
10206,Pastos marinos,2023,0
10207,Pastos marinos,2023,0
10208,Pastos marinos,2023,0
10209,Pastos marinos,2023,0
10210,Pastos marinos,2023,0
10303,Pastos marinos,2023,0
10305,Pastos marinos,2023,0
10306,Pastos marinos,2023,0
10401,Pastos marinos,2023,0
10403,Pastos marinos,2023,0
11201,Pastos marinos,2023,0
11202,Pastos marinos,2023,0
11203,Pastos marinos,2023,0
11303,Pastos marinos,2023,0
12101,Pastos marinos,2023,0
12102,Pastos marinos,2023,0
12103,Pastos marinos,2023,0
12104,Pastos marinos,2023,0
12201,Pastos marinos,2023,0
12301,Pastos marinos,2023,0
12302,Pastos marinos,2023,0
12303,Pastos marinos,2023,0
12401,Pastos marinos,2023,0
12402,Pastos marinos,2023,0
14101,Pastos marinos,2023,0
14102,Pastos marinos,2023,0
14106,Pastos marinos,2023,0
14201,Pastos marinos,2023,0
16202,Pastos marinos,2023,0
16203,Pastos marinos,2023,0
16207,Pastos marinos,2023,0
01404,Pastos marinos,2024,0
02101,Pastos marinos,2024,0
03101,Pastos marinos,2024,0
03201,Pastos marinos,2024,0
04101,Pastos marinos,2024,0
04104,Pastos marinos,2024,0
04301,Pastos marinos,2024,0
05104,Pastos marinos,2024,0
05201,Pastos marinos,2024,0
05401,Pastos marinos,2024,0
05601,Pastos marinos,2024,0
05603,Pastos marinos,2024,0
05604,Pastos marinos,2024,0
05605,Pastos marinos,2024,0
05606,Pastos marinos,2024,0
06201,Pastos marinos,2024,0
06203,Pastos marinos,2024,0
06205,Pastos marinos,2024,0
06206,Pastos marinos,2024,0
07103,Pastos marinos,2024,0
07202,Pastos marinos,2024,0
07203,Pastos marinos,2024,0
07303,Pastos marinos,2024,0
07309,Pastos marinos,2024,0
08102,Pastos marinos,2024,0
08107,Pastos marinos,2024,0
08108,Pastos marinos,2024,0
08110,Pastos marinos,2024,0
08111,Pastos marinos,2024,0
08112,Pastos marinos,2024,0
08201,Pastos marinos,2024,0
08203,Pastos marinos,2024,0
08206,Pastos marinos,2024,0
08207,Pastos marinos,2024,0
09118,Pastos marinos,2024,0
10101,Pastos marinos,2024,0
10102,Pastos marinos,2024,0
10103,Pastos marinos,2024,0
10104,Pastos marinos,2024,0
10106,Pastos marinos,2024,0
10108,Pastos marinos,2024,0
10109,Pastos marinos,2024,0
10201,Pastos marinos,2024,0
10202,Pastos marinos,2024,0
10203,Pastos marinos,2024,0
10204,Pastos marinos,2024,0
10205,Pastos marinos,2024,0
10206,Pastos marinos,2024,0
10207,Pastos marinos,2024,0
10208,Pastos marinos,2024,0
10209,Pastos marinos,2024,0
10210,Pastos marinos,2024,0
10303,Pastos marinos,2024,0
10305,Pastos marinos,2024,0
10306,Pastos marinos,2024,0
10401,Pastos marinos,2024,0
10403,Pastos marinos,2024,0
11201,Pastos marinos,2024,0
11202,Pastos marinos,2024,0
11203,Pastos marinos,2024,0
11303,Pastos marinos,2024,0
12101,Pastos marinos,2024,0
12102,Pastos marinos,2024,0
12103,Pastos marinos,2024,0
12104,Pastos marinos,2024,0
12201,Pastos marinos,2024,0
12301,Pastos marinos,2024,0
12302,Pastos marinos,2024,0
12303,Pastos marinos,2024,0
12401,Pastos marinos,2024,0
12402,Pastos marinos,2024,0
14101,Pastos marinos,2024,0
14102,Pastos marinos,2024,0
14106,Pastos marinos,2024,0
14201,Pastos marinos,2024,0
16202,Pastos marinos,2024,0
16203,Pastos marinos,2024,0
16207,Pastos marinos,2024,0
08102,Bentonico,2024,0
08106,Bentonico,2024,0
08108,Bentonico,2024,0
09116,Bentonico,2024,0
09117,Bentonico,2024,0
09118,Bentonico,2024,0
10101,Bentonico,2024,0
10102,Bentonico,2024,0
10103,Bentonico,2024,0
10108,Bentonico,2024,0
10109,Bentonico,2024,0
10201,Bentonico,2024,0
10202,Bentonico,2024,0
10203,Bentonico,2024,0
10204,Bentonico,2024,0
10205,Bentonico,2024,0
10206,Bentonico,2024,0
10207,Bentonico,2024,0
10208,Bentonico,2024,0
10209,Bentonico,2024,0
10210,Bentonico,2024,0
10401,Bentonico,2024,0
10403,Bentonico,2024,0
11202,Bentonico,2024,0
11203,Bentonico,2024,0
11303,Bentonico,2024,0
12102,Bentonico,2024,0
12103,Bentonico,2024,0
12104,Bentonico,2024,0
12201,Bentonico,2024,0
12301,Bentonico,2024,0
12302,Bentonico,2024,0
12303,Bentonico,2024,0
12401,Bentonico,2024,0
12402,Bentonico,2024,0
05104,Bentonico,2024,0
05201,Bentonico,2024,0
05104,Bentonico,2017,0
05104,Bentonico,2018,0
05104,Bentonico,2019,0
05104,Bentonico,2020,0
05104,Bentonico,2021,0
05104,Bentonico,2022,0
05104,Bentonico,2023,0
05201,Bentonico,2017,0
05201,Bentonico,2018,0
05201,Bentonico,2019,0
05201,Bentonico,2020,0
05201,Bentonico,2021,0
05201,Bentonico,2022,0
05201,Bentonico,2023,0
08102,Bentonico,2017,0
08102,Bentonico,2018,0
08102,Bentonico,2019,0
08102,Bentonico,2020,0
08102,Bentonico,2021,0
08102,Bentonico,2022,0
08102,Bentonico,2023,0
08106,Bentonico,2017,0
08106,Bentonico,2018,0
08106,Bentonico,2019,0
08106,Bentonico,2020,0
08106,Bentonico,2021,0
08106,Bentonico,2022,0
08106,Bentonico,2023,0
08108,Bentonico,2017,0
08108,Bentonico,2018,0
08108,Bentonico,2019,0
08108,Bentonico,2020,0
08108,Bentonico,2021,0
08108,Bentonico,2022,0
08108,Bentonico,2023,0
09116,Bentonico,2017,0
09116,Bentonico,2018,0
09116,Bentonico,2019,0
09116,Bentonico,2020,0
09116,Bentonico,2021,0
09116,Bentonico,2022,0
09116,Bentonico,2023,0
09117,Bentonico,2017,0
09117,Bentonico,2018,0
09117,Bentonico,2019,0
09117,Bentonico,2020,0
09117,Bentonico,2021,0
09117,Bentonico,2022,0
09117,Bentonico,2023,0
09118,Bentonico,2017,0
09118,Bentonico,2018,0
09118,Bentonico,2019,0
09118,Bentonico,2020,0
09118,Bentonico,2021,0
09118,Bentonico,2022,0
09118,Bentonico,2023,0
10101,Bentonico,2017,0
10101,Bentonico,2018,0
10101,Bentonico,2019,0
10101,Bentonico,2020,0
10101,Bentonico,2021,0
10101,Bentonico,2022,0
10101,Bentonico,2023,0
10102,Bentonico,2017,0
10102,Bentonico,2018,0
10102,Bentonico,2019,0
10102,Bentonico,2020,0
10102,Bentonico,2021,0
10102,Bentonico,2022,0
10102,Bentonico,2023,0
10103,Bentonico,2017,0
10103,Bentonico,2018,0
10103,Bentonico,2019,0
10103,Bentonico,2020,0
10103,Bentonico,2021,0
10103,Bentonico,2022,0
10103,Bentonico,2023,0
10108,Bentonico,2017,0
10108,Bentonico,2018,0
10108,Bentonico,2019,0
10108,Bentonico,2020,0
10108,Bentonico,2021,0
10108,Bentonico,2022,0
10108,Bentonico,2023,0
10109,Bentonico,2017,0
10109,Bentonico,2018,0
10109,Bentonico,2019,0
10109,Bentonico,2020,0
10109,Bentonico,2021,0
10109,Bentonico,2022,0
10109,Bentonico,2023,0
10201,Bentonico,2017,0
10201,Bentonico,2018,0
10201,Bentonico,2019,0
10201,Bentonico,2020,0
10201,Bentonico,2021,0
10201,Bentonico,2022,0
10201,Bentonico,2023,0
10202,Bentonico,2017,0
10202,Bentonico,2018,0
10202,Bentonico,2019,0
10202,Bentonico,2020,0
10202,Bentonico,2021,0
10202,Bentonico,2022,0
10202,Bentonico,2023,0
10203,Bentonico,2017,0
10203,Bentonico,2018,0
10203,Bentonico,2019,0
10203,Bentonico,2020,0
10203,Bentonico,2021,0
10203,Bentonico,2022,0
10203,Bentonico,2023,0
10204,Bentonico,2017,0
10204,Bentonico,2018,0
10204,Bentonico,2019,0
10204,Bentonico,2020,0
10204,Bentonico,2021,0
10204,Bentonico,2022,0
10204,Bentonico,2023,0
10205,Bentonico,2017,0
10205,Bentonico,2018,0
10205,Bentonico,2019,0
10205,Bentonico,2020,0
10205,Bentonico,2021,0
10205,Bentonico,2022,0
10205,Bentonico,2023,0
10206,Bentonico,2017,0
10206,Bentonico,2018,0
10206,Bentonico,2019,0
10206,Bentonico,2020,0
10206,Bentonico,2021,0
10206,Bentonico,2022,0
10206,Bentonico,2023,0
10207,Bentonico,2017,0
10207,Bentonico,2018,0
10207,Bentonico,2019,0
10207,Bentonico,2020,0
10207,Bentonico,2021,0
10207,Bentonico,2022,0
10207,Bentonico,2023,0
10208,Bentonico,2017,0
10208,Bentonico,2018,0
10208,Bentonico,2019,0
10208,Bentonico,2020,0
10208,Bentonico,2021,0
10208,Bentonico,2022,0
10208,Bentonico,2023,0
10209,Bentonico,2017,0
10209,Bentonico,2018,0
10209,Bentonico,2019,0
10209,Bentonico,2020,0
10209,Bentonico,2021,0
10209,Bentonico,2022,0
10209,Bentonico,2023,0
10210,Bentonico,2017,0
10210,Bentonico,2018,0
10210,Bentonico,2019,0
10210,Bentonico,2020,0
10210,Bentonico,2021,0
10210,Bentonico,2022,0
10210,Bentonico,2023,0
10401,Bentonico,2017,0
10401,Bentonico,2018,0
10401,Bentonico,2019,0
10401,Bentonico,2020,0
10401,Bentonico,2021,0
10401,Bentonico,2022,0
10401,Bentonico,2023,0
10403,Bentonico,2017,0
10403,Bentonico,2018,0
10403,Bentonico,2019,0
10403,Bentonico,2020,0
10403,Bentonico,2021,0
10403,Bentonico,2022,0
10403,Bentonico,2023,0
11202,Bentonico,2017,0
11202,Bentonico,2018,0
11202,Bentonico,2019,0
11202,Bentonico,2020,0
11202,Bentonico,2021,0
11202,Bentonico,2022,0
11202,Bentonico,2023,0
11203,Bentonico,2017,0
11203,Bentonico,2018,0
11203,Bentonico,2019,0
11203,Bentonico,2020,0
11203,Bentonico,2021,0
11203,Bentonico,2022,0
11203,Bentonico,2023,0
11303,Bentonico,2017,0
11303,Bentonico,2018,0
11303,Bentonico,2019,0
11303,Bentonico,2020,0
11303,Bentonico,2021,0
11303,Bentonico,2022,0
11303,Bentonico,2023,0
12102,Bentonico,2017,0
12102,Bentonico,2018,0
12102,Bentonico,2019,0
12102,Bentonico,2020,0
12102,Bentonico,2021,0
12102,Bentonico,2022,0
12102,Bentonico,2023,0
12103,Bentonico,2017,0
12103,Bentonico,2018,0
12103,Bentonico,2019,0
12103,Bentonico,2020,0
12103,Bentonico,2021,0
12103,Bentonico,2022,0
12103,Bentonico,2023,0
12104,Bentonico,2017,0
12104,Bentonico,2018,0
12104,Bentonico,2019,0
12104,Bentonico,2020,0
12104,Bentonico,2021,0
12104,Bentonico,2022,0
12104,Bentonico,2023,0
12201,Bentonico,2017,0
12201,Bentonico,2018,0
12201,Bentonico,2019,0
12201,Bentonico,2020,0
12201,Bentonico,2021,0
12201,Bentonico,2022,0
12201,Bentonico,2023,0
12301,Bentonico,2017,0
12301,Bentonico,2018,0
12301,Bentonico,2019,0
12301,Bentonico,2020,0
12301,Bentonico,2021,0
12301,Bentonico,2022,0
12301,Bentonico,2023,0
12302,Bentonico,2017,0
12302,Bentonico,2018,0
12302,Bentonico,2019,0
12302,Bentonico,2020,0
12302,Bentonico,2021,0
12302,Bentonico,2022,0
12302,Bentonico,2023,0
12303,Bentonico,2017,0
12303,Bentonico,2018,0
12303,Bentonico,2019,0
12303,Bentonico,2020,0
12303,Bentonico,2021,0
12303,Bentonico,2022,0
12303,Bentonico,2023,0
12401,Bentonico,2017,0
12401,Bentonico,2018,0
12401,Bentonico,2019,0
12401,Bentonico,2020,0
12401,Bentonico,2021,0
12401,Bentonico,2022,0
12401,Bentonico,2023,0
12402,Bentonico,2017,0
12402,Bentonico,2018,0
12402,Bentonico,2019,0
12402,Bentonico,2020,0
12402,Bentonico,2021,0
12402,Bentonico,2022,0
12402,Bentonico,2023,0
08206,Macrocystis,2023,2.83933e-4
08108,Macrocystis,2023,2.91243e-4
05603,Macrocystis,2023,3.16423e-4
05604,Macrocystis,2023,3.17329e-4
08206,Macrocystis,2024,3.78577e-4
08206,Macrocystis,2022,3.78577e-4
08206,Macrocystis,2021,3.83451e-4
08108,Macrocystis,2024,3.88324e-4
08108,Macrocystis,2022,3.88324e-4
08206,Macrocystis,2020,3.90353e-4
08108,Macrocystis,2021,3.93323e-4
08206,Macrocystis,2019,3.97379e-4
08108,Macrocystis,2020,4.00403e-4
08206,Macrocystis,2018,4.04532e-4
08108,Macrocystis,2019,4.0761e-4
08206,Macrocystis,2017,4.11814e-4
08108,Macrocystis,2018,4.14947e-4
05603,Macrocystis,2024,4.21897e-4
05603,Macrocystis,2022,4.21897e-4
08108,Macrocystis,2017,4.22416e-4
05604,Macrocystis,2024,4.23105e-4
05604,Macrocystis,2022,4.23105e-4
05603,Macrocystis,2021,4.27329e-4
05604,Macrocystis,2021,4.28552e-4
05603,Macrocystis,2020,4.35021e-4
05604,Macrocystis,2020,4.36266e-4
05603,Macrocystis,2019,4.42851e-4
05604,Macrocystis,2019,4.44119e-4
05603,Macrocystis,2018,4.50822e-4
05604,Macrocystis,2018,4.52113e-4
05603,Macrocystis,2017,4.58937e-4
05604,Macrocystis,2017,4.60251e-4
05606,Macrocystis,2023,6.28728e-4
05601,Macrocystis,2023,6.32775e-4
05601,Macrocystis,2024,8.437e-4
05601,Macrocystis,2022,8.437e-4
05606,Macrocystis,2021,8.49097e-4
05601,Macrocystis,2021,8.54562e-4
05606,Macrocystis,2020,8.64381e-4
05601,Macrocystis,2020,8.69944e-4
05606,Macrocystis,2019,8.79939e-4
16207,Macrocystis,2023,8.8542e-4
05601,Macrocystis,2019,8.85603e-4
05606,Macrocystis,2018,8.95778e-4
05601,Macrocystis,2018,9.01544e-4
05606,Macrocystis,2017,9.11902e-4
05601,Macrocystis,2017,9.17772e-4
05605,Macrocystis,2023,9.41744e-4
16207,Macrocystis,2021,0.001195759
16207,Macrocystis,2020,0.001217282
16207,Macrocystis,2019,0.001239194
16207,Macrocystis,2018,0.001261499
05605,Macrocystis,2021,0.001271824
16207,Macrocystis,2017,0.001284206
05605,Macrocystis,2020,0.001294717
05605,Macrocystis,2019,0.001318022
05605,Macrocystis,2018,0.001341746
05605,Macrocystis,2017,0.001365898
05102,Macrocystis,2023,0.001731674
07303,Macrocystis,2023,0.001836445
09117,Macrocystis,2023,0.001919382
05102,Macrocystis,2021,0.002338625
05102,Macrocystis,2020,0.00238072
05102,Macrocystis,2019,0.002423573
07303,Macrocystis,2024,0.002448593
07303,Macrocystis,2022,0.002448593
05102,Macrocystis,2018,0.002467197
07303,Macrocystis,2021,0.002480117
09116,Macrocystis,2023,0.002484527
05102,Macrocystis,2017,0.002511607
07303,Macrocystis,2020,0.002524759
07303,Macrocystis,2019,0.002570205
09117,Macrocystis,2021,0.002592123
07303,Macrocystis,2018,0.002616469
09117,Macrocystis,2020,0.002638782
07303,Macrocystis,2017,0.002663565
09117,Macrocystis,2019,0.00268628
09117,Macrocystis,2018,0.002734633
09117,Macrocystis,2017,0.002783856
15102,Macrocystis,2023,0.002882018
08203,Macrocystis,2023,0.00311079
16203,Macrocystis,2023,0.003217415
09116,Macrocystis,2021,0.003355351
05102,Macrocystis,2022,0.003407628
09116,Macrocystis,2020,0.003415747
05107,Macrocystis,2021,0.003450753
09116,Macrocystis,2019,0.003477231
05107,Macrocystis,2020,0.003512867
09116,Macrocystis,2018,0.003539821
05107,Macrocystis,2019,0.003576099
09116,Macrocystis,2017,0.003603538
05107,Macrocystis,2018,0.003640468
05107,Macrocystis,2017,0.003705997
15102,Macrocystis,2024,0.003842691
15102,Macrocystis,2022,0.003842691
15102,Macrocystis,2021,0.003892163
15102,Macrocystis,2020,0.003962222
15102,Macrocystis,2019,0.004033542
15102,Macrocystis,2018,0.004106146
08203,Macrocystis,2024,0.00414772
08203,Macrocystis,2022,0.00414772
15102,Macrocystis,2017,0.004180056
08203,Macrocystis,2021,0.004201118
08203,Macrocystis,2020,0.004276739
16203,Macrocystis,2021,0.004345116
08203,Macrocystis,2019,0.00435372
16203,Macrocystis,2020,0.004423328
08203,Macrocystis,2018,0.004432087
05101,Macrocystis,2023,0.004473873
16203,Macrocystis,2019,0.004502948
08203,Macrocystis,2017,0.004511864
05405,Macrocystis,2023,0.004534266
16203,Macrocystis,2018,0.004584001
06203,Macrocystis,2021,0.00459112
16203,Macrocystis,2017,0.004666513
06203,Macrocystis,2020,0.00467376
06203,Macrocystis,2019,0.004757888
10109,Macrocystis,2023,0.004799734
05602,Macrocystis,2023,0.004822395
06203,Macrocystis,2018,0.00484353
06203,Macrocystis,2017,0.004930713
16203,Macrocystis,2022,0.005105617
05109,Macrocystis,2021,0.005276282
16207,Macrocystis,2022,0.005297623
05109,Macrocystis,2020,0.005371256
05109,Macrocystis,2019,0.005467938
05109,Macrocystis,2018,0.005566361
05109,Macrocystis,2017,0.005666556
09102,Macrocystis,2021,0.006003731
05101,Macrocystis,2021,0.006041961
09102,Macrocystis,2020,0.006111798
05405,Macrocystis,2021,0.006123522
05101,Macrocystis,2020,0.006150717
09102,Macrocystis,2019,0.00622181
05405,Macrocystis,2020,0.006233745
05101,Macrocystis,2019,0.006261429
09102,Macrocystis,2018,0.006333803
05405,Macrocystis,2019,0.006345953
05101,Macrocystis,2018,0.006374135
09102,Macrocystis,2017,0.006447811
05405,Macrocystis,2018,0.00646018
10109,Macrocystis,2021,0.006482036
05101,Macrocystis,2017,0.00648887
05602,Macrocystis,2021,0.00651264
05405,Macrocystis,2017,0.006576463
10109,Macrocystis,2020,0.006598712
05405,Macrocystis,2022,0.00661059
05602,Macrocystis,2020,0.006629867
10109,Macrocystis,2019,0.006717489
05602,Macrocystis,2019,0.006749205
10109,Macrocystis,2018,0.006838404
05602,Macrocystis,2018,0.00687069
10109,Macrocystis,2017,0.006961495
05602,Macrocystis,2017,0.006994363
06203,Macrocystis,2023,0.007685287
06206,Macrocystis,2023,0.008045835
05109,Macrocystis,2023,0.008192628
03201,Macrocystis,2021,0.008390104
03201,Macrocystis,2020,0.008541126
05401,Marismas y humedales,2023,0.008571429
03201,Macrocystis,2019,0.008694866
06205,Macrocystis,2023,0.008823861
03201,Macrocystis,2018,0.008851374
03201,Macrocystis,2017,0.009010698
04101,Macrocystis,2023,0.009053898
05401,Macrocystis,2023,0.00915615
05606,Macrocystis,2022,0.009289975
09118,Macrocystis,2023,0.009898314
05105,Macrocystis,2023,0.009931808
05603,Marismas y humedales,2024,0.01
16203,Macrocystis,2024,0.01
06203,Macrocystis,2024,0.01
05403,Macrocystis,2024,0.01
07103,Macrocystis,2024,0.01
07103,Macrocystis,2017,0.01
07103,Macrocystis,2018,0.01
07103,Macrocystis,2019,0.01
07103,Macrocystis,2020,0.01
07103,Macrocystis,2021,0.01
07103,Macrocystis,2022,0.01
07103,Macrocystis,2023,0.01
05405,Macrocystis,2024,0.01
05102,Macrocystis,2024,0.01
05109,Macrocystis,2024,0.01
10204,Playas y dunas,2024,0.01
10204,Playas y dunas,2017,0.01
10204,Playas y dunas,2018,0.01
10204,Playas y dunas,2019,0.01
10204,Playas y dunas,2020,0.01
10204,Playas y dunas,2021,0.01
10204,Playas y dunas,2022,0.01
10204,Playas y dunas,2023,0.01
06205,Macrocystis,2024,0.01
07309,Marismas y humedales,2024,0.01
09102,Playas y dunas,2018,0.01
03101,Marismas y humedales,2017,0.01
08207,Macrocystis,2024,0.01
04104,Marismas y humedales,2024,0.01
01404,Marismas y humedales,2024,0.01
05403,Macrocystis,2023,0.010104773
03201,Macrocystis,2023,0.01049831
06206,Macrocystis,2024,0.010727779
06206,Macrocystis,2022,0.010727779
07202,Macrocystis,2023,0.010847035
06206,Macrocystis,2021,0.010865892
06206,Macrocystis,2020,0.011061478
06206,Macrocystis,2019,0.011260584
04102,Macrocystis,2023,0.011390872
06206,Macrocystis,2018,0.011463275
06205,Macrocystis,2022,0.011512984
06206,Macrocystis,2017,0.011669614
06205,Macrocystis,2021,0.011916616
02101,Bosques y matorrales,2019,0.012
04101,Macrocystis,2024,0.012071864
04101,Macrocystis,2022,0.012071864
06205,Macrocystis,2020,0.012131115
04101,Macrocystis,2021,0.01222728
05101,Macrocystis,2022,0.012255855
06205,Macrocystis,2019,0.012349475
05401,Macrocystis,2021,0.012365371
04101,Macrocystis,2020,0.012447371
05605,Macrocystis,2022,0.01250485
06205,Macrocystis,2018,0.012571765
05401,Macrocystis,2020,0.012587948
04101,Macrocystis,2019,0.012671424
06205,Macrocystis,2017,0.012798057
05401,Macrocystis,2019,0.012814531
04101,Macrocystis,2018,0.01289951
05403,Macrocystis,2022,0.012976883
05401,Macrocystis,2018,0.013045193
04101,Macrocystis,2017,0.013131701
05401,Macrocystis,2017,0.013280006
09118,Macrocystis,2021,0.013367663
05105,Macrocystis,2021,0.013412897
15101,Macrocystis,2021,0.013598971
09118,Macrocystis,2020,0.013608281
05403,Macrocystis,2021,0.013646486
05105,Macrocystis,2020,0.013654329
15101,Macrocystis,2020,0.013843752
09118,Macrocystis,2019,0.01385323
05403,Macrocystis,2020,0.013892122
05105,Macrocystis,2019,0.013900107
15101,Macrocystis,2019,0.01409294
09118,Macrocystis,2018,0.014102589
05403,Macrocystis,2019,0.014142181
05105,Macrocystis,2018,0.014150309
15101,Macrocystis,2018,0.014346612
09118,Macrocystis,2017,0.014356435
05403,Macrocystis,2018,0.01439674
05105,Macrocystis,2017,0.014405015
02102,Macrocystis,2021,0.014520387
15101,Macrocystis,2017,0.014604852
07202,Macrocystis,2021,0.014648911
05403,Macrocystis,2017,0.014655881
02102,Macrocystis,2020,0.014781754
07202,Macrocystis,2020,0.014912591
02102,Macrocystis,2019,0.015047825
07202,Macrocystis,2019,0.015181018
02102,Macrocystis,2018,0.015318686
04102,Macrocystis,2021,0.015383362
07202,Macrocystis,2018,0.015454276
02102,Macrocystis,2017,0.015594422
04102,Macrocystis,2020,0.015660262
07202,Macrocystis,2017,0.015732453
04102,Macrocystis,2019,0.015942147
04102,Macrocystis,2018,0.016229105
04102,Macrocystis,2017,0.016521229
07202,Macrocystis,2022,0.016682326
07102,Macrocystis,2021,0.016751307
07102,Macrocystis,2020,0.017052831
07102,Macrocystis,2019,0.017359782
07102,Macrocystis,2018,0.017672258
07102,Macrocystis,2017,0.017990358
15101,Macrocystis,2023,0.018641018
10104,Macrocystis,2023,0.019642815
10109,Marismas y humedales,2018,0.02
10109,Marismas y humedales,2020,0.02
10204,Marismas y humedales,2024,0.02
05107,Macrocystis,2024,0.02
07309,Macrocystis,2024,0.02
07203,Macrocystis,2024,0.02
07203,Playas y dunas,2021,0.02
03101,Marismas y humedales,2021,0.02
10201,Playas y dunas,2019,0.02
10306,Marismas y humedales,2020,0.02
10306,Marismas y humedales,2021,0.02
03201,Bosques y matorrales,2024,0.02
02301,Bosques y matorrales,2020,0.02
02301,Marismas y humedales,2021,0.02
01101,Bosques y matorrales,2024,0.02
01101,Marismas y humedales,2024,0.02
15101,Macrocystis,2024,0.021304021
05602,Macrocystis,2022,0.022654166
01404,Bosques y matorrales,2019,0.023
05105,Macrocystis,2022,0.024207781
05401,Macrocystis,2022,0.024749886
06201,Macrocystis,2023,0.025201953
07102,Macrocystis,2023,0.025260934
11203,Marismas y humedales,2023,0.025714286
10104,Macrocystis,2024,0.02619042
10104,Macrocystis,2022,0.02619042
10104,Macrocystis,2021,0.026527602
10104,Macrocystis,2020,0.027005099
16202,Macrocystis,2023,0.027197943
10104,Macrocystis,2019,0.027491191
05104,Macrocystis,2020,0.0275
05104,Macrocystis,2021,0.0275
10104,Macrocystis,2018,0.027986032
10104,Macrocystis,2017,0.028489781
07309,Macrocystis,2023,0.028620571
16207,Macrocystis,2024,0.03
16207,Marismas y humedales,2018,0.03
05603,Marismas y humedales,2022,0.03
06203,Macrocystis,2022,0.03
05403,Playas y dunas,2022,0.03
07103,Marismas y humedales,2022,0.03
05109,Macrocystis,2022,0.03
08107,Macrocystis,2022,0.03
08106,Macrocystis,2024,0.03
08106,Macrocystis,2022,0.03
07202,Macrocystis,2024,0.03
07202,Marismas y humedales,2022,0.03
07309,Macrocystis,2022,0.03
10303,Marismas y humedales,2017,0.03
10206,Playas y dunas,2022,0.03
08203,Marismas y humedales,2022,0.03
12402,Playas y dunas,2020,0.03
12402,Playas y dunas,2021,0.03
14106,Playas y dunas,2022,0.03
07203,Marismas y humedales,2022,0.03
03101,Marismas y humedales,2019,0.03
08207,Marismas y humedales,2022,0.03
10201,Playas y dunas,2018,0.03
07102,Marismas y humedales,2022,0.03
03201,Macrocystis,2022,0.03
10210,Playas y dunas,2022,0.03
10209,Marismas y humedales,2022,0.03
10202,Playas y dunas,2022,0.03
02301,Macrocystis,2022,0.03
01101,Bosques y matorrales,2019,0.03
01101,Marismas y humedales,2019,0.03
01101,Marismas y humedales,2021,0.03
10208,Macrocystis,2022,0.03
09117,Macrocystis,2022,0.030765008
05104,Macrocystis,2023,0.031071429
07309,Macrocystis,2021,0.0328642
07309,Macrocystis,2020,0.033455755
06201,Macrocystis,2021,0.034035213
07309,Macrocystis,2019,0.034057959
11203,Playas y dunas,2023,0.034285714
06201,Macrocystis,2020,0.034647847
07309,Macrocystis,2018,0.034671002
03101,Macrocystis,2023,0.034800944
06201,Macrocystis,2019,0.035271508
07309,Macrocystis,2017,0.03529508
06201,Macrocystis,2018,0.035906395
06201,Macrocystis,2017,0.03655271
16202,Macrocystis,2021,0.036730795
02101,Macrocystis,2023,0.037180967
04102,Macrocystis,2022,0.037303854
16202,Macrocystis,2020,0.037391949
16202,Macrocystis,2019,0.038065004
16202,Macrocystis,2018,0.038750174
16202,Macrocystis,2017,0.039447677
05103,Bosques y matorrales,2021,0.04
10109,Bosques y matorrales,2019,0.04
08107,Playas y dunas,2019,0.04
10201,Playas y dunas,2017,0.04
10306,Bosques y matorrales,2021,0.04
03201,Bosques y matorrales,2019,0.04
03201,Marismas y humedales,2019,0.04
02301,Bosques y matorrales,2021,0.04
01101,Bosques y matorrales,2018,0.04
01101,Bosques y matorrales,2020,0.04
10305,Macrocystis,2023,0.040902201
08110,Macrocystis,2023,0.042793811
09118,Macrocystis,2022,0.044169502
03304,Macrocystis,2023,0.045496485
03101,Macrocystis,2024,0.046401259
03101,Macrocystis,2022,0.046401259
03101,Macrocystis,2021,0.04699864
09102,Macrocystis,2023,0.047302708
03101,Macrocystis,2020,0.047844616
07203,Macrocystis,2023,0.048373403
08112,Macrocystis,2023,0.048672223
03101,Macrocystis,2019,0.048705819
06201,Macrocystis,2022,0.048802232
02101,Macrocystis,2024,0.049574623
02101,Macrocystis,2022,0.049574623
03101,Macrocystis,2018,0.049582524
09116,Macrocystis,2022,0.049982317
08108,Bosques y matorrales,2021,0.05
05405,Marismas y humedales,2024,0.05
10305,Marismas y humedales,2019,0.05
08107,Playas y dunas,2017,0.05
08107,Playas y dunas,2018,0.05
08102,Macrocystis,2024,0.05
10104,Marismas y humedales,2017,0.05
05101,Macrocystis,2024,0.05
03101,Bosques y matorrales,2020,0.05
03201,Marismas y humedales,2021,0.05
02301,Marismas y humedales,2024,0.05
02301,Bosques y matorrales,2018,0.05
02101,Macrocystis,2021,0.05021286
03101,Macrocystis,2017,0.050475009
02101,Macrocystis,2020,0.051116691
10109,Macrocystis,2022,0.051199696
02101,Macrocystis,2019,0.052036792
03102,Macrocystis,2023,0.052225422
02101,Macrocystis,2018,0.052973454
02101,Macrocystis,2017,0.053926976
05107,Macrocystis,2023,0.053983741
02104,Macrocystis,2023,0.054469627
10305,Macrocystis,2021,0.055238382
10305,Macrocystis,2020,0.056232673
10305,Macrocystis,2019,0.057244861
08110,Macrocystis,2022,0.057478641
08110,Macrocystis,2021,0.057792999
07203,Macrocystis,2022,0.058141032
10305,Macrocystis,2018,0.058275269
12402,Macrocystis,2023,0.058417459
08110,Macrocystis,2020,0.058833273
10305,Macrocystis,2017,0.059324224
08110,Macrocystis,2019,0.059892272
16207,Marismas y humedales,2022,0.06
08206,Marismas y humedales,2022,0.06
05604,Marismas y humedales,2024,0.06
05604,Bosques y matorrales,2022,0.06
06206,Marismas y humedales,2022,0.06
10204,Marismas y humedales,2017,0.06
08107,Playas y dunas,2020,0.06
08107,Playas y dunas,2021,0.06
08110,Macrocystis,2024,0.06
05401,Marismas y humedales,2022,0.06
16202,Playas y dunas,2022,0.06
15102,Marismas y humedales,2022,0.06
10205,Marismas y humedales,2017,0.06
05606,Macrocystis,2024,0.06
15101,Macrocystis,2022,0.06
04202,Macrocystis,2022,0.06
01404,Bosques y matorrales,2020,0.06
02301,Bosques y matorrales,2019,0.06
10401,Marismas y humedales,2022,0.06
03304,Macrocystis,2024,0.06066198
03304,Macrocystis,2022,0.06066198
10103,Macrocystis,2023,0.060792555
08110,Macrocystis,2018,0.060970333
03303,Macrocystis,2023,0.061434316
03304,Macrocystis,2021,0.061442957
08110,Macrocystis,2017,0.062067799
03304,Macrocystis,2020,0.062548931
03304,Macrocystis,2019,0.063674811
05201,Macrocystis,2023,0.063928571
03304,Macrocystis,2018,0.064820958
10305,Bosques y matorrales,2021,0.065
04104,Macrocystis,2021,0.065210438
07203,Macrocystis,2021,0.065328232
08112,Macrocystis,2022,0.065625397
08112,Macrocystis,2021,0.065731788
03304,Macrocystis,2017,0.065987735
04104,Macrocystis,2020,0.066384226
07203,Macrocystis,2020,0.066504141
08112,Macrocystis,2020,0.066914961
04104,Macrocystis,2019,0.067579142
07203,Macrocystis,2019,0.067701215
08112,Macrocystis,2019,0.06811943
14106,Macrocystis,2023,0.068159375
04104,Macrocystis,2018,0.068795566
07203,Macrocystis,2018,0.068919837
01404,Marismas y humedales,2019,0.069
14201,Marismas y humedales,2023,0.069285714
08112,Macrocystis,2018,0.06934558
04104,Macrocystis,2023,0.069714751
08112,Macrocystis,2024,0.07
05102,Marismas y humedales,2024,0.07
10305,Marismas y humedales,2021,0.07
08107,Marismas y humedales,2017,0.07
08107,Marismas y humedales,2018,0.07
03101,Bosques y matorrales,2019,0.07
10205,Marismas y humedales,2024,0.07
03201,Macrocystis,2024,0.07
05104,Macrocystis,2022,0.07
01404,Marismas y humedales,2020,0.07
05201,Macrocystis,2020,0.07
05201,Macrocystis,2021,0.07
03102,Marismas y humedales,2019,0.07
11203,Marismas y humedales,2024,0.07
04104,Macrocystis,2017,0.070033887
07203,Macrocystis,2017,0.070160394
03102,Macrocystis,2021,0.070530381
08112,Macrocystis,2017,0.0705938
10305,Marismas y humedales,2023,0.070714286
03102,Macrocystis,2020,0.071799927
03102,Macrocystis,2019,0.073092326
02104,Macrocystis,2021,0.073561178
08106,Macrocystis,2023,0.074076675
03102,Macrocystis,2018,0.074407988
14106,Macrocystis,2021,0.074685609
02104,Macrocystis,2020,0.074885279
10104,Marismas y humedales,2018,0.075
08111,Macrocystis,2023,0.075471275
03102,Macrocystis,2017,0.075747332
14106,Macrocystis,2020,0.07602995
02104,Macrocystis,2019,0.076233214
14106,Macrocystis,2019,0.077398489
02104,Macrocystis,2018,0.077605412
16202,Macrocystis,2022,0.07822622
14106,Macrocystis,2018,0.078791662
12402,Macrocystis,2021,0.07889272
02104,Macrocystis,2017,0.079002309
04104,Macrocystis,2024,0.079674001
08206,Marismas y humedales,2024,0.08
05605,Macrocystis,2024,0.08
05101,Marismas y humedales,2024,0.08
10303,Marismas y humedales,2020,0.08
10303,Marismas y humedales,2021,0.08
01404,Bosques y matorrales,2021,0.08
14106,Macrocystis,2017,0.080209912
12402,Macrocystis,2020,0.080312789
12402,Macrocystis,2019,0.081758419
03303,Macrocystis,2024,0.081912421
03303,Macrocystis,2022,0.081912421
10103,Macrocystis,2021,0.082100285
03102,Macrocystis,2022,0.082543339
03303,Macrocystis,2021,0.082966983
12402,Macrocystis,2018,0.083230071
10103,Macrocystis,2020,0.08357809
03201,Bosques y matorrales,2020,0.084
14201,Macrocystis,2023,0.084047605
03303,Macrocystis,2020,0.084460389
12402,Macrocystis,2017,0.084728212
10204,Marismas y humedales,2018,0.085
10103,Macrocystis,2019,0.085082495
03303,Macrocystis,2019,0.085980676
10103,Macrocystis,2018,0.08661398
03303,Macrocystis,2018,0.087528328
02102,Macrocystis,2023,0.087894725
10103,Macrocystis,2017,0.088173032
10303,Macrocystis,2023,0.088654182
03303,Macrocystis,2017,0.089103838
04202,Macrocystis,2023,0.089683576
09118,Marismas y humedales,2022,0.09
08102,Marismas y humedales,2024,0.09
05105,Macrocystis,2024,0.09
10303,Playas y dunas,2017,0.09
10206,Playas y dunas,2019,0.09
10206,Playas y dunas,2020,0.09
10206,Playas y dunas,2021,0.09
08203,Playas y dunas,2022,0.09
14201,Marismas y humedales,2017,0.09
14201,Marismas y humedales,2021,0.09
14106,Macrocystis,2022,0.09
07102,Macrocystis,2022,0.09
08202,Macrocystis,2024,0.09
03304,Playas y dunas,2022,0.09
10102,Marismas y humedales,2022,0.09
02301,Bosques y matorrales,2022,0.09
02301,Marismas y humedales,2022,0.09
11202,Marismas y humedales,2022,0.09
11203,Marismas y humedales,2017,0.091904762
11203,Marismas y humedales,2018,0.091904762
11203,Marismas y humedales,2019,0.091904762
11203,Marismas y humedales,2020,0.091904762
11203,Marismas y humedales,2021,0.091904762
01101,Macrocystis,2023,0.092237542
04301,Macrocystis,2023,0.092453392
08106,Macrocystis,2021,0.094252623
10305,Marismas y humedales,2018,0.095
14201,Marismas y humedales,2018,0.095
08106,Macrocystis,2020,0.09594917
08106,Macrocystis,2019,0.097676255
05104,Marismas y humedales,2024,0.099
08106,Macrocystis,2018,0.099434428
14101,Macrocystis,2023,0.099441449
10104,Marismas y humedales,2019,0.1
14201,Marismas y humedales,2019,0.1
05401,Macrocystis,2024,0.1
10205,Marismas y humedales,2018,0.1
02102,Macrocystis,2024,0.100451114
05201,Macrocystis,2024,0.1008
08106,Macrocystis,2017,0.101224247
08111,Macrocystis,2021,0.101923882
08111,Macrocystis,2020,0.103758512
10305,Macrocystis,2022,0.10388823
08111,Macrocystis,2019,0.105626165
08207,Macrocystis,2023,0.106628361
08111,Macrocystis,2018,0.107527436
01404,Macrocystis,2023,0.107902936
12402,Playas y dunas,2023,0.109285714
08111,Macrocystis,2017,0.10946293
04202,Macrocystis,2021,0.109541875
10106,Macrocystis,2023,0.109579361
10204,Marismas y humedales,2019,0.11
14201,Marismas y humedales,2020,0.11
03303,Marismas y humedales,2024,0.11
08201,Macrocystis,2024,0.11
01404,Macrocystis,2024,0.11
02101,Marismas y humedales,2021,0.11
02101,Bosques y matorrales,2018,0.111
04202,Macrocystis,2020,0.111513629
05401,Marismas y humedales,2017,0.112857143
05401,Marismas y humedales,2018,0.112857143
05401,Marismas y humedales,2019,0.112857143
05401,Marismas y humedales,2020,0.112857143
05401,Marismas y humedales,2021,0.112857143
14201,Macrocystis,2021,0.113506207
04202,Macrocystis,2019,0.113520874
10305,Playas y dunas,2021,0.115
14201,Macrocystis,2020,0.115549318
04202,Macrocystis,2018,0.11556425
08111,Macrocystis,2022,0.116252885
10104,Marismas y humedales,2023,0.116428571
05201,Macrocystis,2017,0.116445714
05201,Macrocystis,2018,0.116445714
05201,Macrocystis,2019,0.116445714
01404,Marismas y humedales,2017,0.117
14201,Macrocystis,2019,0.117629206
04202,Macrocystis,2017,0.11764440600000001
10303,Macrocystis,2024,0.118205577
10303,Macrocystis,2022,0.118205577
10303,Macrocystis,2021,0.119727385
14201,Macrocystis,2018,0.119746532
05103,Marismas y humedales,2024,0.12
12102,Marismas y humedales,2024,0.12
05602,Macrocystis,2024,0.12
05602,Marismas y humedales,2022,0.12
05105,Marismas y humedales,2024,0.12
10303,Playas y dunas,2020,0.12
10303,Playas y dunas,2021,0.12
09117,Marismas y humedales,2022,0.12
08111,Marismas y humedales,2024,0.12
10205,Playas y dunas,2017,0.12
10205,Playas y dunas,2018,0.12
10205,Playas y dunas,2019,0.12
10201,Macrocystis,2022,0.12
03303,Playas y dunas,2022,0.12
04104,Marismas y humedales,2022,0.12
10210,Macrocystis,2022,0.12
10209,Macrocystis,2022,0.12
10202,Macrocystis,2022,0.12
02101,Marismas y humedales,2019,0.12
16207,Marismas y humedales,2023,0.121428571
10303,Macrocystis,2020,0.121882478
14201,Macrocystis,2017,0.121901969
08207,Macrocystis,2022,0.123289555
10303,Macrocystis,2019,0.124076363
01101,Macrocystis,2021,0.12456671
04301,Macrocystis,2021,0.124858214
10303,Playas y dunas,2018,0.125
10103,Marismas y humedales,2023,0.125
01101,Macrocystis,2022,0.125414334
10306,Marismas y humedales,2023,0.125714286
10303,Macrocystis,2018,0.126309737
01101,Macrocystis,2020,0.12680891
04301,Macrocystis,2020,0.127105661
10303,Macrocystis,2017,0.128583313
01101,Macrocystis,2019,0.129091471
04301,Macrocystis,2019,0.129393563
08107,Marismas y humedales,2020,0.13
10104,Marismas y humedales,2020,0.13
01101,Macrocystis,2018,0.131415117
04301,Macrocystis,2018,0.131722647
10306,Macrocystis,2023,0.132196011
01101,Macrocystis,2017,0.133780589
04301,Macrocystis,2017,0.134093655
14101,Macrocystis,2021,0.134295578
08107,Bosques y matorrales,2021,0.136666667
14101,Macrocystis,2020,0.136712899
10203,Macrocystis,2021,0.137796431
08107,Macrocystis,2023,0.137956829
01404,Macrocystis,2022,0.139031927
14101,Macrocystis,2019,0.139173731
06206,Marismas y humedales,2024,0.14
10305,Marismas y humedales,2017,0.14
10305,Marismas y humedales,2020,0.14
06201,Macrocystis,2024,0.14
15102,Marismas y humedales,2024,0.14
10205,Marismas y humedales,2019,0.14
02301,Macrocystis,2024,0.14
01101,Macrocystis,2024,0.14
10203,Macrocystis,2020,0.140276766
10305,Playas y dunas,2023,0.141428571
14101,Macrocystis,2018,0.141678858
10203,Macrocystis,2019,0.142801748
08207,Macrocystis,2021,0.144001496
14101,Macrocystis,2017,0.144229077
10203,Macrocystis,2018,0.14537218
01404,Macrocystis,2021,0.145722808
10106,Macrocystis,2024,0.146105815
10106,Macrocystis,2022,0.146105815
08207,Macrocystis,2020,0.146593523
10106,Macrocystis,2021,0.147986818
10203,Macrocystis,2017,0.147988879
01404,Macrocystis,2020,0.148345818
12104,Marismas y humedales,2023,0.148571429
08207,Macrocystis,2019,0.149232206
10210,Marismas y humedales,2023,0.149285714
08112,Marismas y humedales,2022,0.15
12102,Playas y dunas,2018,0.15
06203,Marismas y humedales,2024,0.15
08106,Marismas y humedales,2022,0.15
10103,Marismas y humedales,2017,0.15
10103,Playas y dunas,2020,0.15
10103,Marismas y humedales,2021,0.15
10103,Bosques y matorrales,2022,0.15
03201,Marismas y humedales,2022,0.15
04102,Marismas y humedales,2022,0.15
04104,Macrocystis,2022,0.15
10106,Macrocystis,2020,0.150650581
10204,Marismas y humedales,2023,0.150714286
01404,Macrocystis,2019,0.151016043
08207,Macrocystis,2018,0.151918386
10106,Macrocystis,2019,0.153362291
01404,Macrocystis,2018,0.153734332
08207,Macrocystis,2017,0.154652917
10205,Macrocystis,2021,0.155270633
10106,Macrocystis,2018,0.156122813
01404,Macrocystis,2017,0.15650155
10205,Macrocystis,2020,0.158065504
10106,Macrocystis,2017,0.158933023
05601,Marismas y humedales,2024,0.16
08107,Marismas y humedales,2019,0.16
10104,Marismas y humedales,2021,0.16
10303,Playas y dunas,2019,0.16
10306,Marismas y humedales,2019,0.16
10207,Playas y dunas,2019,0.16
03102,Macrocystis,2024,0.16
03102,Bosques y matorrales,2021,0.16
12104,Playas y dunas,2023,0.16
10205,Macrocystis,2019,0.160910683
05104,Marismas y humedales,2020,0.1629
05104,Marismas y humedales,2021,0.1629
10205,Macrocystis,2018,0.163807076
10303,Marismas y humedales,2018,0.165
14106,Bosques y matorrales,2021,0.165
10205,Macrocystis,2017,0.166755603
10103,Marismas y humedales,2022,0.168571429
05603,Playas y dunas,2019,0.17
10109,Playas y dunas,2018,0.17
10109,Marismas y humedales,2023,0.17
08112,Playas y dunas,2018,0.17
10104,Playas y dunas,2019,0.17
12402,Playas y dunas,2017,0.17
09102,Marismas y humedales,2018,0.17
04102,Macrocystis,2024,0.17
03303,Bosques y matorrales,2024,0.17
05104,Macrocystis,2017,0.172874286
05104,Macrocystis,2018,0.172874286
05104,Macrocystis,2019,0.172874286
16203,Marismas y humedales,2021,0.175
10103,Marismas y humedales,2018,0.175
10204,Marismas y humedales,2022,0.17510204100000001
10306,Macrocystis,2021,0.178530582
14201,Macrocystis,2022,0.178911548
06203,Marismas y humedales,2022,0.18
08107,Marismas y humedales,2021,0.18
07309,Marismas y humedales,2022,0.18
09102,Marismas y humedales,2019,0.18
09102,Marismas y humedales,2022,0.18
10103,Marismas y humedales,2024,0.18
04202,Playas y dunas,2022,0.18
10108,Marismas y humedales,2022,0.18
08201,Playas y dunas,2022,0.18
10102,Playas y dunas,2022,0.18
12302,Macrocystis,2022,0.18
11203,Marismas y humedales,2022,0.18
08107,Macrocystis,2021,0.180522708
04203,Macrocystis,2023,0.180989428
10306,Macrocystis,2020,0.181744132
08107,Playas y dunas,2023,0.182857143
14201,Marismas y humedales,2022,0.183469388
08107,Macrocystis,2020,0.183772116
10104,Playas y dunas,2018,0.185
10306,Macrocystis,2019,0.185015527
08107,Macrocystis,2019,0.187080014
02104,Macrocystis,2022,0.187965288
10306,Macrocystis,2018,0.188345806
16207,Marismas y humedales,2017,0.19
16207,Marismas y humedales,2019,0.19
16207,Marismas y humedales,2020,0.19
16207,Marismas y humedales,2021,0.19
05603,Playas y dunas,2018,0.19
14101,Marismas y humedales,2017,0.19
14101,Marismas y humedales,2018,0.19
14101,Marismas y humedales,2019,0.19
09102,Marismas y humedales,2020,0.19
04104,Bosques y matorrales,2021,0.19
08107,Macrocystis,2018,0.190447455
14101,Macrocystis,2022,0.190790227
05104,Marismas y humedales,2017,0.191411429
05104,Marismas y humedales,2018,0.191411429
05104,Marismas y humedales,2019,0.191411429
10306,Macrocystis,2017,0.191736031
08107,Macrocystis,2017,0.193875509
10206,Macrocystis,2023,0.195304022
05104,Marismas y humedales,2023,0.197257143
05605,Marismas y humedales,2024,0.2
10305,Playas y dunas,2019,0.2
08107,Playas y dunas,2024,0.2
10104,Playas y dunas,2017,0.2
09117,Macrocystis,2024,0.2
10103,Marismas y humedales,2019,0.2
10103,Marismas y humedales,2020,0.2
10205,Marismas y humedales,2020,0.2
10210,Marismas y humedales,2020,0.2
10210,Marismas y humedales,2021,0.2
10305,Marismas y humedales,2022,0.200816327
10204,Macrocystis,2023,0.201406518
10210,Playas y dunas,2023,0.202142857
08107,Marismas y humedales,2023,0.207142857
05603,Playas y dunas,2017,0.21
16203,Bosques y matorrales,2021,0.21
08102,Playas y dunas,2022,0.21
14201,Playas y dunas,2022,0.21
08111,Macrocystis,2024,0.21
14102,Playas y dunas,2022,0.21
04203,Playas y dunas,2022,0.21
08202,Marismas y humedales,2022,0.21
03303,Bosques y matorrales,2022,0.21
04301,Playas y dunas,2022,0.21
10210,Marismas y humedales,2017,0.21
10305,Playas y dunas,2018,0.215
10210,Marismas y humedales,2018,0.215
10109,Marismas y humedales,2019,0.22
08112,Playas y dunas,2021,0.22
09118,Playas y dunas,2020,0.22
09118,Playas y dunas,2021,0.22
10210,Marismas y humedales,2019,0.22
10210,Playas y dunas,2020,0.22
10210,Playas y dunas,2021,0.22
10109,Marismas y humedales,2024,0.23
08112,Playas y dunas,2019,0.23
08112,Playas y dunas,2020,0.23
09118,Macrocystis,2024,0.23
10305,Playas y dunas,2017,0.23
10305,Playas y dunas,2020,0.23
06205,Marismas y humedales,2024,0.23
10104,Playas y dunas,2020,0.23
14101,Bosques y matorrales,2021,0.23
12402,Playas y dunas,2018,0.235
08206,Bosques y matorrales,2021,0.24
05604,Bosques y matorrales,2021,0.24
05605,Bosques y matorrales,2021,0.24
07303,Marismas y humedales,2024,0.24
08112,Playas y dunas,2024,0.24
05403,Marismas y humedales,2024,0.24
07103,Playas y dunas,2022,0.24
05109,Playas y dunas,2017,0.24
14106,Macrocystis,2024,0.24
04101,Marismas y humedales,2022,0.24
02101,Bosques y matorrales,2022,0.24
11203,Playas y dunas,2022,0.24
10401,Playas y dunas,2022,0.24
04203,Macrocystis,2021,0.244426043
04203,Macrocystis,2020,0.248825712
08112,Playas y dunas,2017,0.25
09118,Marismas y humedales,2024,0.25
10201,Marismas y humedales,2020,0.25
02301,Macrocystis,2023,0.250579578
14101,Marismas y humedales,2023,0.252857143
04203,Macrocystis,2019,0.253304575
12102,Playas y dunas,2023,0.255714286
04203,Macrocystis,2018,0.257864057
09102,Macrocystis,2024,0.26
10205,Playas y dunas,2020,0.26
10205,Marismas y humedales,2021,0.26
02101,Bosques y matorrales,2024,0.26
04203,Macrocystis,2017,0.26250561
12102,Macrocystis,2023,0.26334543
10206,Macrocystis,2021,0.263757888
10109,Marismas y humedales,2021,0.265
10109,Marismas y humedales,2022,0.265
16203,Bentonico,2024,0.267686485
16203,Bentonico,2017,0.267686485
16203,Bentonico,2018,0.267686485
16203,Bentonico,2019,0.267686485
16203,Bentonico,2020,0.267686485
16203,Bentonico,2021,0.267686485
16203,Bentonico,2022,0.267686485
16203,Bentonico,2023,0.267686485
10206,Macrocystis,2020,0.26850553
10204,Macrocystis,2024,0.268542024
10204,Macrocystis,2022,0.268542024
05101,Marismas y humedales,2022,0.27
05401,Marismas y humedales,2024,0.27
09102,Playas y dunas,2022,0.27
10103,Playas y dunas,2024,0.27
10202,Marismas y humedales,2022,0.27
12302,Marismas y humedales,2022,0.27
11202,Playas y dunas,2022,0.27
08202,Macrocystis,2023,0.270106255
10204,Macrocystis,2021,0.271999302
10206,Macrocystis,2019,0.27333863
16203,Playas y dunas,2021,0.275
10204,Macrocystis,2020,0.27689529
05201,Macrocystis,2022,0.2775
10206,Macrocystis,2018,0.278258725
09118,Playas y dunas,2019,0.28
08111,Playas y dunas,2017,0.28
08111,Playas y dunas,2018,0.28
10306,Marismas y humedales,2018,0.28
10210,Playas y dunas,2017,0.28
10204,Macrocystis,2019,0.281879405
10206,Macrocystis,2017,0.283267382
10303,Marismas y humedales,2023,0.286428571
10204,Macrocystis,2018,0.286953234
05602,Marismas y humedales,2024,0.29
08106,Playas y dunas,2017,0.29
08106,Playas y dunas,2018,0.29
08106,Playas y dunas,2020,0.29
10104,Playas y dunas,2021,0.29
10209,Macrocystis,2024,0.29
12402,Playas y dunas,2022,0.290612245
10210,Marismas y humedales,2022,0.292040816
10204,Macrocystis,2017,0.292118393
08106,Playas y dunas,2021,0.295
16207,Marismas y humedales,2024,0.3
16203,Playas y dunas,2022,0.3
12102,Playas y dunas,2019,0.3
07103,Marismas y humedales,2024,0.3
05102,Marismas y humedales,2022,0.3
08106,Playas y dunas,2019,0.3
10104,Marismas y humedales,2022,0.3
10303,Marismas y humedales,2019,0.3
14101,Marismas y humedales,2020,0.3
14101,Marismas y humedales,2021,0.3
12402,Playas y dunas,2019,0.3
09102,Macrocystis,2022,0.3
10206,Macrocystis,2022,0.313204597
10210,Playas y dunas,2018,0.315
07102,Pastos marinos,2024,0.315347513
10101,Macrocystis,2023,0.317162881
07102,Pastos marinos,2023,0.319371595
10109,Macrocystis,2024,0.32
14101,Playas y dunas,2019,0.32
10103,Bosques y matorrales,2021,0.32
15102,Marismas y humedales,2017,0.32
08202,Macrocystis,2022,0.321550006
07102,Pastos marinos,2022,0.323447028
04203,Macrocystis,2022,0.32541649
08201,Macrocystis,2023,0.326671833
09102,Marismas y humedales,2023,0.327142857
07102,Pastos marinos,2021,0.3
10403,Macrocystis,2023,0.327991099
08112,Playas y dunas,2023,0.328571429
05109,Playas y dunas,2020,0.33
09116,Macrocystis,2024,0.33
16202,Macrocystis,2024,0.33
10108,Bosques y matorrales,2021,0.33
03303,Marismas y humedales,2020,0.33
10209,Playas y dunas,2019,0.33
04301,Macrocystis,2022,0.331375305
07102,Pastos marinos,2020,0.331701904
02301,Macrocystis,2021,0.332619619
05104,Marismas y humedales,2022,0.335
07102,Pastos marinos,2019,0.335881348
10306,Macrocystis,2022,0.338224013
02301,Macrocystis,2020,0.338606772
12102,Playas y dunas,2020,0.34
07102,Pastos marinos,2018,0.340113453
05201,Marismas y humedales,2020,0.342
05201,Marismas y humedales,2021,0.342
07102,Pastos marinos,2017,0.344398883
02301,Macrocystis,2019,0.344701694
14101,Playas y dunas,2018,0.345
08102,Macrocystis,2023,0.348145903
05201,Marismas y humedales,2023,0.349857143
10103,Playas y dunas,2019,0.35
10210,Playas y dunas,2019,0.35
02301,Bosques y matorrales,2023,0.35
02301,Macrocystis,2018,0.350906324
12102,Macrocystis,2021,0.355647741
14102,Macrocystis,2023,0.356019135
02301,Macrocystis,2017,0.357222638
05603,Playas y dunas,2020,0.36
08206,Marismas y humedales,2021,0.36
07303,Marismas y humedales,2022,0.36
07303,Playas y dunas,2022,0.36
05109,Playas y dunas,2021,0.36
05107,Macrocystis,2022,0.36
15102,Playas y dunas,2022,0.36
10403,Macrocystis,2021,0.361921713
12102,Macrocystis,2020,0.362049401
10201,Marismas y humedales,2023,0.363571429
08202,Macrocystis,2021,0.36477823
10306,Playas y dunas,2023,0.367142857
10403,Macrocystis,2020,0.368436304
12102,Macrocystis,2019,0.36856629
14101,Playas y dunas,2017,0.37
07102,Macrocystis,2024,0.37
03201,Marismas y humedales,2020,0.37
08202,Macrocystis,2020,0.371344238
01404,Marismas y humedales,2023,0.373714286
10403,Macrocystis,2019,0.375068157
12102,Macrocystis,2018,0.375200483
10306,Marismas y humedales,2022,0.376530612
08202,Macrocystis,2019,0.378028434
05601,Marismas y humedales,2018,0.38
14101,Marismas y humedales,2024,0.38
14101,Playas y dunas,2020,0.38
14101,Playas y dunas,2021,0.38
14102,Marismas y humedales,2024,0.38
10403,Macrocystis,2018,0.381819384
12102,Macrocystis,2017,0.381954092
08202,Macrocystis,2018,0.384832946
16203,Playas y dunas,2023,0.386428571
10403,Macrocystis,2017,0.388692133
08201,Macrocystis,2022,0.389053524
05603,Playas y dunas,2022,0.39
08108,Bosques y matorrales,2020,0.39
05405,Playas y dunas,2021,0.39
05102,Playas y dunas,2021,0.39
09118,Playas y dunas,2018,0.39
05107,Marismas y humedales,2022,0.39
03101,Marismas y humedales,2024,0.39
10203,Marismas y humedales,2024,0.39
10201,Marismas y humedales,2017,0.39
10207,Macrocystis,2022,0.39
10209,Playas y dunas,2018,0.39
10403,Bosques y matorrales,2021,0.39
08202,Macrocystis,2017,0.391759939
16203,Marismas y humedales,2023,0.393571429
16207,Playas y dunas,2021,0.395
08108,Bosques y matorrales,2019,0.4
05109,Bosques y matorrales,2021,0.4
10204,Marismas y humedales,2020,0.4
10204,Marismas y humedales,2021,0.4
10305,Macrocystis,2024,0.4
15102,Marismas y humedales,2020,0.4
15102,Marismas y humedales,2023,0.4
10205,Playas y dunas,2021,0.4
10306,Marismas y humedales,2017,0.4
02301,Bosques y matorrales,2024,0.4
10209,Playas y dunas,2023,0.401428571
08106,Playas y dunas,2023,0.402142857
08102,Macrocystis,2022,0.40502389
15102,Bosques y matorrales,2021,0.41
10102,Macrocystis,2024,0.41
14102,Playas y dunas,2023,0.411428571
10102,Macrocystis,2023,0.41630533
09116,Playas y dunas,2023,0.416428571
10206,Marismas y humedales,2023,0.417142857
15102,Bosques y matorrales,2019,0.42
03303,Marismas y humedales,2019,0.42
10403,Macrocystis,2022,0.42
05601,Marismas y humedales,2023,0.422857143
05201,Marismas y humedales,2024,0.4266
05201,Marismas y humedales,2017,0.427591429
05201,Marismas y humedales,2018,0.427591429
05201,Marismas y humedales,2019,0.427591429
10101,Macrocystis,2021,0.428328156
05109,Playas y dunas,2023,0.428571429
05103,Playas y dunas,2017,0.43
16203,Playas y dunas,2020,0.43
05102,Playas y dunas,2020,0.43
06201,Marismas y humedales,2024,0.43
08106,Marismas y humedales,2023,0.431428571
10203,Macrocystis,2023,0.432033715
10101,Macrocystis,2020,0.436038063
10103,Macrocystis,2022,0.438048634
09117,Pastos marinos,2024,0.439686267
08112,Bosques y matorrales,2021,0.44
15101,Bosques y matorrales,2024,0.44
08201,Macrocystis,2021,0.441169986
10101,Macrocystis,2019,0.443886748
10201,Marismas y humedales,2018,0.445
09117,Pastos marinos,2023,0.445297009
08201,Macrocystis,2020,0.449111046
16207,Playas y dunas,2019,0.45
05103,Marismas y humedales,2021,0.45
08108,Bosques y matorrales,2018,0.45
09102,Bosques y matorrales,2021,0.45
14106,Marismas y humedales,2021,0.45
04101,Marismas y humedales,2024,0.45
14102,Playas y dunas,2019,0.45
04301,Bosques y matorrales,2022,0.45
10209,Playas y dunas,2017,0.45
09117,Pastos marinos,2022,0.450979349
10101,Macrocystis,2018,0.451876709
09117,Pastos marinos,2021,0.5
08201,Macrocystis,2019,0.457195045
16203,Playas y dunas,2019,0.46
08106,Marismas y humedales,2021,0.46
12402,Marismas y humedales,2024,0.46
14102,Playas y dunas,2018,0.46
10201,Marismas y humedales,2024,0.46
10101,Macrocystis,2017,0.46001049
09117,Pastos marinos,2020,0.462489051
08201,Macrocystis,2018,0.465424556
09117,Pastos marinos,2019,0.468316413
10209,Macrocystis,2023,0.468366616
16203,Playas y dunas,2018,0.47
16203,Marismas y humedales,2019,0.47
16203,Marismas y humedales,2020,0.47
08108,Bosques y matorrales,2023,0.47
05605,Marismas y humedales,2021,0.47
10303,Marismas y humedales,2024,0.47
14102,Playas y dunas,2017,0.47
15101,Bosques y matorrales,2017,0.47
03303,Bosques y matorrales,2021,0.47
03102,Bosques y matorrales,2019,0.47
08102,Macrocystis,2021,0.470170697
08201,Macrocystis,2017,0.473802198
09117,Pastos marinos,2018,0.4742172
10104,Playas y dunas,2023,0.475
08102,Macrocystis,2020,0.47863377
08107,Macrocystis,2024,0.48
08110,Playas y dunas,2022,0.48
07202,Marismas y humedales,2024,0.48
08111,Playas y dunas,2019,0.48
04101,Bosques y matorrales,2022,0.48
03101,Marismas y humedales,2023,0.48
10306,Playas y dunas,2017,0.48
09117,Pastos marinos,2017,0.480192337
14102,Macrocystis,2021,0.480803488
10201,Marismas y humedales,2021,0.48122449
10101,Macrocystis,2022,0.482471864
08102,Macrocystis,2019,0.487249178
14102,Macrocystis,2020,0.489457951
16207,Playas y dunas,2020,0.49
16203,Marismas y humedales,2024,0.49
05601,Bosques y matorrales,2024,0.49
10306,Playas y dunas,2018,0.49
10209,Playas y dunas,2020,0.49
10209,Playas y dunas,2021,0.49
08102,Macrocystis,2018,0.496019663
14102,Macrocystis,2019,0.498268194
05603,Playas y dunas,2023,0.498571429
01404,Marismas y humedales,2021,0.499952381
01404,Marismas y humedales,2022,0.499952381
05103,Playas y dunas,2020,0.5
07103,Marismas y humedales,2019,0.5
09118,Playas y dunas,2017,0.5
09116,Playas y dunas,2017,0.5
10206,Marismas y humedales,2017,0.5
15102,Bosques y matorrales,2024,0.5
10201,Marismas y humedales,2019,0.5
10306,Playas y dunas,2019,0.5
03304,Marismas y humedales,2019,0.5
04102,Bosques y matorrales,2024,0.5
08102,Macrocystis,2017,0.504948017
07103,Marismas y humedales,2021,0.506666667
14102,Macrocystis,2018,0.507237021
14106,Marismas y humedales,2023,0.507857143
05107,Marismas y humedales,2024,0.51
14201,Bosques y matorrales,2021,0.515
14102,Macrocystis,2017,0.516367288
01101,Bosques y matorrales,2023,0.518571429
16203,Marismas y humedales,2022,0.519795918
08106,Marismas y humedales,2020,0.52
15101,Marismas y humedales,2018,0.52
04101,Bosques y matorrales,2024,0.53
16207,Playas y dunas,2023,0.532142857
10102,Macrocystis,2022,0.534348949
15101,Pastos marinos,2024,0.537458188
05605,Marismas y humedales,2022,0.54
08110,Bosques y matorrales,2021,0.54
06205,Marismas y humedales,2022,0.54
14101,Macrocystis,2024,0.54
10103,Playas y dunas,2022,0.54
02102,Macrocystis,2022,0.54
02101,Marismas y humedales,2024,0.54
15101,Pastos marinos,2023,0.544316576
09116,Playas y dunas,2018,0.545
16207,Playas y dunas,2018,0.55
05103,Playas y dunas,2021,0.55
08106,Marismas y humedales,2019,0.55
14106,Playas y dunas,2021,0.55
15101,Marismas y humedales,2020,0.55
10306,Playas y dunas,2020,0.55
10306,Playas y dunas,2021,0.55
03201,Bosques y matorrales,2017,0.55
09118,Marismas y humedales,2023,0.550714286
15101,Pastos marinos,2022,0.551262484
10207,Playas y dunas,2018,0.555
10206,Marismas y humedales,2024,0.556190476
10206,Marismas y humedales,2022,0.556190476
15101,Pastos marinos,2021,0.6
05109,Playas y dunas,2018,0.56
10206,Marismas y humedales,2018,0.56
10106,Playas y dunas,2017,0.56
10106,Playas y dunas,2021,0.56
08111,Playas y dunas,2024,0.56
03102,Bosques y matorrales,2018,0.561
10102,Macrocystis,2021,0.562219936
15101,Pastos marinos,2020,0.565331569
10103,Playas y dunas,2023,0.566428571
05405,Playas y dunas,2019,0.57
14106,Marismas y humedales,2019,0.57
02104,Marismas y humedales,2024,0.57
10102,Macrocystis,2020,0.572339894
15101,Pastos marinos,2019,0.572454747
09116,Marismas y humedales,2023,0.572857143
10207,Marismas y humedales,2023,0.575
10106,Playas y dunas,2023,0.577142857
15101,Pastos marinos,2018,0.579667676
16203,Marismas y humedales,2018,0.58
14201,Macrocystis,2024,0.58
14102,Playas y dunas,2020,0.58
10102,Macrocystis,2019,0.582642012
14102,Marismas y humedales,2023,0.585
15101,Pastos marinos,2017,0.586971489
05601,Playas y dunas,2019,0.59
05405,Playas y dunas,2020,0.59
09116,Playas y dunas,2019,0.59
05601,Marismas y humedales,2017,0.59047619
05601,Marismas y humedales,2022,0.59047619
10102,Macrocystis,2018,0.593129569
01101,Bosques y matorrales,2021,0.595510204
05103,Playas y dunas,2024,0.6
05603,Bosques y matorrales,2021,0.6
08206,Marismas y humedales,2018,0.6
12102,Marismas y humedales,2019,0.6
09118,Marismas y humedales,2020,0.6
09118,Marismas y humedales,2021,0.6
05107,Playas y dunas,2022,0.6
14101,Marismas y humedales,2022,0.6
15102,Marismas y humedales,2019,0.6
03102,Marismas y humedales,2020,0.6
01101,Marismas y humedales,2022,0.6
05601,Playas y dunas,2023,0.602857143
10101,Marismas y humedales,2023,0.602857143
10102,Macrocystis,2017,0.603805901
02102,Marismas y humedales,2023,0.607142857
10209,Macrocystis,2021,0.609377238
05603,Marismas y humedales,2021,0.61
12102,Macrocystis,2022,0.613823348
05603,Bosques y matorrales,2024,0.62
10206,Marismas y humedales,2019,0.62
10206,Marismas y humedales,2020,0.62
10206,Marismas y humedales,2021,0.62
03101,Bosques y matorrales,2024,0.62
02301,Marismas y humedales,2020,0.62
10209,Macrocystis,2020,0.620346029
05102,Bosques y matorrales,2022,0.63
05109,Playas y dunas,2022,0.63
07202,Playas y dunas,2022,0.63
10206,Macrocystis,2024,0.63
10201,Playas y dunas,2020,0.63
15101,Marismas y humedales,2022,0.63
03304,Bosques y matorrales,2021,0.63
04301,Marismas y humedales,2024,0.63
04104,Marismas y humedales,2020,0.63
10209,Macrocystis,2019,0.631512257
10207,Playas y dunas,2023,0.632142857
16207,Playas y dunas,2017,0.64
05601,Playas y dunas,2020,0.64
05601,Playas y dunas,2021,0.64
09116,Playas y dunas,2020,0.64
09116,Playas y dunas,2021,0.64
10102,Playas y dunas,2023,0.642142857
10209,Macrocystis,2018,0.642879478
09102,Marismas y humedales,2017,0.65
08206,Marismas y humedales,2023,0.651428571
10209,Macrocystis,2017,0.654451308
10209,Playas y dunas,2022,0.66
14102,Marismas y humedales,2017,0.66
03304,Bosques y matorrales,2020,0.665
16207,Playas y dunas,2024,0.67
08108,Marismas y humedales,2018,0.67
08106,Marismas y humedales,2017,0.67
08106,Marismas y humedales,2018,0.67
03102,Marismas y humedales,2021,0.67
14102,Macrocystis,2022,0.674021868
08206,Playas y dunas,2021,0.675
07103,Bosques y matorrales,2021,0.675
05201,Marismas y humedales,2022,0.6775
05103,Bosques y matorrales,2019,0.68
05103,Marismas y humedales,2019,0.68
10109,Playas y dunas,2024,0.68
16202,Marismas y humedales,2024,0.68
01101,Marismas y humedales,2020,0.68
09117,Playas y dunas,2023,0.681428571
14106,Playas y dunas,2023,0.685714286
07203,Playas y dunas,2022,0.69
10401,Bosques y matorrales,2021,0.69
05605,Marismas y humedales,2019,0.7
09116,Marismas y humedales,2017,0.7
05101,Playas y dunas,2017,0.7
05101,Bosques y matorrales,2021,0.7
15102,Marismas y humedales,2018,0.7
03101,Marismas y humedales,2018,0.705
03101,Marismas y humedales,2020,0.705
05104,Macrocystis,2024,0.7083
10201,Macrocystis,2023,0.709090223
08110,Marismas y humedales,2020,0.71
08110,Marismas y humedales,2021,0.71
14102,Playas y dunas,2021,0.71
03303,Bosques y matorrales,2019,0.71
12102,Playas y dunas,2017,0.714285714
12102,Playas y dunas,2022,0.714285714
08108,Marismas y humedales,2019,0.72
05102,Playas y dunas,2019,0.72
15102,Bosques y matorrales,2020,0.72
15102,Marismas y humedales,2021,0.72
03303,Marismas y humedales,2021,0.72
01404,Bosques y matorrales,2018,0.72
08108,Playas y dunas,2023,0.72
14102,Marismas y humedales,2022,0.722857143
10103,Playas y dunas,2018,0.725
08108,Marismas y humedales,2023,0.728571429
05103,Marismas y humedales,2017,0.73
05103,Marismas y humedales,2018,0.73
08108,Marismas y humedales,2020,0.73
08108,Marismas y humedales,2021,0.73
09116,Marismas y humedales,2018,0.73
14201,Marismas y humedales,2024,0.73
10106,Marismas y humedales,2020,0.73
15102,Bosques y matorrales,2018,0.73
04202,Macrocystis,2024,0.73
14106,Marismas y humedales,2018,0.735
05603,Marismas y humedales,2020,0.74
05101,Playas y dunas,2018,0.74
10205,Macrocystis,2024,0.74
08108,Playas y dunas,2018,0.75
08110,Marismas y humedales,2018,0.75
14106,Marismas y humedales,2022,0.75755102
05601,Marismas y humedales,2019,0.76
05102,Playas y dunas,2018,0.76
09116,Marismas y humedales,2019,0.76
14102,Marismas y humedales,2018,0.765
09116,Marismas y humedales,2022,0.768979592
16203,Playas y dunas,2017,0.77
09118,Marismas y humedales,2019,0.77
10101,Marismas y humedales,2020,0.77
10207,Marismas y humedales,2017,0.77
10202,Macrocystis,2023,0.771764245
09117,Playas y dunas,2019,0.78
09117,Playas y dunas,2020,0.78
09117,Playas y dunas,2021,0.78
10209,Playas y dunas,2024,0.78
02102,Marismas y humedales,2022,0.78
02102,Playas y dunas,2022,0.78
10102,Playas y dunas,2017,0.78
10102,Playas y dunas,2021,0.78
10208,Marismas y humedales,2022,0.78
09118,Playas y dunas,2023,0.787142857
08108,Bosques y matorrales,2022,0.79
09117,Playas y dunas,2018,0.79
03102,Bosques y matorrales,2020,0.79
10207,Marismas y humedales,2018,0.795
05603,Marismas y humedales,2017,0.8
05102,Playas y dunas,2017,0.8
09116,Marismas y humedales,2024,0.8
09117,Playas y dunas,2017,0.8
04104,Marismas y humedales,2017,0.8
10201,Playas y dunas,2023,0.802857143
05103,Marismas y humedales,2020,0.81
05603,Marismas y humedales,2018,0.81
08206,Marismas y humedales,2019,0.81
04203,Marismas y humedales,2024,0.81
10101,Marismas y humedales,2019,0.81
07103,Marismas y humedales,2020,0.82
14102,Bosques y matorrales,2021,0.82
10207,Marismas y humedales,2019,0.82
10207,Marismas y humedales,2020,0.82
10207,Marismas y humedales,2021,0.82
05103,Marismas y humedales,2023,0.828571429
04203,Macrocystis,2024,0.83
10203,Marismas y humedales,2023,0.832142857
16203,Playas y dunas,2024,0.84
12102,Marismas y humedales,2023,0.84
05602,Playas y dunas,2022,0.84
10305,Marismas y humedales,2024,0.84
08107,Marismas y humedales,2022,0.84
09117,Playas y dunas,2022,0.84
10106,Playas y dunas,2020,0.84
06201,Marismas y humedales,2022,0.84
10201,Macrocystis,2024,0.84
10101,Macrocystis,2024,0.84
07103,Marismas y humedales,2023,0.842380952
10102,Playas y dunas,2018,0.845
05103,Playas y dunas,2019,0.85
10104,Playas y dunas,2024,0.85
10101,Marismas y humedales,2018,0.85
03304,Bosques y matorrales,2024,0.85
10210,Marismas y humedales,2024,0.85
10208,Bosques y matorrales,2021,0.85
10108,Macrocystis,2023,0.853771092
09118,Marismas y humedales,2018,0.855
08111,Playas y dunas,2020,0.86
08111,Playas y dunas,2021,0.86
10101,Marismas y humedales,2021,0.86
16207,Bosques y matorrales,2021,0.87
08206,Playas y dunas,2022,0.87
14102,Marismas y humedales,2019,0.87
10207,Playas y dunas,2020,0.87
10207,Playas y dunas,2021,0.87
08206,Marismas y humedales,2020,0.88
05109,Playas y dunas,2019,0.88
07202,Marismas y humedales,2017,0.88
10106,Playas y dunas,2018,0.88
10101,Playas y dunas,2020,0.88
03304,Marismas y humedales,2024,0.88
02104,Macrocystis,2024,0.88
14102,Marismas y humedales,2020,0.89
02104,Bosques y matorrales,2024,0.89
11202,Macrocystis,2022,0.9
14106,Marismas y humedales,2017,0.9
14106,Marismas y humedales,2020,0.9
10108,Marismas y humedales,2017,0.9
10108,Marismas y humedales,2021,0.9
03201,Marismas y humedales,2023,0.905714286
05103,Bosques y matorrales,2024,0.91
05601,Marismas y humedales,2020,0.91
05601,Marismas y humedales,2021,0.91
09118,Bosques y matorrales,2021,0.91
09116,Marismas y humedales,2020,0.91
09116,Marismas y humedales,2021,0.91
07203,Marismas y humedales,2024,0.91
14102,Marismas y humedales,2021,0.91
10102,Playas y dunas,2019,0.91
15101,Bosques y matorrales,2020,0.915
10106,Playas y dunas,2022,0.916734694
11203,Playas y dunas,2017,0.918095238
11203,Playas y dunas,2018,0.918095238
11203,Playas y dunas,2019,0.918095238
11203,Playas y dunas,2020,0.918095238
11203,Playas y dunas,2021,0.918095238
08106,Marismas y humedales,2024,0.92
09102,Marismas y humedales,2021,0.92
10109,Marismas y humedales,2017,0.93
10101,Marismas y humedales,2017,0.93
10201,Macrocystis,2021,0.934474231
12104,Marismas y humedales,2017,0.936190476
12104,Marismas y humedales,2018,0.936190476
12104,Marismas y humedales,2020,0.936190476
12104,Marismas y humedales,2021,0.936190476
12104,Marismas y humedales,2022,0.936190476
07303,Playas y dunas,2017,0.94
09118,Marismas y humedales,2017,0.94
05101,Playas y dunas,2021,0.94
05602,Pastos marinos,2024,0.94392983
10207,Playas y dunas,2017,0.95
08107,Marismas y humedales,2024,0.95
10201,Macrocystis,2020,0.951294767
05602,Pastos marinos,2023,0.955975116
02101,Bosques y matorrales,2020,0.957
10201,Marismas y humedales,2022,0.96
07203,Playas y dunas,2023,0.964285714
05602,Pastos marinos,2022,0.96817411
10201,Macrocystis,2019,0.968418073
10207,Marismas y humedales,2022,0.97
08108,Marismas y humedales,2024,0.971428571
08108,Marismas y humedales,2022,0.971428571
10102,Marismas y humedales,2023,0.972857143
08110,Marismas y humedales,2023,0.974285714
12102,Marismas y humedales,2022,0.977142857
05601,Playas y dunas,2018,0.98
08108,Playas y dunas,2019,0.98
08108,Playas y dunas,2020,0.98
08108,Playas y dunas,2021,0.98
14106,Playas y dunas,2019,0.98
10203,Macrocystis,2024,0.98
03201,Bosques y matorrales,2018,0.98
05602,Pastos marinos,2021,1
10201,Macrocystis,2018,0.985849598
03102,Marismas y humedales,2024,0.99
05602,Pastos marinos,2020,0.992883435
10106,Marismas y humedales,2023,0.997142857
12102,Playas y dunas,2021,1
08110,Marismas y humedales,2019,1
10403,Marismas y humedales,2019,1
10102,Playas y dunas,2020,1
10201,Macrocystis,2017,1.003594891
05602,Pastos marinos,2019,1.005393766
10203,Marismas y humedales,2022,1.006734694
09102,Bosques y matorrales,2017,1.01
10202,Marismas y humedales,2024,1.01
05602,Pastos marinos,2018,1.018061728
10202,Macrocystis,2021,1.019115435
08107,Playas y dunas,2022,1.02
06205,Bosques y matorrales,2022,1.02
10207,Playas y dunas,2022,1.02
03201,Marismas y humedales,2017,1.03
05602,Pastos marinos,2017,1.030889305
03201,Marismas y humedales,2024,1.035102041
05103,Bosques y matorrales,2023,1.035714286
15101,Bosques y matorrales,2018,1.036
10202,Macrocystis,2020,1.037459513
08102,Playas y dunas,2017,1.04
14106,Playas y dunas,2018,1.04
10203,Marismas y humedales,2020,1.04
12104,Marismas y humedales,2019,1.04
08102,Playas y dunas,2023,1.045714286
02301,Marismas y humedales,2023,1.047142857
08108,Playas y dunas,2022,1.048571429
12102,Marismas y humedales,2018,1.05
10202,Macrocystis,2019,1.056133784
16203,Marismas y humedales,2017,1.06
05109,Playas y dunas,2024,1.06
05603,Bosques y matorrales,2017,1.07
14201,Playas y dunas,2020,1.07
04102,Marismas y humedales,2024,1.07
10202,Macrocystis,2018,1.075144192
05603,Bosques y matorrales,2018,1.08
06206,Playas y dunas,2022,1.08
05102,Bosques y matorrales,2021,1.08
14101,Bosques y matorrales,2022,1.08
03102,Bosques y matorrales,2024,1.08
06205,Playas y dunas,2017,1.09
06205,Playas y dunas,2018,1.09
15102,Bosques y matorrales,2017,1.09
10210,Macrocystis,2024,1.09
10202,Macrocystis,2017,1.094496788
05109,Marismas y humedales,2021,1.1
14106,Playas y dunas,2017,1.1
14106,Playas y dunas,2020,1.1
10103,Playas y dunas,2017,1.1
10103,Playas y dunas,2021,1.1
15101,Marismas y humedales,2021,1.1
10108,Playas y dunas,2017,1.1
10108,Playas y dunas,2021,1.1
05405,Playas y dunas,2022,1.11
08207,Marismas y humedales,2024,1.11
01101,Bosques y matorrales,2022,1.11
03101,Bosques y matorrales,2023,1.118571429
05103,Bosques y matorrales,2020,1.12
06206,Playas y dunas,2019,1.12
12104,Playas y dunas,2019,1.12
12302,Macrocystis,2023,1.120375602
10209,Marismas y humedales,2023,1.127857143
07103,Marismas y humedales,2018,1.13
06205,Bosques y matorrales,2017,1.13
08201,Marismas y humedales,2024,1.13
08112,Marismas y humedales,2023,1.131428571
10205,Macrocystis,2023,1.134972786
05603,Bosques y matorrales,2020,1.14
16203,Bosques y matorrales,2022,1.14
10203,Marismas y humedales,2019,1.14
01404,Bosques y matorrales,2017,1.14
10108,Macrocystis,2022,1.140024106
05109,Marismas y humedales,2019,1.15
05109,Marismas y humedales,2020,1.15
10108,Macrocystis,2024,1.15
10108,Macrocystis,2021,1.153017013
08206,Playas y dunas,2023,1.155
12402,Playas y dunas,2024,1.16
10403,Marismas y humedales,2018,1.165
05601,Playas y dunas,2022,1.166122449
08102,Playas y dunas,2018,1.17
06205,Bosques y matorrales,2021,1.17
10108,Macrocystis,2020,1.17377132
10403,Marismas y humedales,2023,1.182142857
10203,Marismas y humedales,2018,1.185
08203,Marismas y humedales,2024,1.19
10106,Marismas y humedales,2024,1.19
10108,Macrocystis,2019,1.194899203
14201,Playas y dunas,2023,1.197142857
16207,Playas y dunas,2022,1.2
10109,Bosques y matorrales,2021,1.2
05605,Bosques y matorrales,2022,1.2
08112,Playas y dunas,2022,1.2
05405,Playas y dunas,2017,1.2
05405,Bosques y matorrales,2021,1.2
10106,Playas y dunas,2019,1.2
02301,Marismas y humedales,2019,1.203877551
08110,Playas y dunas,2023,1.209285714
08112,Marismas y humedales,2024,1.21
02102,Marismas y humedales,2024,1.214285714
02102,Marismas y humedales,2019,1.214285714
02102,Marismas y humedales,2020,1.214285714
02102,Marismas y humedales,2021,1.214285714
10108,Macrocystis,2018,1.216407389
10205,Marismas y humedales,2023,1.218571429
12102,Marismas y humedales,2020,1.23
06206,Playas y dunas,2018,1.23
12402,Marismas y humedales,2020,1.23
12402,Marismas y humedales,2021,1.23
06201,Bosques y matorrales,2022,1.23
10203,Marismas y humedales,2017,1.23
10203,Marismas y humedales,2021,1.23
10108,Macrocystis,2017,1.238302722
14106,Marismas y humedales,2024,1.24
10201,Playas y dunas,2021,1.24
10104,Marismas y humedales,2024,1.25
04202,Marismas y humedales,2024,1.25
05403,Bosques y matorrales,2022,1.26
04104,Playas y dunas,2022,1.26
10209,Marismas y humedales,2020,1.27
10209,Marismas y humedales,2021,1.27
06206,Playas y dunas,2023,1.277142857
08112,Marismas y humedales,2018,1.28
08102,Playas y dunas,2019,1.3
08202,Playas y dunas,2018,1.3
10102,Marismas y humedales,2017,1.3
10102,Marismas y humedales,2021,1.3
10106,Marismas y humedales,2022,1.309591837
10201,Playas y dunas,2024,1.31
10306,Macrocystis,2024,1.31
05604,Marismas y humedales,2021,1.32
10303,Bosques y matorrales,2022,1.32
02101,Bosques y matorrales,2023,1.324571429
10403,Marismas y humedales,2017,1.33
10403,Marismas y humedales,2021,1.33
12301,Marismas y humedales,2024,1.33
08110,Playas y dunas,2018,1.34
03101,Bosques y matorrales,2017,1.34
02102,Marismas y humedales,2018,1.34
06205,Playas y dunas,2019,1.345
05604,Marismas y humedales,2023,1.348571429
08108,Playas y dunas,2017,1.35
06206,Playas y dunas,2017,1.35
08106,Playas y dunas,2022,1.35
10303,Marismas y humedales,2022,1.35
10102,Marismas y humedales,2018,1.35
12303,Macrocystis,2022,1.35
16207,Bosques y matorrales,2018,1.36
06205,Bosques y matorrales,2019,1.36
03101,Bosques y matorrales,2021,1.366938776
05103,Bosques y matorrales,2017,1.37
05103,Bosques y matorrales,2018,1.37
05601,Playas y dunas,2017,1.37
06206,Bosques y matorrales,2021,1.37
10102,Marismas y humedales,2020,1.37
11201,Bosques y matorrales,2021,1.375
08112,Marismas y humedales,2021,1.38
05602,Playas y dunas,2023,1.38
10209,Marismas y humedales,2024,1.38
08112,Marismas y humedales,2020,1.39
05604,Playas y dunas,2017,1.4
05604,Playas y dunas,2018,1.4
05605,Playas y dunas,2017,1.4
05605,Playas y dunas,2018,1.4
08112,Marismas y humedales,2019,1.4
08106,Bosques y matorrales,2021,1.4
08111,Marismas y humedales,2017,1.4
08111,Marismas y humedales,2018,1.4
10102,Marismas y humedales,2019,1.4
10106,Marismas y humedales,2017,1.42
10106,Marismas y humedales,2021,1.42
10208,Playas y dunas,2019,1.42
06205,Playas y dunas,2021,1.43
10210,Macrocystis,2023,1.439115746
10403,Marismas y humedales,2020,1.44
11202,Playas y dunas,2017,1.44
12104,Macrocystis,2023,1.452568598
04301,Bosques y matorrales,2024,1.46
08207,Playas y dunas,2022,1.47
12302,Macrocystis,2021,1.478339022
05606,Marismas y humedales,2024,1.48
12301,Bosques y matorrales,2021,1.48
11202,Playas y dunas,2018,1.49
16207,Bosques y matorrales,2020,1.5
12102,Marismas y humedales,2017,1.5
12102,Marismas y humedales,2021,1.5
05602,Bosques y matorrales,2021,1.5
08202,Playas y dunas,2022,1.5
02102,Bosques y matorrales,2017,1.5
10403,Playas y dunas,2019,1.5
12302,Macrocystis,2020,1.504949124
05604,Bosques y matorrales,2023,1.507142857
16207,Bosques y matorrales,2019,1.51
09102,Marismas y humedales,2024,1.51
10209,Marismas y humedales,2017,1.51
10209,Bosques y matorrales,2021,1.52
12302,Macrocystis,2019,1.532038209
07309,Playas y dunas,2024,1.54
09117,Marismas y humedales,2024,1.54
11202,Playas y dunas,2019,1.54
05604,Marismas y humedales,2022,1.549795918
02101,Bosques y matorrales,2021,1.550938776
11202,Playas y dunas,2023,1.558571429
12302,Macrocystis,2018,1.559614896
08102,Playas y dunas,2020,1.56
05101,Playas y dunas,2024,1.56
08111,Bosques y matorrales,2022,1.56
10205,Playas y dunas,2024,1.56
15101,Playas y dunas,2022,1.56
10206,Playas y dunas,2023,1.562142857
05603,Marismas y humedales,2023,1.57
04104,Bosques y matorrales,2019,1.57
08108,Playas y dunas,2024,1.58
07202,Bosques y matorrales,2021,1.58
04301,Macrocystis,2024,1.58
08110,Playas y dunas,2021,1.585
12302,Macrocystis,2017,1.587687965
14201,Bosques y matorrales,2022,1.59
11203,Macrocystis,2022,1.59
07103,Bosques y matorrales,2019,1.6
06205,Playas y dunas,2020,1.6
15101,Marismas y humedales,2019,1.6
12302,Marismas y humedales,2019,1.6
08110,Playas y dunas,2020,1.61
10106,Marismas y humedales,2018,1.61
12104,Marismas y humedales,2024,1.62
02104,Marismas y humedales,2022,1.62
10101,Marismas y humedales,2022,1.620408163
08110,Marismas y humedales,2022,1.629183673
10306,Marismas y humedales,2024,1.63
09117,Marismas y humedales,2023,1.634285714
05603,Bosques y matorrales,2019,1.64
08206,Bosques y matorrales,2018,1.65
07103,Bosques y matorrales,2018,1.65
07309,Playas y dunas,2020,1.65
07309,Playas y dunas,2021,1.65
08206,Bosques y matorrales,2019,1.67
03201,Playas y dunas,2022,1.68
04102,Playas y dunas,2022,1.68
05604,Marismas y humedales,2019,1.69
05105,Playas y dunas,2024,1.69
05602,Playas y dunas,2017,1.7
08110,Playas y dunas,2019,1.7
07309,Playas y dunas,2019,1.7
14201,Playas y dunas,2017,1.7
14201,Playas y dunas,2021,1.7
06206,Marismas y humedales,2023,1.701428571
03303,Marismas y humedales,2023,1.701428571
10208,Playas y dunas,2018,1.72
05602,Playas y dunas,2018,1.75
08110,Playas y dunas,2017,1.75
07309,Playas y dunas,2018,1.75
02301,Pastos marinos,2024,1.759918906
06206,Playas y dunas,2020,1.76
08111,Marismas y humedales,2020,1.76
08111,Marismas y humedales,2021,1.76
05603,Bosques y matorrales,2023,1.762857143
08108,Bosques y matorrales,2024,1.77
05602,Playas y dunas,2020,1.77
15101,Bosques y matorrales,2019,1.77
10209,Marismas y humedales,2018,1.775
08206,Bosques y matorrales,2020,1.78
05601,Bosques y matorrales,2017,1.78
12302,Marismas y humedales,2024,1.78
02301,Pastos marinos,2023,1.782376854
06206,Marismas y humedales,2018,1.79
08206,Playas y dunas,2018,1.8
06203,Playas y dunas,2020,1.8
05602,Playas y dunas,2019,1.8
05602,Playas y dunas,2021,1.8
14201,Playas y dunas,2018,1.8
10106,Playas y dunas,2024,1.8
10106,Marismas y humedales,2019,1.8
10203,Bosques y matorrales,2021,1.8
02301,Pastos marinos,2022,1.805121383
08206,Playas y dunas,2019,1.807142857
10205,Bosques y matorrales,2021,1.82
02301,Pastos marinos,2021,1.8
09116,Playas y dunas,2022,1.83877551
08206,Marismas y humedales,2017,1.85
05105,Playas y dunas,2020,1.85
02301,Pastos marinos,2020,1.851190918
15102,Bosques y matorrales,2023,1.857142857
14102,Macrocystis,2024,1.87
10101,Playas y dunas,2021,1.87
02301,Pastos marinos,2019,1.874515924
06203,Playas y dunas,2017,1.89
06203,Playas y dunas,2018,1.89
02301,Pastos marinos,2018,1.898134825
05604,Marismas y humedales,2017,1.9
05604,Marismas y humedales,2018,1.9
14201,Playas y dunas,2019,1.9
06203,Bosques y matorrales,2021,1.905
06203,Playas y dunas,2023,1.915714286
06206,Marismas y humedales,2019,1.92
10210,Macrocystis,2021,1.920372976
02301,Pastos marinos,2017,1.922051323
07303,Playas y dunas,2021,1.94
05105,Playas y dunas,2021,1.94
07309,Playas y dunas,2017,1.95
12303,Playas y dunas,2020,1.95
12303,Playas y dunas,2021,1.95
10210,Macrocystis,2020,1.95493969
06206,Marismas y humedales,2020,1.96
03303,Marismas y humedales,2022,1.960204082
12104,Macrocystis,2021,1.961692451
03304,Marismas y humedales,2021,1.97
05405,Bosques y matorrales,2022,1.98
02101,Marismas y humedales,2020,1.98
10210,Macrocystis,2019,1.990128604
12104,Macrocystis,2020,1.997002915
08108,Bosques y matorrales,2017,2
05403,Bosques y matorrales,2021,2
06206,Marismas y humedales,2021,2
07202,Playas y dunas,2021,2
07203,Playas y dunas,2017,2
07203,Playas y dunas,2018,2
07103,Bosques y matorrales,2020,2.01
08111,Marismas y humedales,2019,2.01
10403,Marismas y humedales,2022,2.01
12301,Macrocystis,2022,2.01
05603,Playas y dunas,2024,2.02
10208,Playas y dunas,2017,2.02
10210,Macrocystis,2018,2.025950919
08102,Bosques y matorrales,2021,2.026666667
08206,Playas y dunas,2020,2.03
09117,Marismas y humedales,2020,2.03
09117,Marismas y humedales,2021,2.03
12104,Macrocystis,2019,2.032948967
08102,Playas y dunas,2021,2.04
07203,Playas y dunas,2019,2.04
10209,Marismas y humedales,2019,2.04
05109,Bosques y matorrales,2023,2.048571429
05604,Bosques y matorrales,2017,2.05
06203,Playas y dunas,2021,2.05
05102,Playas y dunas,2024,2.06
10210,Macrocystis,2017,2.062418036
12104,Macrocystis,2018,2.069542049
08112,Bosques y matorrales,2017,2.07
08207,Playas y dunas,2023,2.087142857
05604,Bosques y matorrales,2018,2.09
12302,Macrocystis,2024,2.1
02104,Bosques y matorrales,2022,2.1
12303,Playas y dunas,2019,2.1
15102,Pastos marinos,2024,2.103059551
12104,Macrocystis,2017,2.106793806
07309,Playas y dunas,2023,2.108571429
06203,Playas y dunas,2024,2.11
10208,Playas y dunas,2020,2.12
10208,Playas y dunas,2021,2.12
15102,Pastos marinos,2023,2.129896244
04202,Bosques y matorrales,2024,2.13
02102,Marismas y humedales,2017,2.13
05604,Bosques y matorrales,2019,2.14
07303,Playas y dunas,2020,2.14
10208,Playas y dunas,2024,2.14
08111,Marismas y humedales,2023,2.145714286
04104,Marismas y humedales,2023,2.148571429
05405,Playas y dunas,2023,2.151428571
15102,Pastos marinos,2022,2.157075394
15101,Marismas y humedales,2023,2.157142857
09118,Bosques y matorrales,2022,2.16
05603,Playas y dunas,2021,2.17
12104,Macrocystis,2022,2.182935541
15102,Pastos marinos,2021,2.2
12102,Macrocystis,2024,2.19
10207,Marismas y humedales,2024,2.19
02301,Bosques y matorrales,2017,2.19
10108,Playas y dunas,2020,2.2
10108,Marismas y humedales,2023,2.202142857
16203,Bosques y matorrales,2018,2.21
06205,Playas y dunas,2024,2.21
15102,Pastos marinos,2020,2.212127348
05201,Playas y dunas,2024,2.2239
16203,Bosques y matorrales,2020,2.23
08207,Playas y dunas,2018,2.23
05109,Marismas y humedales,2023,2.237142857
12102,Playas y dunas,2024,2.24
15102,Pastos marinos,2019,2.240000153
16207,Bosques y matorrales,2023,2.247142857
16203,Bosques y matorrales,2019,2.25
08108,Marismas y humedales,2017,2.25
10104,Playas y dunas,2022,2.25
10108,Playas y dunas,2023,2.252142857
15102,Pastos marinos,2018,2.268224155
09117,Marismas y humedales,2019,2.28
03303,Bosques y matorrales,2023,2.29
15102,Pastos marinos,2017,2.296803779
10203,Macrocystis,2022,2.31
08112,Marismas y humedales,2017,2.32
08207,Playas y dunas,2019,2.32
03102,Marismas y humedales,2023,2.32
05605,Marismas y humedales,2023,2.324285714
16202,Playas y dunas,2023,2.332142857
05401,Playas y dunas,2022,2.34
10401,Macrocystis,2022,2.34
05604,Playas y dunas,2021,2.35
05605,Playas y dunas,2021,2.35
07303,Marismas y humedales,2023,2.352142857
06206,Playas y dunas,2024,2.36
01404,Marismas y humedales,2018,2.36
10101,Playas y dunas,2019,2.363636364
16203,Bosques y matorrales,2023,2.364285714
06201,Playas y dunas,2021,2.373333333
07303,Playas y dunas,2023,2.378571429
10101,Playas y dunas,2023,2.387662338
06203,Playas y dunas,2019,2.39
05103,Marismas y humedales,2022,2.4
06206,Playas y dunas,2021,2.4
10207,Bosques y matorrales,2021,2.4
12103,Bosques y matorrales,2021,2.4
05605,Bosques y matorrales,2023,2.408571429
01101,Bosques y matorrales,2017,2.41
09102,Playas y dunas,2023,2.411428571
10208,Playas y dunas,2023,2.414285714
10202,Marismas y humedales,2023,2.419047619
09117,Marismas y humedales,2018,2.42
10208,Marismas y humedales,2024,2.44
12402,Marismas y humedales,2023,2.462142857
15101,Marismas y humedales,2024,2.465306122
07202,Playas y dunas,2019,2.47
11203,Playas y dunas,2024,2.48
05109,Bosques y matorrales,2020,2.5
07202,Playas y dunas,2020,2.5
10204,Bosques y matorrales,2021,2.51
07103,Bosques y matorrales,2023,2.533571429
05401,Bosques y matorrales,2022,2.55
03102,Playas y dunas,2022,2.55
09117,Marismas y humedales,2017,2.56
11202,Playas y dunas,2020,2.57
12301,Macrocystis,2023,2.57953482
07202,Playas y dunas,2018,2.58
10103,Macrocystis,2024,2.58
10102,Marismas y humedales,2024,2.58
12303,Playas y dunas,2018,2.585
10401,Macrocystis,2023,2.589531571
05605,Marismas y humedales,2017,2.6
01101,Marismas y humedales,2018,2.6
10202,Playas y dunas,2023,2.607142857
10109,Bosques y matorrales,2023,2.627142857
05604,Marismas y humedales,2020,2.63
05605,Marismas y humedales,2020,2.64
05109,Bosques y matorrales,2018,2.64
03101,Bosques y matorrales,2022,2.64
08102,Marismas y humedales,2019,2.65
03303,Bosques y matorrales,2020,2.65
11203,Macrocystis,2023,2.655307581
03303,Bosques y matorrales,2017,2.66
05103,Bosques y matorrales,2022,2.67
05105,Playas y dunas,2022,2.67
03304,Bosques y matorrales,2019,2.67
15101,Bosques y matorrales,2021,2.68
10202,Macrocystis,2024,2.7
02104,Marismas y humedales,2017,2.7
08206,Playas y dunas,2017,2.71
04104,Bosques y matorrales,2017,2.73
03201,Bosques y matorrales,2023,2.747714286
08202,Marismas y humedales,2024,2.76
12104,Bosques y matorrales,2023,2.775714286
08207,Playas y dunas,2017,2.79
03102,Marismas y humedales,2022,2.792857143
05604,Bosques y matorrales,2024,2.81
04203,Bosques y matorrales,2022,2.82
07303,Marismas y humedales,2018,2.83
07203,Bosques y matorrales,2022,2.85
12402,Marismas y humedales,2022,2.879591837
10210,Playas y dunas,2024,2.88
06205,Playas y dunas,2023,2.895
05109,Bosques y matorrales,2017,2.9
05109,Bosques y matorrales,2019,2.9
08207,Playas y dunas,2020,2.9
08207,Playas y dunas,2021,2.9
10101,Bosques y matorrales,2021,2.9
04104,Marismas y humedales,2018,2.9
02301,Marismas y humedales,2018,2.9
07103,Marismas y humedales,2017,2.91
10203,Playas y dunas,2022,2.91
07102,Playas y dunas,2022,2.91
07303,Marismas y humedales,2021,2.945
05101,Playas y dunas,2023,2.964285714
05109,Marismas y humedales,2024,2.982857143
05109,Marismas y humedales,2022,2.982857143
05109,Bosques y matorrales,2022,3
08207,Bosques y matorrales,2022,3
03102,Bosques y matorrales,2017,3.01
05109,Bosques y matorrales,2024,3.02
10202,Marismas y humedales,2021,3.023333333
16202,Playas y dunas,2018,3.03
10401,Macrocystis,2021,3.045707292
10108,Playas y dunas,2022,3.06
12303,Playas y dunas,2017,3.07
07303,Playas y dunas,2024,3.09
03304,Marismas y humedales,2020,3.09
10202,Marismas y humedales,2020,3.09
12301,Macrocystis,2021,3.095873071
07103,Playas y dunas,2019,3.1
10401,Macrocystis,2020,3.100530024
10202,Playas y dunas,2017,3.11
10202,Playas y dunas,2018,3.11
10108,Playas y dunas,2018,3.135
07303,Marismas y humedales,2020,3.14
16202,Playas y dunas,2019,3.14
01101,Marismas y humedales,2023,3.141428571
03201,Bosques y matorrales,2021,3.143102041
07103,Playas y dunas,2023,3.148571429
12301,Macrocystis,2020,3.151598786
03304,Bosques y matorrales,2023,3.153571429
10401,Macrocystis,2019,3.156339564
05105,Playas y dunas,2023,3.165714286
10108,Playas y dunas,2024,3.18
12303,Bosques y matorrales,2021,3.18
10109,Playas y dunas,2019,3.19
03102,Bosques y matorrales,2023,3.190142857
12301,Macrocystis,2019,3.208327564
10401,Macrocystis,2018,3.213153676
08203,Bosques y matorrales,2021,3.235
16202,Playas y dunas,2021,3.245
10108,Marismas y humedales,2018,3.245
12301,Macrocystis,2018,3.26607746
10401,Macrocystis,2017,3.270990442
11203,Macrocystis,2021,3.27923405
08107,Bosques y matorrales,2020,3.3
08110,Playas y dunas,2024,3.3
03101,Marismas y humedales,2022,3.3
10109,Bosques y matorrales,2018,3.31
12301,Macrocystis,2017,3.324866855
11203,Macrocystis,2020,3.338260263
05601,Playas y dunas,2024,3.34
10210,Bosques y matorrales,2021,3.36
08107,Bosques y matorrales,2019,3.38
12102,Bosques y matorrales,2023,3.388571429
06203,Playas y dunas,2022,3.39
11203,Macrocystis,2019,3.398348948
07303,Marismas y humedales,2019,3.4
07103,Playas y dunas,2020,3.4
16202,Playas y dunas,2020,3.4
07102,Marismas y humedales,2024,3.4
08206,Playas y dunas,2024,3.41
03304,Marismas y humedales,2018,3.43
05201,Playas y dunas,2023,3.433457143
08107,Bosques y matorrales,2017,3.45
08107,Bosques y matorrales,2018,3.45
16202,Playas y dunas,2017,3.45
11203,Macrocystis,2018,3.459519229
10202,Marismas y humedales,2017,3.46
10202,Marismas y humedales,2018,3.46
12402,Macrocystis,2022,3.463905667
06201,Playas y dunas,2020,3.47
12301,Playas y dunas,2019,3.48
05605,Bosques y matorrales,2017,3.49
08102,Marismas y humedales,2017,3.5
11203,Macrocystis,2017,3.521790575
10401,Marismas y humedales,2023,3.555
01404,Playas y dunas,2022,3.57
10206,Playas y dunas,2018,3.575
05605,Bosques y matorrales,2018,3.58
05105,Playas y dunas,2017,3.6
05105,Playas y dunas,2018,3.6
04104,Marismas y humedales,2021,3.6
11202,Playas y dunas,2021,3.6
08110,Marismas y humedales,2024,3.61
12301,Playas y dunas,2020,3.61
07103,Playas y dunas,2018,3.62
10202,Marismas y humedales,2019,3.63
03304,Pastos marinos,2024,3.638877325
08110,Marismas y humedales,2017,3.65
10201,Playas y dunas,2022,3.66
12104,Macrocystis,2024,3.66
16202,Marismas y humedales,2023,3.684285714
03304,Pastos marinos,2023,3.685312259
07103,Playas y dunas,2021,3.7
08203,Marismas y humedales,2018,3.7
08201,Marismas y humedales,2017,3.7
08201,Marismas y humedales,2018,3.7
02301,Marismas y humedales,2017,3.7
08206,Bosques y matorrales,2017,3.73
03101,Bosques y matorrales,2018,3.73
10202,Playas y dunas,2019,3.73
03304,Pastos marinos,2022,3.73233974
05602,Marismas y humedales,2023,3.732857143
05605,Bosques y matorrales,2019,3.75
10207,Macrocystis,2023,3.767488289
11202,Marismas y humedales,2024,3.77
03304,Pastos marinos,2021,3.8
08203,Bosques y matorrales,2022,3.78
08203,Marismas y humedales,2023,3.781428571
07303,Marismas y humedales,2017,3.79
07203,Marismas y humedales,2023,3.802857143
03304,Marismas y humedales,2023,3.812857143
03304,Pastos marinos,2020,3.827594916
03304,Pastos marinos,2019,3.875822612
03303,Pastos marinos,2024,3.879100199
12402,Marismas y humedales,2019,3.89
09118,Playas y dunas,2022,3.9
10202,Playas y dunas,2020,3.9
03304,Pastos marinos,2018,3.924657977
03303,Pastos marinos,2023,3.928600567
10206,Bosques y matorrales,2021,3.93
16202,Marismas y humedales,2021,3.93
10203,Playas y dunas,2023,3.942142857
08111,Bosques y matorrales,2021,3.95
05604,Bosques y matorrales,2020,3.97
03304,Pastos marinos,2017,3.974108668
03303,Pastos marinos,2022,3.978732597
03303,Pastos marinos,2021,4
12103,Playas y dunas,2020,4.03
12103,Playas y dunas,2021,4.03
10109,Playas y dunas,2023,4.034285714
08206,Bosques y matorrales,2023,4.047142857
04104,Bosques y matorrales,2020,4.06
07303,Playas y dunas,2018,4.07
07202,Bosques y matorrales,2024,4.07
03303,Pastos marinos,2020,4.080276107
07203,Marismas y humedales,2017,4.09
07203,Marismas y humedales,2021,4.09
16207,Bentonico,2024,4.110164303
16207,Bentonico,2017,4.110164303
16207,Bentonico,2018,4.110164303
16207,Bentonico,2019,4.110164303
16207,Bentonico,2020,4.110164303
16207,Bentonico,2021,4.110164303
16207,Bentonico,2022,4.110164303
16207,Bentonico,2023,4.110164303
06203,Marismas y humedales,2023,4.128571429
03303,Pastos marinos,2019,4.131687586
10101,Playas y dunas,2018,4.16
06205,Bosques y matorrales,2023,4.177142857
06206,Marismas y humedales,2017,4.18
07203,Marismas y humedales,2018,4.18
03303,Pastos marinos,2018,4.18374685
12301,Playas y dunas,2018,4.205
08207,Bosques y matorrales,2021,4.21
05602,Bosques y matorrales,2019,4.22
10101,Playas y dunas,2022,4.225899814
08201,Bosques y matorrales,2021,4.226666667
03303,Pastos marinos,2017,4.23646206
10305,Playas y dunas,2022,4.23877551
07203,Marismas y humedales,2019,4.27
05604,Playas y dunas,2020,4.3
05605,Playas y dunas,2020,4.3
06201,Playas y dunas,2019,4.3
10205,Playas y dunas,2023,4.307142857
16202,Marismas y humedales,2022,4.307755102
15101,Bosques y matorrales,2023,4.341571429
09102,Playas y dunas,2024,4.35
10202,Playas y dunas,2021,4.37
10102,Bosques y matorrales,2021,4.4
12302,Bosques y matorrales,2021,4.4
12103,Macrocystis,2023,4.410885912
05405,Marismas y humedales,2018,4.45
10202,Playas y dunas,2024,4.45
10403,Marismas y humedales,2024,4.46
05405,Marismas y humedales,2023,4.464285714
05109,Marismas y humedales,2018,4.47
03304,Marismas y humedales,2022,4.483265306
05405,Marismas y humedales,2017,4.5
12201,Bosques y matorrales,2021,4.5
05605,Bosques y matorrales,2024,4.53
05605,Bosques y matorrales,2020,4.6
05107,Bosques y matorrales,2021,4.6
10108,Marismas y humedales,2020,4.6
08201,Playas y dunas,2023,4.628095238
16207,Bosques y matorrales,2024,4.64
07202,Playas y dunas,2023,4.654285714
08203,Playas y dunas,2023,4.658571429
14106,Bentonico,2024,4.672330013
14106,Bentonico,2017,4.672330013
14106,Bentonico,2018,4.672330013
14106,Bentonico,2019,4.672330013
14106,Bentonico,2020,4.672330013
14106,Bentonico,2021,4.672330013
14106,Bentonico,2022,4.672330013
14106,Bentonico,2023,4.672330013
12103,Playas y dunas,2023,4.682142857
16202,Marismas y humedales,2019,4.7
03201,Marismas y humedales,2018,4.7
03304,Bosques y matorrales,2017,4.7
12103,Playas y dunas,2017,4.7
10109,Playas y dunas,2022,4.707755102
08111,Playas y dunas,2023,4.71
10401,Marismas y humedales,2019,4.72
09102,Playas y dunas,2019,4.728285714
09102,Playas y dunas,2020,4.728285714
09102,Playas y dunas,2021,4.728285714
02104,Marismas y humedales,2020,4.73
03303,Marismas y humedales,2018,4.74
10203,Playas y dunas,2019,4.75
10203,Playas y dunas,2018,4.775
10203,Playas y dunas,2017,4.8
10203,Playas y dunas,2021,4.8
05107,Bosques y matorrales,2024,4.82
05604,Playas y dunas,2019,4.83
05605,Playas y dunas,2019,4.83
10401,Marismas y humedales,2018,4.895
08203,Marismas y humedales,2019,4.9
10208,Marismas y humedales,2023,4.900714286
10109,Bosques y matorrales,2020,4.92
08201,Marismas y humedales,2023,4.92
12402,Marismas y humedales,2018,4.925
12301,Playas y dunas,2017,4.93
12301,Playas y dunas,2021,4.93
10202,Bosques y matorrales,2021,4.943333333
06201,Playas y dunas,2017,4.98
16207,Bosques y matorrales,2022,5.01
10207,Macrocystis,2021,5.012747109
16202,Marismas y humedales,2020,5.05
10401,Marismas y humedales,2017,5.07
10401,Marismas y humedales,2020,5.07
10401,Marismas y humedales,2021,5.07
05602,Marismas y humedales,2017,5.08
05602,Marismas y humedales,2018,5.08
05105,Bosques y matorrales,2021,5.08
10207,Macrocystis,2020,5.102976557
05405,Marismas y humedales,2022,5.109183673
10106,Bosques y matorrales,2021,5.11
06203,Marismas y humedales,2020,5.12
08203,Marismas y humedales,2021,5.12
10201,Bosques y matorrales,2021,5.14
16202,Marismas y humedales,2018,5.17
10108,Marismas y humedales,2024,5.17
10108,Playas y dunas,2019,5.17
06203,Marismas y humedales,2021,5.18
10207,Macrocystis,2019,5.194830135
10208,Macrocystis,2023,5.199363093
05101,Playas y dunas,2019,5.22
05101,Playas y dunas,2020,5.23
05602,Marismas y humedales,2019,5.25
06206,Bosques y matorrales,2020,5.27
05201,Playas y dunas,2017,5.277811429
05201,Playas y dunas,2018,5.277811429
05201,Playas y dunas,2019,5.277811429
10207,Macrocystis,2018,5.288337077
05101,Marismas y humedales,2023,5.298571429
12102,Bosques y matorrales,2017,5.3
05602,Marismas y humedales,2020,5.3
05602,Marismas y humedales,2021,5.3
08201,Marismas y humedales,2019,5.3
07202,Marismas y humedales,2023,5.33
08102,Marismas y humedales,2023,5.341666667
05201,Playas y dunas,2022,5.3525
10207,Macrocystis,2017,5.383527145
05605,Playas y dunas,2024,5.42
08112,Bosques y matorrales,2022,5.43
10403,Playas y dunas,2022,5.43
16207,Bosques y matorrales,2017,5.48
07309,Bosques y matorrales,2021,5.53
06201,Playas y dunas,2018,5.53
10203,Playas y dunas,2020,5.56
11303,Playas y dunas,2018,5.565
09116,Pastos marinos,2024,5.575627948
10108,Marismas y humedales,2019,5.59
04101,Playas y dunas,2018,5.61
09116,Pastos marinos,2023,5.646777343
08203,Playas y dunas,2018,5.67
05102,Playas y dunas,2023,5.684285714
05101,Marismas y humedales,2018,5.7
08203,Playas y dunas,2019,5.7
03303,Marismas y humedales,2017,5.7
12102,Bosques y matorrales,2021,5.708095238
12102,Bosques y matorrales,2022,5.708095238
09116,Pastos marinos,2022,5.71883466
10207,Macrocystis,2024,5.75
08201,Playas y dunas,2017,5.76
08201,Playas y dunas,2018,5.76
07103,Bosques y matorrales,2017,5.77
08201,Marismas y humedales,2022,5.784285714
09116,Pastos marinos,2021,5.8
05101,Marismas y humedales,2017,5.8
09116,Pastos marinos,2020,5.864788309
12102,Bosques y matorrales,2018,5.9
08207,Marismas y humedales,2018,5.9
10401,Playas y dunas,2019,5.9
05107,Marismas y humedales,2023,5.907142857
09116,Pastos marinos,2019,5.938684642
05107,Bosques y matorrales,2020,5.95
12103,Macrocystis,2021,5.956897048
12402,Marismas y humedales,2017,5.96
08207,Marismas y humedales,2023,5.977142857
09116,Pastos marinos,2018,6.013512068
05102,Marismas y humedales,2023,6.014761905
12102,Bosques y matorrales,2020,6.02
08203,Marismas y humedales,2020,6.02
07103,Bosques y matorrales,2022,6.03
06206,Bosques y matorrales,2018,6.03
12402,Bosques y matorrales,2020,6.03
07309,Playas y dunas,2022,6.06
12103,Macrocystis,2020,6.064121194
09116,Pastos marinos,2017,6.08928232
06203,Marismas y humedales,2017,6.1
06203,Marismas y humedales,2018,6.1
08201,Playas y dunas,2019,6.1
08102,Marismas y humedales,2022,6.117619048
02101,Marismas y humedales,2023,6.121428571
12303,Marismas y humedales,2022,6.15
12103,Macrocystis,2019,6.173275376
04104,Bosques y matorrales,2023,6.194285714
05405,Marismas y humedales,2019,6.2
04101,Bosques y matorrales,2021,6.2
10208,Marismas y humedales,2019,6.2
05401,Playas y dunas,2023,6.2
10109,Playas y dunas,2020,6.21
03304,Bosques y matorrales,2018,6.21
06203,Marismas y humedales,2019,6.22
12303,Playas y dunas,2023,6.229285714
12101,Bosques y matorrales,2021,6.23
10401,Playas y dunas,2023,6.248571429
08202,Bosques y matorrales,2020,6.26
12103,Macrocystis,2018,6.284394333
05604,Playas y dunas,2024,6.3
05405,Bosques y matorrales,2023,6.382857143
10208,Marismas y humedales,2020,6.39
10208,Marismas y humedales,2021,6.39
12103,Macrocystis,2017,6.397513431
05103,Playas y dunas,2018,6.4
02104,Marismas y humedales,2019,6.4
08202,Marismas y humedales,2023,6.415714286
07303,Bosques y matorrales,2021,6.43
07203,Bosques y matorrales,2024,6.46
06206,Bosques y matorrales,2019,6.48
12102,Bosques y matorrales,2019,6.5
10101,Marismas y humedales,2024,6.52
10403,Playas y dunas,2020,6.53
07103,Bosques y matorrales,2024,6.56
08203,Playas y dunas,2017,6.6
08102,Marismas y humedales,2021,6.628333333
05602,Bosques y matorrales,2024,6.63
08207,Marismas y humedales,2019,6.64
08111,Marismas y humedales,2022,6.69
08203,Marismas y humedales,2017,6.7
01404,Bosques y matorrales,2023,6.734714286
05109,Bentonico,2024,6.737173423
05109,Bentonico,2017,6.737173423
05109,Bentonico,2018,6.737173423
05109,Bentonico,2019,6.737173423
05109,Bentonico,2020,6.737173423
05109,Bentonico,2021,6.737173423
05109,Bentonico,2022,6.737173423
05109,Bentonico,2023,6.737173423
08102,Bosques y matorrales,2022,6.75
08201,Bosques y matorrales,2022,6.75
09116,Bosques y matorrales,2024,6.77
07102,Bosques y matorrales,2021,6.793333333
07309,Marismas y humedales,2023,6.8
05105,Marismas y humedales,2023,6.801428571
05603,Bosques y matorrales,2022,6.81
07202,Bosques y matorrales,2022,6.81
08206,Bosques y matorrales,2024,6.83
08102,Bosques y matorrales,2023,6.841904762
05105,Bosques y matorrales,2024,6.87
05103,Playas y dunas,2023,6.887142857
10208,Marismas y humedales,2018,6.915
05401,Playas y dunas,2024,6.94
16202,Marismas y humedales,2017,6.94
07202,Bentonico,2024,6.9480726
07202,Bentonico,2017,6.9480726
07202,Bentonico,2018,6.9480726
07202,Bentonico,2019,6.9480726
07202,Bentonico,2020,6.9480726
07202,Bentonico,2021,6.9480726
07202,Bentonico,2022,6.9480726
07202,Bentonico,2023,6.9480726
05602,Bosques y matorrales,2020,6.96
10109,Bosques y matorrales,2022,6.973877551
04104,Marismas y humedales,2019,6.99
08202,Marismas y humedales,2020,7
06205,Marismas y humedales,2023,7.003571429
08207,Playas y dunas,2024,7.01
10208,Macrocystis,2021,7.015946845
08201,Playas y dunas,2020,7.03
08203,Playas y dunas,2021,7.05
08102,Marismas y humedales,2020,7.053333333
10206,Playas y dunas,2017,7.06
02101,Marismas y humedales,2022,7.073061224
04104,Bosques y matorrales,2024,7.079183673
10205,Macrocystis,2022,7.14
12102,Bosques y matorrales,2024,7.14
10208,Macrocystis,2020,7.142233889
06201,Playas y dunas,2024,7.15
05602,Bosques y matorrales,2023,7.178571429
05101,Marismas y humedales,2019,7.18
05101,Marismas y humedales,2020,7.18
03304,Bosques y matorrales,2022,7.2
07303,Playas y dunas,2019,7.2
08110,Bosques y matorrales,2022,7.23
11203,Bosques y matorrales,2023,7.242857143
10206,Playas y dunas,2024,7.26
10208,Macrocystis,2019,7.270794099
05405,Marismas y humedales,2020,7.4
05107,Marismas y humedales,2017,7.4
05107,Marismas y humedales,2018,7.4
03102,Marismas y humedales,2018,7.4
10208,Macrocystis,2018,7.401668392
10101,Playas y dunas,2017,7.44
05101,Bentonico,2024,7.474301777
05101,Bentonico,2017,7.474301777
05101,Bentonico,2018,7.474301777
05101,Bentonico,2019,7.474301777
05101,Bentonico,2020,7.474301777
05101,Bentonico,2021,7.474301777
05101,Bentonico,2022,7.474301777
05101,Bentonico,2023,7.474301777
08112,Bosques y matorrales,2023,7.481428571
04203,Playas y dunas,2023,7.491428571
12303,Macrocystis,2023,7.498062159
05602,Bosques y matorrales,2017,7.5
08203,Playas y dunas,2020,7.5
03102,Marismas y humedales,2017,7.5
10208,Playas y dunas,2022,7.5
10208,Macrocystis,2017,7.534898423
05401,Playas y dunas,2020,7.54
04101,Bosques y matorrales,2023,7.552857143
08201,Playas y dunas,2021,7.566666667
07202,Marismas y humedales,2018,7.57
05602,Bosques y matorrales,2018,7.6
05102,Marismas y humedales,2017,7.6
05102,Marismas y humedales,2018,7.6
05102,Marismas y humedales,2019,7.6
05401,Playas y dunas,2021,7.6
10208,Marismas y humedales,2017,7.63
05403,Bosques y matorrales,2020,7.65
05105,Marismas y humedales,2017,7.66
05107,Bosques y matorrales,2017,7.68
05201,Playas y dunas,2020,7.6896
05201,Playas y dunas,2021,7.6896
01404,Bosques y matorrales,2024,7.696816327
05105,Marismas y humedales,2018,7.7
05401,Playas y dunas,2019,7.7
10205,Marismas y humedales,2022,7.77
05107,Bosques y matorrales,2018,7.78
07202,Marismas y humedales,2019,7.78
05109,Marismas y humedales,2017,7.79
05105,Marismas y humedales,2022,7.790204082
08202,Marismas y humedales,2018,7.8
05403,Bosques y matorrales,2023,7.831428571
05405,Bosques y matorrales,2020,7.86
02104,Marismas y humedales,2023,7.878571429
07203,Bosques y matorrales,2021,7.88
05105,Bosques y matorrales,2023,7.891428571
10401,Playas y dunas,2018,7.9
05101,Playas y dunas,2022,7.92
16202,Playas y dunas,2024,7.94
02101,Bosques y matorrales,2017,7.952
07103,Playas y dunas,2017,7.98
05603,Marismas y humedales,2019,8
05606,Playas y dunas,2018,8
12103,Playas y dunas,2019,8.015
08102,Bosques y matorrales,2019,8.04
05107,Marismas y humedales,2019,8.05
05606,Playas y dunas,2024,8.12
16203,Bosques y matorrales,2024,8.13
10303,Playas y dunas,2024,8.21
07203,Bosques y matorrales,2018,8.24
04101,Playas y dunas,2017,8.25
05107,Playas y dunas,2023,8.301428571
06201,Marismas y humedales,2023,8.303333333
05107,Marismas y humedales,2021,8.34
05105,Bosques y matorrales,2020,8.45
06203,Bosques y matorrales,2022,8.46
05107,Bosques y matorrales,2019,8.46
05105,Playas y dunas,2019,8.5
16203,Bosques y matorrales,2017,8.51
08102,Bosques y matorrales,2020,8.566666667
06205,Marismas y humedales,2021,8.6
11201,Playas y dunas,2019,8.64
05105,Bosques y matorrales,2019,8.69
06206,Bosques y matorrales,2023,8.691428571
05405,Marismas y humedales,2021,8.7
11303,Macrocystis,2022,8.73
07202,Marismas y humedales,2020,8.8
05104,Playas y dunas,2023,8.810728571
08202,Bosques y matorrales,2017,8.87
04101,Bosques y matorrales,2020,8.88
05107,Playas y dunas,2018,8.9
04203,Playas y dunas,2018,8.9
06203,Bosques y matorrales,2023,8.917857143
10109,Bosques y matorrales,2017,8.92
10403,Playas y dunas,2023,8.926428571
02101,Marismas y humedales,2018,8.97
07309,Marismas y humedales,2019,8.99
04203,Playas y dunas,2017,9
08202,Marismas y humedales,2019,9
14102,Playas y dunas,2024,9.01
12401,Macrocystis,2022,9.06
05403,Bosques y matorrales,2024,9.11
05107,Playas y dunas,2017,9.11
05401,Playas y dunas,2017,9.11
05401,Playas y dunas,2018,9.11
09116,Bosques y matorrales,2022,9.12
10102,Bosques y matorrales,2022,9.18
10109,Playas y dunas,2021,9.23
05102,Marismas y humedales,2020,9.23
08102,Bosques y matorrales,2018,9.26
06205,Marismas y humedales,2017,9.3
06205,Marismas y humedales,2018,9.3
08202,Marismas y humedales,2021,9.3
08202,Playas y dunas,2021,9.31
05605,Marismas y humedales,2018,9.32
03303,Bosques y matorrales,2018,9.33
09102,Bosques y matorrales,2018,9.36
07309,Marismas y humedales,2018,9.37
05601,Bosques y matorrales,2023,9.37
08207,Marismas y humedales,2020,9.4
08207,Marismas y humedales,2021,9.4
05606,Playas y dunas,2017,9.42
10306,Playas y dunas,2022,9.429591837
08202,Playas y dunas,2020,9.43
10109,Playas y dunas,2017,9.44
04301,Bosques y matorrales,2023,9.484285714
09102,Bosques y matorrales,2020,9.54
04101,Marismas y humedales,2021,9.54
09116,Playas y dunas,2024,9.54
08202,Playas y dunas,2019,9.55
07309,Marismas y humedales,2020,9.58
07309,Marismas y humedales,2021,9.58
05107,Playas y dunas,2021,9.62
05102,Bosques y matorrales,2023,9.63
15102,Bosques y matorrales,2022,9.63
05105,Marismas y humedales,2019,9.63
02104,Bosques y matorrales,2017,9.72
05107,Playas y dunas,2024,9.73
10106,Bentonico,2024,9.741693072
10106,Bentonico,2017,9.741693072
10106,Bentonico,2018,9.741693072
10106,Bentonico,2019,9.741693072
10106,Bentonico,2020,9.741693072
10106,Bentonico,2021,9.741693072
10106,Bentonico,2022,9.741693072
10106,Bentonico,2023,9.741693072
08107,Bosques y matorrales,2024,9.76
02104,Bosques y matorrales,2023,9.762142857
05107,Marismas y humedales,2020,9.77
05102,Marismas y humedales,2021,9.773333333
04301,Bosques y matorrales,2019,9.8
11201,Playas y dunas,2021,9.825
05105,Bosques y matorrales,2022,9.84
12303,Macrocystis,2021,9.865672127
07309,Bosques y matorrales,2022,9.87
09102,Bosques y matorrales,2019,9.87
07309,Marismas y humedales,2017,9.9
10401,Playas y dunas,2017,9.9
10401,Playas y dunas,2020,9.9
10401,Playas y dunas,2021,9.9
07202,Bosques y matorrales,2017,9.95
07203,Marismas y humedales,2020,9.96
05405,Playas y dunas,2024,10.04
12303,Macrocystis,2020,10.04325423
10108,Bosques y matorrales,2022,10.05
12303,Marismas y humedales,2024,10.05
14102,Bosques y matorrales,2022,10.08
09117,Bosques y matorrales,2021,10.1
05606,Playas y dunas,2023,10.16
06205,Marismas y humedales,2019,10.195
12303,Macrocystis,2019,10.2240328
05601,Bosques y matorrales,2021,10.31
09116,Bosques y matorrales,2021,10.31
05107,Playas y dunas,2020,10.37
05405,Bosques y matorrales,2019,10.4
10403,Playas y dunas,2018,10.405
12303,Macrocystis,2018,10.40806539
08207,Marismas y humedales,2017,10.47
08201,Marismas y humedales,2020,10.47
05405,Bosques y matorrales,2024,10.48
10101,Playas y dunas,2024,10.48
05403,Marismas y humedales,2023,10.50428571
05403,Bosques y matorrales,2019,10.52
03101,Playas y dunas,2022,10.53
07103,Playas y dunas,2024,10.56
07102,Marismas y humedales,2023,10.56285714
12303,Macrocystis,2017,10.59541057
08106,Bosques y matorrales,2024,10.67
15101,Marismas y humedales,2017,10.7
06201,Marismas y humedales,2020,10.71
04101,Bosques y matorrales,2019,10.72
02104,Bosques y matorrales,2021,10.72
02104,Bosques y matorrales,2020,10.735
05601,Bosques y matorrales,2022,10.77857143
14201,Playas y dunas,2024,10.85
12302,Bosques y matorrales,2022,10.86
10403,Macrocystis,2024,10.89
06201,Marismas y humedales,2021,10.91333333
12301,Marismas y humedales,2022,10.92
05103,Bentonico,2024,10.94140378
05103,Bentonico,2017,10.94140378
05103,Bentonico,2018,10.94140378
05103,Bentonico,2019,10.94140378
05103,Bentonico,2020,10.94140378
05103,Bentonico,2021,10.94140378
05103,Bentonico,2022,10.94140378
05103,Bentonico,2023,10.94140378
05101,Marismas y humedales,2021,10.96
10401,Marismas y humedales,2024,10.97
05105,Marismas y humedales,2020,11.02
05605,Playas y dunas,2023,11.03142857
06205,Marismas y humedales,2020,11.09
11303,Playas y dunas,2017,11.13
05107,Bosques y matorrales,2023,11.19428571
05405,Playas y dunas,2018,11.2
06201,Marismas y humedales,2017,11.2
08102,Bosques y matorrales,2024,11.22
08201,Marismas y humedales,2021,11.27
08106,Bosques y matorrales,2023,11.31428571
04203,Playas y dunas,2019,11.33
04203,Playas y dunas,2020,11.33
11303,Macrocystis,2023,11.34595683
05606,Marismas y humedales,2023,11.38714286
05403,Marismas y humedales,2017,11.45
05403,Marismas y humedales,2018,11.5
06201,Marismas y humedales,2018,11.52
06205,Bosques y matorrales,2020,11.53
12302,Playas y dunas,2021,11.55
04102,Marismas y humedales,2021,11.56
12103,Marismas y humedales,2024,11.56
05105,Bosques y matorrales,2017,11.59
05105,Bosques y matorrales,2018,11.59
05405,Bosques y matorrales,2018,11.6
05105,Marismas y humedales,2021,11.6
08202,Marismas y humedales,2017,11.6
05601,Bosques y matorrales,2018,11.63
05405,Bosques y matorrales,2017,11.64
04203,Playas y dunas,2021,11.67
08206,Bentonico,2024,11.69848772
08206,Bentonico,2017,11.69848772
08206,Bentonico,2018,11.69848772
08206,Bentonico,2019,11.69848772
08206,Bentonico,2020,11.69848772
08206,Bentonico,2021,11.69848772
08206,Bentonico,2022,11.69848772
08206,Bentonico,2023,11.69848772
09117,Bosques y matorrales,2024,11.85
12103,Playas y dunas,2018,12
05403,Marismas y humedales,2022,12.03918367
07102,Marismas y humedales,2018,12.07
09102,Bosques y matorrales,2023,12.07142857
08107,Bosques y matorrales,2023,12.07809524
05604,Playas y dunas,2023,12.13285714
12401,Bosques y matorrales,2021,12.18
07202,Marismas y humedales,2021,12.25
07202,Bosques y matorrales,2023,12.26428571
12301,Marismas y humedales,2020,12.3
06201,Playas y dunas,2023,12.43904762
04104,Bosques y matorrales,2018,12.49
06203,Bosques y matorrales,2019,12.6
04102,Bosques y matorrales,2021,12.62
05403,Playas y dunas,2024,12.71
08106,Bosques y matorrales,2017,12.77
08106,Bosques y matorrales,2018,12.77
05606,Playas y dunas,2022,12.77142857
09118,Bosques y matorrales,2023,12.81357143
11202,Macrocystis,2023,12.90054801
06201,Marismas y humedales,2019,12.94
07102,Marismas y humedales,2017,13
06205,Bosques y matorrales,2018,13.03
06203,Bosques y matorrales,2020,13.1
16202,Bosques y matorrales,2021,13.12
04202,Bosques y matorrales,2017,13.12
04202,Bosques y matorrales,2018,13.12
06203,Bosques y matorrales,2017,13.18
06203,Bosques y matorrales,2018,13.18
05606,Marismas y humedales,2022,13.22530612
04102,Bosques y matorrales,2022,13.23
08102,Bosques y matorrales,2017,13.25
07102,Marismas y humedales,2019,13.26
04101,Bosques y matorrales,2018,13.29
04101,Bosques y matorrales,2017,13.3
04102,Marismas y humedales,2019,13.41
05201,Bosques y matorrales,2023,13.49804286
05606,Marismas y humedales,2018,13.5
05606,Marismas y humedales,2017,13.53
16202,Bosques y matorrales,2022,13.62
04301,Bosques y matorrales,2017,13.63
11303,Macrocystis,2021,13.63843825
11201,Playas y dunas,2018,13.645
06205,Playas y dunas,2022,13.71
08110,Bosques y matorrales,2023,13.80428571
04301,Bosques y matorrales,2021,13.88
11303,Macrocystis,2020,13.88393014
12302,Marismas y humedales,2023,13.92428571
04301,Bosques y matorrales,2018,14
06201,Bosques y matorrales,2021,14.01666667
11303,Macrocystis,2019,14.13384089
09116,Bosques y matorrales,2023,14.23428571
08106,Bosques y matorrales,2019,14.27
08202,Bosques y matorrales,2021,14.27
08106,Bosques y matorrales,2020,14.38
11303,Macrocystis,2018,14.38825002
04202,Bosques y matorrales,2019,14.48
04202,Bosques y matorrales,2020,14.56
12302,Playas y dunas,2019,14.58
04301,Bosques y matorrales,2020,14.63
11303,Macrocystis,2017,14.64723852
08112,Bosques y matorrales,2020,14.72
08112,Bosques y matorrales,2018,14.79
08112,Bosques y matorrales,2019,14.92
05104,Playas y dunas,2024,14.9526
07303,Bosques y matorrales,2024,14.97
05403,Marismas y humedales,2020,15
08106,Pastos marinos,2024,15.11587078
07102,Playas y dunas,2023,15.13857143
05606,Bosques y matorrales,2021,15.23
02104,Bosques y matorrales,2019,15.26
14101,Playas y dunas,2023,15.28642857
07102,Bosques y matorrales,2024,15.29
08106,Pastos marinos,2023,15.30876117
05104,Playas y dunas,2017,15.34368571
05104,Playas y dunas,2018,15.34368571
05104,Playas y dunas,2019,15.34368571
08106,Pastos marinos,2022,15.50411299
04202,Bosques y matorrales,2021,15.6
04202,Playas y dunas,2017,15.66
04202,Playas y dunas,2018,15.7
08106,Pastos marinos,2021,15.7
09117,Playas y dunas,2024,15.73
12302,Marismas y humedales,2021,15.8
08106,Pastos marinos,2020,15.89980233
05102,Bosques y matorrales,2020,15.93
02102,Bosques y matorrales,2023,15.96857143
05101,Bosques y matorrales,2023,16.07857143
10401,Macrocystis,2024,16.09
08106,Pastos marinos,2019,16.10013984
04101,Marismas y humedales,2019,16.17
05602,Playas y dunas,2024,16.19
07303,Bosques y matorrales,2017,16.2
07102,Marismas y humedales,2020,16.28
08106,Pastos marinos,2018,16.3030016
05403,Bosques y matorrales,2017,16.49
08106,Pastos marinos,2017,16.50841942
05102,Bosques y matorrales,2019,16.54
05102,Bosques y matorrales,2018,16.59
09102,Playas y dunas,2017,16.6
12302,Marismas y humedales,2018,16.6
05102,Bosques y matorrales,2017,16.64
07303,Bosques y matorrales,2023,16.72142857
05401,Bosques y matorrales,2023,16.74571429
05403,Bosques y matorrales,2018,16.9
08202,Playas y dunas,2023,16.98428571
11202,Macrocystis,2021,17.2485417
07102,Playas y dunas,2017,17.27
03102,Bosques y matorrales,2022,17.34
12302,Bosques y matorrales,2023,17.49714286
05401,Bosques y matorrales,2017,17.55
11202,Macrocystis,2020,17.55901545
08102,Marismas y humedales,2018,17.56
05606,Marismas y humedales,2019,17.56
05606,Marismas y humedales,2020,17.56
05606,Marismas y humedales,2021,17.56
05104,Playas y dunas,2020,17.5788
05104,Playas y dunas,2021,17.5788
08202,Bosques y matorrales,2022,17.58
03201,Bosques y matorrales,2022,17.58
07303,Bosques y matorrales,2018,17.67
05403,Marismas y humedales,2021,17.7
03304,Marismas y humedales,2017,17.7
10208,Macrocystis,2024,17.75
10203,Playas y dunas,2024,17.79
04101,Marismas y humedales,2023,17.79714286
05104,Playas y dunas,2022,17.7975
08110,Bosques y matorrales,2019,17.82
11201,Macrocystis,2022,17.82
04202,Playas y dunas,2023,17.83142857
02104,Marismas y humedales,2018,17.84
11202,Macrocystis,2019,17.87507773
05403,Marismas y humedales,2019,17.88
06206,Bosques y matorrales,2024,17.89
05606,Playas y dunas,2019,17.9
05606,Playas y dunas,2020,17.9
05606,Playas y dunas,2021,17.9
07303,Bosques y matorrales,2019,17.92
05401,Bosques y matorrales,2024,17.93
11203,Macrocystis,2024,18.01
07303,Bosques y matorrales,2020,18.03
01101,Marismas y humedales,2017,18.05
05103,Pastos marinos,2024,18.06013246
11201,Macrocystis,2023,18.10064393
08110,Bosques y matorrales,2018,18.14
11202,Macrocystis,2018,18.19682913
12301,Marismas y humedales,2023,18.23857143
05103,Pastos marinos,2023,18.29059394
08110,Bosques y matorrales,2020,18.32
12302,Playas y dunas,2018,18.34
09116,Bosques y matorrales,2017,18.4
09102,Bentonico,2024,18.41169291
09102,Bentonico,2017,18.41169291
09102,Bentonico,2018,18.41169291
09102,Bentonico,2019,18.41169291
09102,Bentonico,2020,18.41169291
09102,Bentonico,2021,18.41169291
09102,Bentonico,2022,18.41169291
09102,Bentonico,2023,18.41169291
05603,Bentonico,2024,18.41270805
05603,Bentonico,2017,18.41270805
05603,Bentonico,2018,18.41270805
05603,Bentonico,2019,18.41270805
05603,Bentonico,2020,18.41270805
05603,Bentonico,2021,18.41270805
05603,Bentonico,2022,18.41270805
05603,Bentonico,2023,18.41270805
05103,Pastos marinos,2022,18.52399629
11202,Macrocystis,2017,18.52437206
11201,Playas y dunas,2017,18.65
12301,Macrocystis,2024,18.67
08203,Bosques y matorrales,2023,18.75785714
05103,Pastos marinos,2021,18.8
04102,Bosques y matorrales,2023,18.93714286
09118,Playas y dunas,2024,18.95
04102,Bosques y matorrales,2019,18.95
05103,Pastos marinos,2020,18.9967578
05101,Bosques y matorrales,2019,19.16
05101,Bosques y matorrales,2020,19.16
05103,Pastos marinos,2019,19.23611694
08206,Bosques y matorrales,2022,19.26
08112,Bosques y matorrales,2024,19.26
11303,Marismas y humedales,2022,19.29
07102,Marismas y humedales,2021,19.3
10403,Playas y dunas,2017,19.31
10403,Playas y dunas,2021,19.31
06203,Bosques y matorrales,2024,19.33
10305,Bosques y matorrales,2023,19.40428571
12104,Bosques y matorrales,2019,19.43
05103,Pastos marinos,2018,19.47849202
05107,Playas y dunas,2019,19.51
07309,Bosques y matorrales,2023,19.56142857
11201,Playas y dunas,2020,19.65
05103,Pastos marinos,2017,19.72392102
06206,Bosques y matorrales,2017,19.73
04203,Bosques y matorrales,2024,19.74
05102,Bosques y matorrales,2024,19.75
02104,Bosques y matorrales,2018,19.8
06205,Bosques y matorrales,2024,19.94
09116,Bosques y matorrales,2018,19.94
09118,Bosques y matorrales,2020,20.13
12402,Bosques y matorrales,2023,20.32071429
05601,Bosques y matorrales,2020,20.39
09116,Bosques y matorrales,2020,20.39
11201,Marismas y humedales,2022,20.49
07102,Playas y dunas,2018,20.54
10303,Playas y dunas,2023,20.60357143
07203,Bosques y matorrales,2023,20.66
05606,Bosques y matorrales,2023,20.84428571
11201,Macrocystis,2021,21.00691705
12101,Bentonico,2024,21.05270465
12101,Bentonico,2017,21.05270465
12101,Bentonico,2018,21.05270465
12101,Bentonico,2019,21.05270465
12101,Bentonico,2020,21.05270465
12101,Bentonico,2021,21.05270465
12101,Bentonico,2022,21.05270465
12101,Bentonico,2023,21.05270465
10206,Bosques y matorrales,2022,21.06
11201,Macrocystis,2020,21.38504156
09118,Bosques y matorrales,2017,21.41
05601,Bosques y matorrales,2019,21.48
09116,Bosques y matorrales,2019,21.48
04202,Bosques y matorrales,2023,21.48714286
07102,Playas y dunas,2019,21.49
05201,Bosques y matorrales,2022,21.6325
07102,Playas y dunas,2020,21.75
11201,Macrocystis,2019,21.76997231
04202,Playas y dunas,2020,21.79
02104,Marismas y humedales,2021,21.86
07202,Bosques y matorrales,2018,21.93
06206,Bosques y matorrales,2022,21.96
09117,Bosques y matorrales,2023,22.01
07102,Playas y dunas,2021,22.01
12302,Playas y dunas,2017,22.1
11201,Macrocystis,2018,22.16183181
09118,Bosques y matorrales,2018,22.165
07202,Bosques y matorrales,2020,22.24
04104,Bosques y matorrales,2022,22.32
05601,Bentonico,2024,22.34401625
05601,Bentonico,2017,22.34401625
05601,Bentonico,2018,22.34401625
05601,Bentonico,2019,22.34401625
05601,Bentonico,2020,22.34401625
05601,Bentonico,2021,22.34401625
05601,Bentonico,2022,22.34401625
05601,Bentonico,2023,22.34401625
07202,Playas y dunas,2017,22.4
04101,Marismas y humedales,2020,22.4
05602,Bosques y matorrales,2022,22.47
12302,Bosques y matorrales,2017,22.5
12302,Bosques y matorrales,2020,22.5
11201,Macrocystis,2017,22.56074478
09118,Bosques y matorrales,2019,22.92
05101,Bosques y matorrales,2018,22.93
05101,Bosques y matorrales,2017,22.94
12301,Playas y dunas,2023,22.94214286
12302,Playas y dunas,2020,23.1
07202,Bosques y matorrales,2019,23.34
09102,Pastos marinos,2024,23.47515362
15101,Bosques y matorrales,2022,23.52
08106,Bosques y matorrales,2022,23.61
05401,Bosques y matorrales,2021,23.7
05201,Bosques y matorrales,2017,23.72164857
05201,Bosques y matorrales,2018,23.72164857
05201,Bosques y matorrales,2019,23.72164857
09102,Pastos marinos,2023,23.77471503
12402,Macrocystis,2024,23.78
14106,Bosques y matorrales,2022,23.94
05401,Bosques y matorrales,2019,24.06
09102,Pastos marinos,2022,24.07809907
11303,Playas y dunas,2019,24.1725
05401,Bosques y matorrales,2020,24.19
11303,Playas y dunas,2023,24.29678571
09102,Pastos marinos,2021,24.4
04203,Bosques y matorrales,2023,24.40714286
08201,Playas y dunas,2024,24.45
04101,Playas y dunas,2020,24.5
12301,Marismas y humedales,2019,24.6
09102,Pastos marinos,2020,24.69261001
05201,Bosques y matorrales,2020,24.7419
05201,Bosques y matorrales,2021,24.7419
08107,Bentonico,2024,24.75549971
08107,Bentonico,2017,24.75549971
08107,Bentonico,2018,24.75549971
08107,Bentonico,2019,24.75549971
08107,Bentonico,2020,24.75549971
08107,Bentonico,2021,24.75549971
08107,Bentonico,2022,24.75549971
08107,Bentonico,2023,24.75549971
05606,Bosques y matorrales,2024,24.91
09102,Pastos marinos,2019,25.00373689
04203,Bosques y matorrales,2021,25.07
05401,Bosques y matorrales,2018,25.17
09102,Pastos marinos,2018,25.31878398
09102,Pastos marinos,2017,25.63780066
04202,Playas y dunas,2024,25.66
12301,Marismas y humedales,2018,25.81
04203,Pastos marinos,2024,25.98691426
04203,Pastos marinos,2023,26.31852771
05101,Bosques y matorrales,2024,26.33
09118,Bosques y matorrales,2024,26.41
04203,Pastos marinos,2022,26.65437281
04101,Playas y dunas,2023,26.90857143
04203,Pastos marinos,2021,27
12301,Marismas y humedales,2017,27.02
12301,Marismas y humedales,2021,27.02
04203,Pastos marinos,2020,27.3346343
05606,Bosques y matorrales,2022,27.38061224
05101,Bosques y matorrales,2022,27.66
04203,Pastos marinos,2019,27.67905069
09117,Bosques y matorrales,2022,27.75
10109,Bosques y matorrales,2024,27.8
10210,Bosques y matorrales,2022,27.96
04203,Pastos marinos,2018,28.027806729999998
09117,Bosques y matorrales,2017,28.09
02301,Playas y dunas,2022,28.23
12302,Bosques y matorrales,2018,28.24
08203,Bosques y matorrales,2020,28.37
04203,Pastos marinos,2017,28.3809571
11303,Bosques y matorrales,2021,28.4
07309,Bosques y matorrales,2017,28.49
10305,Playas y dunas,2024,28.54
12103,Playas y dunas,2022,28.59387755
04102,Bosques y matorrales,2020,28.6
09117,Bosques y matorrales,2018,28.66
10104,Bosques y matorrales,2023,28.88428571
08203,Bosques y matorrales,2024,29.13
10205,Playas y dunas,2022,29.13
09117,Bosques y matorrales,2019,29.23
10303,Bosques y matorrales,2023,29.445
10305,Bosques y matorrales,2022,29.44918367
08112,Bentonico,2024,29.50942839
08112,Bentonico,2017,29.50942839
08112,Bentonico,2018,29.50942839
08112,Bentonico,2019,29.50942839
08112,Bentonico,2020,29.50942839
08112,Bentonico,2021,29.50942839
08112,Bentonico,2022,29.50942839
08112,Bentonico,2023,29.50942839
07203,Playas y dunas,2020,29.52918367
04102,Bosques y matorrales,2017,29.58
04102,Bosques y matorrales,2018,29.58
10204,Bosques y matorrales,2023,29.71357143
06201,Bosques y matorrales,2023,29.73952381
14101,Bosques y matorrales,2023,29.90857143
14201,Bosques y matorrales,2023,30.08428571
08203,Bosques y matorrales,2019,30.1
07309,Bosques y matorrales,2020,30.13
08111,Playas y dunas,2022,30.21
08201,Bosques y matorrales,2023,30.22380952
09117,Bosques y matorrales,2020,30.24
05606,Bosques y matorrales,2019,30.63
05606,Bosques y matorrales,2020,30.63
08207,Bosques y matorrales,2023,30.71571429
05104,Bosques y matorrales,2023,30.83715714
04102,Playas y dunas,2018,30.9
04102,Playas y dunas,2017,30.93
12201,Playas y dunas,2023,31.06071429
07309,Bosques y matorrales,2018,31.2
05403,Playas y dunas,2019,31.23
12104,Bosques y matorrales,2017,31.51190476
12104,Bosques y matorrales,2018,31.51190476
12104,Bosques y matorrales,2020,31.51190476
12104,Bosques y matorrales,2021,31.51190476
12104,Bosques y matorrales,2022,31.51190476
12302,Marismas y humedales,2017,31.6
12302,Marismas y humedales,2020,31.6
02101,Marismas y humedales,2017,31.67
07309,Bosques y matorrales,2019,31.71
12201,Marismas y humedales,2024,31.91
08203,Bosques y matorrales,2018,31.93
12303,Playas y dunas,2022,31.95
04202,Playas y dunas,2019,32.16
12201,Playas y dunas,2019,32.17
12302,Playas y dunas,2023,32.35285714
14106,Bosques y matorrales,2023,32.35571429
02101,Playas y dunas,2022,32.79
16202,Bosques y matorrales,2023,32.85428571
04102,Marismas y humedales,2023,32.89142857
08111,Bosques y matorrales,2023,32.90857143
08203,Playas y dunas,2024,33.06
10102,Playas y dunas,2024,33.26
10305,Bosques y matorrales,2017,33.44
12302,Bosques y matorrales,2024,33.52
10305,Bosques y matorrales,2018,33.775
08203,Bosques y matorrales,2017,33.89
12302,Bosques y matorrales,2019,33.98
05201,Bosques y matorrales,2024,33.9939
10305,Bosques y matorrales,2019,34.11
04301,Marismas y humedales,2021,34.12
10305,Bosques y matorrales,2020,34.44
08110,Bosques y matorrales,2017,34.58
04203,Playas y dunas,2024,34.64
05606,Bosques y matorrales,2018,34.69
05606,Bosques y matorrales,2017,34.73
08202,Bosques y matorrales,2023,34.84285714
04203,Bosques y matorrales,2020,35.56
04101,Playas y dunas,2024,35.58
04203,Bosques y matorrales,2019,35.6
07309,Bosques y matorrales,2024,35.7
04203,Bosques y matorrales,2017,35.9
04203,Bosques y matorrales,2018,35.9
05604,Bentonico,2024,36.6845685
05604,Bentonico,2017,36.6845685
05604,Bentonico,2018,36.6845685
05604,Bentonico,2019,36.6845685
05604,Bentonico,2020,36.6845685
05604,Bentonico,2021,36.6845685
05604,Bentonico,2022,36.6845685
05604,Bentonico,2023,36.6845685
05102,Playas y dunas,2022,36.69
12402,Bosques y matorrales,2021,36.81928571
12402,Bosques y matorrales,2022,36.81928571
07102,Bosques y matorrales,2022,37.14
11201,Playas y dunas,2023,37.17428571
05403,Pastos marinos,2024,37.52970274
10206,Bosques y matorrales,2023,37.82
05403,Pastos marinos,2023,38.00861124
04101,Marismas y humedales,2018,38.1
04101,Marismas y humedales,2017,38.13
07203,Bosques y matorrales,2020,38.42
05403,Pastos marinos,2022,38.49363099
10104,Bosques y matorrales,2019,38.67
05403,Pastos marinos,2021,39
12201,Playas y dunas,2018,39.325
04202,Playas y dunas,2021,39.33
10104,Bosques y matorrales,2021,39.44346939
05403,Pastos marinos,2020,39.47604896
05103,Playas y dunas,2022,39.48
04101,Playas y dunas,2021,39.49
11201,Marismas y humedales,2024,39.52
10104,Bosques y matorrales,2018,39.78
07303,Bentonico,2024,39.95066404
07303,Bentonico,2017,39.95066404
07303,Bentonico,2018,39.95066404
07303,Bentonico,2019,39.95066404
07303,Bentonico,2020,39.95066404
07303,Bentonico,2021,39.95066404
07303,Bentonico,2022,39.95066404
07303,Bentonico,2023,39.95066404
05403,Pastos marinos,2019,39.97344718
05403,Pastos marinos,2018,40.47711261
10104,Bosques y matorrales,2020,40.76
07303,Bosques y matorrales,2022,40.8
09102,Bosques y matorrales,2024,40.8
10104,Bosques y matorrales,2017,40.89
05403,Pastos marinos,2017,40.98712423
10204,Bosques y matorrales,2022,41.74693878
07102,Bosques y matorrales,2023,41.9847619
10104,Bosques y matorrales,2022,42.09
10106,Bosques y matorrales,2023,42.42714286
05606,Bentonico,2024,42.46905807
05606,Bentonico,2017,42.46905807
05606,Bentonico,2018,42.46905807
05606,Bentonico,2019,42.46905807
05606,Bentonico,2020,42.46905807
05606,Bentonico,2021,42.46905807
05606,Bentonico,2022,42.46905807
05606,Bentonico,2023,42.46905807
02102,Bosques y matorrales,2024,42.58285714
02102,Bosques y matorrales,2018,42.58285714
02102,Bosques y matorrales,2019,42.58285714
02102,Bosques y matorrales,2020,42.58285714
02102,Bosques y matorrales,2021,42.58285714
11303,Playas y dunas,2020,42.78
11303,Playas y dunas,2021,42.78
07203,Bosques y matorrales,2017,43.36
05602,Bentonico,2024,43.42208031
05602,Bentonico,2017,43.42208031
05602,Bentonico,2018,43.42208031
05602,Bentonico,2019,43.42208031
05602,Bentonico,2020,43.42208031
05602,Bentonico,2021,43.42208031
05602,Bentonico,2022,43.42208031
05602,Bentonico,2023,43.42208031
04104,Playas y dunas,2023,43.50285714
12402,Bosques y matorrales,2017,43.63
11303,Playas y dunas,2022,43.65
07203,Bosques y matorrales,2019,43.87
05107,Bosques y matorrales,2022,43.89
05403,Playas y dunas,2017,44.03
05403,Playas y dunas,2018,44.03
04301,Playas y dunas,2017,44.03
04301,Playas y dunas,2018,44.03
10207,Playas y dunas,2024,44.63
04203,Marismas y humedales,2023,44.90714286
10104,Bentonico,2024,44.96546229
10104,Bentonico,2017,44.96546229
10104,Bentonico,2018,44.96546229
10104,Bentonico,2019,44.96546229
10104,Bentonico,2020,44.96546229
10104,Bentonico,2021,44.96546229
10104,Bentonico,2022,44.96546229
10104,Bentonico,2023,44.96546229
10104,Bosques y matorrales,2024,45.03
10303,Bosques y matorrales,2021,45.07571429
01404,Bosques y matorrales,2022,45.12
06201,Bosques y matorrales,2018,45.22
12402,Bosques y matorrales,2018,45.405
06201,Bosques y matorrales,2019,46.21
08110,Bosques y matorrales,2024,46.4
12201,Playas y dunas,2017,46.48
14101,Playas y dunas,2024,47.05
05605,Bentonico,2024,47.14058479
05605,Bentonico,2017,47.14058479
05605,Bentonico,2018,47.14058479
05605,Bentonico,2019,47.14058479
05605,Bentonico,2020,47.14058479
05605,Bentonico,2021,47.14058479
05605,Bentonico,2022,47.14058479
05605,Bentonico,2023,47.14058479
12402,Bosques y matorrales,2019,47.18
10204,Bosques y matorrales,2019,47.35
05104,Bosques y matorrales,2017,47.38569143
05104,Bosques y matorrales,2018,47.38569143
05104,Bosques y matorrales,2019,47.38569143
12201,Playas y dunas,2021,47.48
10306,Bosques y matorrales,2023,47.68928571
16202,Bosques y matorrales,2018,47.72
14106,Bosques y matorrales,2024,47.84
06201,Bosques y matorrales,2020,48
11201,Bentonico,2024,48.20482106
11201,Bentonico,2017,48.20482106
11201,Bentonico,2018,48.20482106
11201,Bentonico,2019,48.20482106
11201,Bentonico,2020,48.20482106
11201,Bentonico,2021,48.20482106
11201,Bentonico,2022,48.20482106
11201,Bentonico,2023,48.20482106
12101,Playas y dunas,2020,48.54
12101,Playas y dunas,2021,48.54
08201,Bosques y matorrales,2017,48.72
08201,Bosques y matorrales,2018,48.72
08207,Bosques y matorrales,2018,48.79
10204,Bosques y matorrales,2018,49.125
05403,Playas y dunas,2023,49.18857143
14106,Bosques y matorrales,2017,49.43
14106,Bosques y matorrales,2020,49.43
11202,Macrocystis,2024,49.62
12103,Macrocystis,2022,50.0495839
04102,Playas y dunas,2023,50.21857143
08102,Playas y dunas,2024,50.38
10101,Bosques y matorrales,2023,50.45285714
16202,Bosques y matorrales,2019,50.5
08201,Bosques y matorrales,2020,50.63
16202,Bosques y matorrales,2020,50.64
11203,Bosques y matorrales,2022,50.7
11303,Marismas y humedales,2024,50.76
05104,Bosques y matorrales,2024,50.7762
10204,Bosques y matorrales,2017,50.9
10305,Bosques y matorrales,2024,50.91
14106,Bosques y matorrales,2018,50.985
10303,Bosques y matorrales,2017,51.04
10303,Bosques y matorrales,2018,51.155
14201,Bosques y matorrales,2017,51.17
10207,Bosques y matorrales,2022,51.18
08207,Bosques y matorrales,2019,51.24
10303,Bosques y matorrales,2019,51.27
05104,Bosques y matorrales,2020,51.3063
05104,Bosques y matorrales,2021,51.3063
10303,Bosques y matorrales,2020,51.33
04203,Marismas y humedales,2022,51.43816327
05403,Bentonico,2024,51.44767087
05403,Bentonico,2017,51.44767087
05403,Bentonico,2018,51.44767087
05403,Bentonico,2019,51.44767087
05403,Bentonico,2020,51.44767087
05403,Bentonico,2021,51.44767087
05403,Bentonico,2022,51.44767087
05403,Bentonico,2023,51.44767087
06203,Bentonico,2024,51.73677863
06203,Bentonico,2017,51.73677863
06203,Bentonico,2018,51.73677863
06203,Bentonico,2019,51.73677863
06203,Bentonico,2020,51.73677863
06203,Bentonico,2021,51.73677863
06203,Bentonico,2022,51.73677863
06203,Bentonico,2023,51.73677863
14101,Bosques y matorrales,2017,51.84
14101,Bosques y matorrales,2020,51.84
12201,Playas y dunas,2020,51.97
14201,Bosques y matorrales,2018,51.985
14101,Bosques y matorrales,2018,52.07
04202,Marismas y humedales,2023,52.12428571
06206,Bentonico,2024,52.179563
06206,Bentonico,2017,52.179563
06206,Bentonico,2018,52.179563
06206,Bentonico,2019,52.179563
06206,Bentonico,2020,52.179563
06206,Bentonico,2021,52.179563
06206,Bentonico,2022,52.179563
06206,Bentonico,2023,52.179563
07102,Bentonico,2024,52.27447407
07102,Bentonico,2017,52.27447407
07102,Bentonico,2018,52.27447407
07102,Bentonico,2019,52.27447407
07102,Bentonico,2020,52.27447407
07102,Bentonico,2021,52.27447407
07102,Bentonico,2022,52.27447407
07102,Bentonico,2023,52.27447407
14101,Bosques y matorrales,2019,52.3
11201,Playas y dunas,2024,52.34
04102,Playas y dunas,2020,52.36
04101,Playas y dunas,2019,52.4
04104,Playas y dunas,2017,52.4
06201,Bosques y matorrales,2024,52.43
08201,Bosques y matorrales,2019,52.52
14201,Bosques y matorrales,2020,52.53
14106,Bosques y matorrales,2019,52.54
05104,Bosques y matorrales,2022,52.7025
14201,Bosques y matorrales,2019,52.8
12301,Bosques y matorrales,2024,52.98
14106,Playas y dunas,2024,53.27
08207,Bosques y matorrales,2020,53.35
06201,Bosques y matorrales,2017,53.5
10202,Bosques y matorrales,2022,53.85
04102,Marismas y humedales,2020,54.13
07103,Bentonico,2024,54.25167555
07103,Bentonico,2017,54.25167555
07103,Bentonico,2018,54.25167555
07103,Bentonico,2019,54.25167555
07103,Bentonico,2020,54.25167555
07103,Bentonico,2021,54.25167555
07103,Bentonico,2022,54.25167555
07103,Bentonico,2023,54.25167555
09102,Bosques y matorrales,2022,54.27
16202,Bosques y matorrales,2017,54.38
08207,Bosques y matorrales,2017,54.42
10204,Bosques y matorrales,2024,54.52
11202,Playas y dunas,2024,54.87
08207,Bosques y matorrales,2024,54.9
06205,Bentonico,2024,55.62209063
06205,Bentonico,2017,55.62209063
06205,Bentonico,2018,55.62209063
06205,Bentonico,2019,55.62209063
06205,Bentonico,2020,55.62209063
06205,Bentonico,2021,55.62209063
06205,Bentonico,2022,55.62209063
06205,Bentonico,2023,55.62209063
08111,Bosques y matorrales,2019,56.12
08111,Bosques y matorrales,2017,56.19
08111,Bosques y matorrales,2018,56.19
10210,Bosques y matorrales,2023,56.32857143
08111,Bosques y matorrales,2020,56.35
16202,Bosques y matorrales,2024,57.07
04104,Playas y dunas,2018,57.57
04202,Marismas y humedales,2021,57.7
10206,Bosques y matorrales,2019,57.86
10206,Bosques y matorrales,2020,57.86
10204,Bosques y matorrales,2020,58.11
04101,Playas y dunas,2022,58.11
04102,Pastos marinos,2024,58.19661914
05107,Bentonico,2024,58.32928486
05107,Bentonico,2017,58.32928486
05107,Bentonico,2018,58.32928486
05107,Bentonico,2019,58.32928486
05107,Bentonico,2020,58.32928486
05107,Bentonico,2021,58.32928486
05107,Bentonico,2022,58.32928486
05107,Bentonico,2023,58.32928486
12402,Bosques y matorrales,2024,58.35
14102,Bosques y matorrales,2023,58.48357143
04102,Pastos marinos,2023,58.93925373
04102,Pastos marinos,2022,59.69136493
04202,Marismas y humedales,2022,59.74918367
10305,Bentonico,2024,59.75938505
10305,Bentonico,2017,59.75938505
10305,Bentonico,2018,59.75938505
10305,Bentonico,2019,59.75938505
10305,Bentonico,2020,59.75938505
10305,Bentonico,2021,59.75938505
10305,Bentonico,2022,59.75938505
10305,Bentonico,2023,59.75938505
12101,Macrocystis,2023,59.83036844
05102,Pastos marinos,2024,59.85984622
14101,Bentonico,2024,59.88813363
14101,Bentonico,2017,59.88813363
14101,Bentonico,2018,59.88813363
14101,Bentonico,2019,59.88813363
14101,Bentonico,2020,59.88813363
14101,Bentonico,2021,59.88813363
14101,Bentonico,2022,59.88813363
14101,Bentonico,2023,59.88813363
04203,Marismas y humedales,2017,60
07102,Bosques y matorrales,2017,60.12
15102,Playas y dunas,2023,60.322857140000004
04102,Pastos marinos,2021,60.5
05102,Pastos marinos,2023,60.6237049
10206,Bosques y matorrales,2018,60.63
04104,Playas y dunas,2019,60.7
04203,Marismas y humedales,2018,61
04102,Pastos marinos,2020,61.21478239
05102,Pastos marinos,2022,61.39731102
04202,Pastos marinos,2024,61.61816169
07102,Bosques y matorrales,2020,61.83
14201,Bosques y matorrales,2024,61.84
04102,Pastos marinos,2019,61.98608865
14101,Bosques y matorrales,2024,62.04
05102,Pastos marinos,2021,62.2
07102,Bosques y matorrales,2018,62.22
04202,Pastos marinos,2023,62.40445786
10106,Bosques y matorrales,2022,62.50530612
04102,Pastos marinos,2018,62.76711336
05605,Playas y dunas,2022,62.94
05102,Pastos marinos,2020,62.96426691
10306,Playas y dunas,2024,63.07
04202,Pastos marinos,2022,63.20078779
05102,Bentonico,2024,63.35476321
05102,Bentonico,2017,63.35476321
05102,Bentonico,2018,63.35476321
05102,Bentonico,2019,63.35476321
05102,Bentonico,2020,63.35476321
05102,Bentonico,2021,63.35476321
05102,Bentonico,2022,63.35476321
05102,Bentonico,2023,63.35476321
10206,Bosques y matorrales,2017,63.4
04102,Pastos marinos,2017,63.55797899
05102,Pastos marinos,2019,63.75761667
04203,Marismas y humedales,2021,63.98
04202,Pastos marinos,2021,64
08111,Bosques y matorrales,2024,64.41
04104,Playas y dunas,2020,64.5
05102,Pastos marinos,2018,64.56096264
04203,Marismas y humedales,2020,64.67
10303,Bentonico,2024,64.69347187
10303,Bentonico,2017,64.69347187
10303,Bentonico,2018,64.69347187
10303,Bentonico,2019,64.69347187
10303,Bentonico,2020,64.69347187
10303,Bentonico,2021,64.69347187
10303,Bentonico,2022,64.69347187
10303,Bentonico,2023,64.69347187
04203,Marismas y humedales,2019,64.7
04202,Pastos marinos,2020,64.81377123
12301,Bosques y matorrales,2017,64.87
10201,Bosques y matorrales,2023,64.87428571
10108,Bosques y matorrales,2023,64.90785714
12101,Playas y dunas,2017,65.08
05102,Pastos marinos,2017,65.37443077
04202,Pastos marinos,2019,65.63042475
07102,Bosques y matorrales,2019,65.79
06201,Playas y dunas,2022,66.42
04202,Pastos marinos,2018,66.4573681
05405,Bentonico,2024,66.75481698
05405,Bentonico,2017,66.75481698
05405,Bentonico,2018,66.75481698
05405,Bentonico,2019,66.75481698
05405,Bentonico,2020,66.75481698
05405,Bentonico,2021,66.75481698
05405,Bentonico,2022,66.75481698
05405,Bentonico,2023,66.75481698
04202,Marismas y humedales,2019,66.78
04202,Pastos marinos,2017,67.29473094
15101,Playas y dunas,2023,67.65285714
05101,Pastos marinos,2024,67.69587678
03101,Playas y dunas,2023,68.02142857
04104,Playas y dunas,2021,68.09
08111,Bentonico,2024,68.14520504
08111,Bentonico,2017,68.14520504
08111,Bentonico,2018,68.14520504
08111,Bentonico,2019,68.14520504
08111,Bentonico,2020,68.14520504
08111,Bentonico,2021,68.14520504
08111,Bentonico,2022,68.14520504
08111,Bentonico,2023,68.14520504
04301,Marismas y humedales,2020,68.17
08110,Bentonico,2024,68.414848
08110,Bentonico,2017,68.414848
08110,Bentonico,2018,68.414848
08110,Bentonico,2019,68.414848
08110,Bentonico,2020,68.414848
08110,Bentonico,2021,68.414848
08110,Bentonico,2022,68.414848
08110,Bentonico,2023,68.414848
05101,Pastos marinos,2023,68.55972937
04301,Playas y dunas,2023,68.87928571
05101,Pastos marinos,2022,69.4346054
04301,Marismas y humedales,2023,69.68428571
12303,Marismas y humedales,2019,69.7
05101,Pastos marinos,2021,70.3
05405,Pastos marinos,2024,70.43526145
05604,Playas y dunas,2022,70.65
08107,Bosques y matorrales,2022,70.83
05107,Pastos marinos,2024,70.96146619
05101,Pastos marinos,2020,71.20668567
05405,Pastos marinos,2023,71.33407074
10306,Bosques y matorrales,2022,71.6577551
10106,Bosques y matorrales,2017,71.76
05107,Pastos marinos,2023,71.86699027
05101,Pastos marinos,2019,72.10388991
12301,Bosques y matorrales,2020,72.11
05405,Pastos marinos,2022,72.24434955
12104,Bosques y matorrales,2024,72.33
10106,Bosques y matorrales,2018,72.34
12101,Marismas y humedales,2024,72.43
05107,Pastos marinos,2022,72.78406955
10106,Bosques y matorrales,2019,72.92
05101,Pastos marinos,2018,73.01239892
05405,Pastos marinos,2021,73.2
05107,Pastos marinos,2021,73.7
10206,Bosques y matorrales,2024,73.83
12401,Playas y dunas,2020,73.88
05101,Pastos marinos,2017,73.93235515
05405,Pastos marinos,2020,74.0881389
05107,Pastos marinos,2020,74.6416334
10106,Bosques y matorrales,2020,74.86
05405,Pastos marinos,2019,75.02164945
10201,Bosques y matorrales,2019,75.1
04102,Marismas y humedales,2017,75.49
04102,Marismas y humedales,2018,75.5
05107,Pastos marinos,2019,75.58211799
05405,Pastos marinos,2018,75.96692223
05107,Pastos marinos,2018,76.53445267
04202,Marismas y humedales,2020,76.54
05405,Pastos marinos,2017,76.92410545
12301,Bosques y matorrales,2018,77.395
05107,Pastos marinos,2017,77.49878678
12401,Playas y dunas,2017,77.87
10101,Bosques y matorrales,2022,78.09612245
10205,Bosques y matorrales,2019,78.46
08207,Bentonico,2024,78.75327199
08207,Bentonico,2017,78.75327199
08207,Bentonico,2018,78.75327199
08207,Bentonico,2019,78.75327199
08207,Bentonico,2020,78.75327199
08207,Bentonico,2021,78.75327199
08207,Bentonico,2022,78.75327199
08207,Bentonico,2023,78.75327199
10205,Bosques y matorrales,2018,78.78
12401,Playas y dunas,2021,78.87
10205,Bosques y matorrales,2017,79.1
04102,Playas y dunas,2024,79.46
04202,Bosques y matorrales,2022,79.53
11202,Marismas y humedales,2019,79.58
04301,Marismas y humedales,2022,79.72918367
10205,Bosques y matorrales,2020,79.77
10303,Bosques y matorrales,2024,79.97
10203,Bosques y matorrales,2019,80
11202,Marismas y humedales,2023,80.33285714
10306,Bosques y matorrales,2017,80.7
12101,Macrocystis,2021,80.80085322
10101,Bosques y matorrales,2017,80.92
10101,Bosques y matorrales,2019,81.095
04202,Marismas y humedales,2018,81.9
04202,Marismas y humedales,2017,81.95
05105,Bentonico,2024,81.9786118
05105,Bentonico,2017,81.9786118
05105,Bentonico,2018,81.9786118
05105,Bentonico,2019,81.9786118
05105,Bentonico,2020,81.9786118
05105,Bentonico,2021,81.9786118
05105,Bentonico,2022,81.9786118
05105,Bentonico,2023,81.9786118
10203,Bosques y matorrales,2020,81.99
15102,Playas y dunas,2019,82
15102,Playas y dunas,2020,82
12101,Macrocystis,2020,82.25526858
10203,Bosques y matorrales,2018,82.62
15102,Playas y dunas,2017,82.7
14201,Bentonico,2024,82.86722283
14201,Bentonico,2017,82.86722283
14201,Bentonico,2018,82.86722283
14201,Bentonico,2019,82.86722283
14201,Bentonico,2020,82.86722283
14201,Bentonico,2021,82.86722283
14201,Bentonico,2022,82.86722283
14201,Bentonico,2023,82.86722283
10306,Bosques y matorrales,2018,82.975
04301,Marismas y humedales,2019,83.1
12101,Macrocystis,2019,83.73586341
10201,Bosques y matorrales,2017,84.54
10210,Bosques y matorrales,2017,84.68
08202,Bentonico,2024,84.68887205
08202,Bentonico,2017,84.68887205
08202,Bentonico,2018,84.68887205
08202,Bentonico,2019,84.68887205
08202,Bentonico,2020,84.68887205
08202,Bentonico,2021,84.68887205
08202,Bentonico,2022,84.68887205
08202,Bentonico,2023,84.68887205
10306,Bosques y matorrales,2020,84.86
10203,Bosques y matorrales,2017,85.24
12101,Macrocystis,2018,85.24310895
10306,Bosques y matorrales,2019,85.25
10201,Bosques y matorrales,2018,85.48
10201,Bosques y matorrales,2020,86.05
05109,Pastos marinos,2024,86.12346118
15102,Playas y dunas,2024,86.38
08202,Bosques y matorrales,2024,86.51
12101,Macrocystis,2017,86.77748491
15102,Playas y dunas,2021,87
12303,Marismas y humedales,2023,87.00428571
05109,Pastos marinos,2023,87.22246423
11202,Bosques y matorrales,2022,87.48
11201,Macrocystis,2024,87.67
08202,Playas y dunas,2017,87.8
15102,Playas y dunas,2018,88.2
05109,Pastos marinos,2022,88.33549142
12101,Playas y dunas,2023,88.38142857
10401,Bosques y matorrales,2022,88.92
12401,Macrocystis,2023,89.03759081
08203,Bentonico,2024,89.34203432
08203,Bentonico,2017,89.34203432
08203,Bentonico,2018,89.34203432
08203,Bentonico,2019,89.34203432
08203,Bentonico,2020,89.34203432
08203,Bentonico,2021,89.34203432
08203,Bentonico,2022,89.34203432
08203,Bentonico,2023,89.34203432
05109,Pastos marinos,2021,89.5
10210,Bosques y matorrales,2018,89.5
03101,Playas y dunas,2020,89.67
15101,Playas y dunas,2019,89.7
10101,Bosques y matorrales,2018,89.725
12301,Bosques y matorrales,2019,89.92
10103,Bosques y matorrales,2023,90.17214286
03101,Playas y dunas,2019,90.4
03101,Playas y dunas,2021,90.5
05109,Pastos marinos,2020,90.58995201
10203,Bosques y matorrales,2023,90.77142857
15101,Playas y dunas,2021,91.7
05109,Pastos marinos,2019,91.7313854
03101,Playas y dunas,2017,92.2
05109,Pastos marinos,2018,92.88720086
12201,Playas y dunas,2022,93.39081633
15101,Playas y dunas,2017,93.4
04301,Playas y dunas,2024,93.51
15101,Playas y dunas,2018,94.04
05109,Pastos marinos,2017,94.05757959
10210,Bosques y matorrales,2019,94.32
10210,Bosques y matorrales,2020,94.48
12401,Marismas y humedales,2024,94.8
12401,Playas y dunas,2018,95.645
12401,Marismas y humedales,2022,97.74
07309,Bentonico,2024,97.95019848
07309,Bentonico,2017,97.95019848
07309,Bentonico,2018,97.95019848
07309,Bentonico,2019,97.95019848
07309,Bentonico,2020,97.95019848
07309,Bentonico,2021,97.95019848
07309,Bentonico,2022,97.95019848
07309,Bentonico,2023,97.95019848
08202,Bosques y matorrales,2018,98.11
10106,Bosques y matorrales,2024,98.12
10101,Bosques y matorrales,2020,98.53
08202,Bosques y matorrales,2019,98.81
14102,Bosques y matorrales,2020,99.16
10102,Bosques y matorrales,2023,99.55071429
14102,Bosques y matorrales,2017,99.77
14102,Bosques y matorrales,2018,99.775
14102,Bosques y matorrales,2019,99.78
07203,Bentonico,2024,100.0327673
07203,Bentonico,2017,100.0327673
07203,Bentonico,2018,100.0327673
07203,Bentonico,2019,100.0327673
07203,Bentonico,2020,100.0327673
07203,Bentonico,2021,100.0327673
07203,Bentonico,2022,100.0327673
07203,Bentonico,2023,100.0327673
15101,Playas y dunas,2024,100.51
10207,Bosques y matorrales,2023,100.7257143
05105,Pastos marinos,2024,101.054412
08201,Bosques y matorrales,2024,101.37
05105,Pastos marinos,2023,102.3439457
03101,Playas y dunas,2018,102.85
15101,Playas y dunas,2020,103.17
05105,Pastos marinos,2022,103.6499349
05105,Pastos marinos,2021,105
14101,Playas y dunas,2022,105.21
11202,Marismas y humedales,2018,106.24
05105,Pastos marinos,2020,106.2952442
14102,Bentonico,2024,106.8985082
14102,Bentonico,2017,106.8985082
14102,Bentonico,2018,106.8985082
14102,Bentonico,2019,106.8985082
14102,Bentonico,2020,106.8985082
14102,Bentonico,2021,106.8985082
14102,Bentonico,2022,106.8985082
14102,Bentonico,2023,106.8985082
10108,Bosques y matorrales,2019,106.96
10209,Bosques y matorrales,2023,107.2078571
10108,Bosques y matorrales,2018,107.555
05105,Pastos marinos,2019,107.6345642
11202,Marismas y humedales,2020,107.7
10108,Bosques y matorrales,2017,108.15
05105,Pastos marinos,2018,108.9907597
05403,Playas y dunas,2021,109.3
03304,Playas y dunas,2023,110.0571429
02102,Bosques y matorrales,2022,110.28
05105,Pastos marinos,2017,110.3640433
03303,Playas y dunas,2023,110.7185714
12104,Playas y dunas,2017,110.7666667
12104,Playas y dunas,2018,110.7666667
12104,Playas y dunas,2020,110.7666667
12104,Playas y dunas,2021,110.7666667
12104,Playas y dunas,2022,110.7666667
12401,Playas y dunas,2019,113.42
03101,Playas y dunas,2024,114.54
04102,Playas y dunas,2021,114.86
12302,Playas y dunas,2024,115.42
05403,Playas y dunas,2020,115.7
04301,Playas y dunas,2020,115.7
08106,Playas y dunas,2024,116.1
01101,Playas y dunas,2022,116.76
03201,Playas y dunas,2023,116.91
10201,Bosques y matorrales,2022,117.81
12401,Macrocystis,2021,118.4972465
12303,Marismas y humedales,2018,119.3
10306,Bosques y matorrales,2024,120.09
12401,Macrocystis,2020,120.6301969
10202,Bosques y matorrales,2023,120.6404762
04102,Playas y dunas,2019,120.8
03303,Playas y dunas,2017,121
05401,Bentonico,2024,121.0024998
05401,Bentonico,2017,121.0024998
05401,Bentonico,2018,121.0024998
05401,Bentonico,2019,121.0024998
05401,Bentonico,2020,121.0024998
05401,Bentonico,2021,121.0024998
05401,Bentonico,2022,121.0024998
05401,Bentonico,2023,121.0024998
10108,Bosques y matorrales,2020,121.31
12303,Marismas y humedales,2020,122.49
12303,Marismas y humedales,2021,122.49
12401,Macrocystis,2019,122.8015405
04301,Playas y dunas,2019,123
12401,Macrocystis,2018,125.0119682
14102,Bosques y matorrales,2024,126.01
12401,Macrocystis,2017,127.2621836
12201,Macrocystis,2023,128.7206849
10403,Playas y dunas,2024,129.14
10210,Bosques y matorrales,2024,130.99
10201,Bosques y matorrales,2024,131.52
11202,Marismas y humedales,2017,132.9
11202,Marismas y humedales,2021,135.82
12302,Playas y dunas,2022,136.8
03304,Playas y dunas,2017,136.89
10103,Bosques y matorrales,2017,137.28
10103,Bosques y matorrales,2020,137.52
12301,Playas y dunas,2022,139.44
08202,Playas y dunas,2024,142.91
10101,Bosques y matorrales,2024,143.05
10205,Bosques y matorrales,2023,143.4985714
10203,Bosques y matorrales,2024,143.58
10303,Playas y dunas,2022,143.61
02104,Playas y dunas,2022,144.6
10209,Bosques y matorrales,2017,146.45
10205,Bosques y matorrales,2024,146.51
04104,Playas y dunas,2024,147.16
10209,Bosques y matorrales,2022,147.51
03201,Playas y dunas,2020,148.7
10209,Bosques y matorrales,2018,148.975
03304,Playas y dunas,2020,150.4
04301,Marismas y humedales,2017,151.2
04301,Marismas y humedales,2018,151.2
10209,Bosques y matorrales,2019,151.5
01404,Playas y dunas,2023,151.5028571
03304,Playas y dunas,2021,152.62
03201,Playas y dunas,2017,153.04
03304,Playas y dunas,2019,153.9
10209,Bosques y matorrales,2020,154.5
04301,Playas y dunas,2021,155.185
16202,Bentonico,2024,155.4776349
16202,Bentonico,2017,155.4776349
16202,Bentonico,2018,155.4776349
16202,Bentonico,2019,155.4776349
16202,Bentonico,2020,155.4776349
16202,Bentonico,2021,155.4776349
16202,Bentonico,2022,155.4776349
16202,Bentonico,2023,155.4776349
03303,Playas y dunas,2020,155.61
03201,Playas y dunas,2019,156.3
02102,Playas y dunas,2023,156.37
07202,Playas y dunas,2024,156.62
08202,Pastos marinos,2024,156.7925515
10102,Bosques y matorrales,2017,158
03303,Playas y dunas,2019,158.35
08202,Pastos marinos,2023,158.7933477
08202,Pastos marinos,2022,160.8196756
10207,Bosques y matorrales,2020,161.96
04101,Bentonico,2024,162.2790916
04101,Bentonico,2017,162.2790916
04101,Bentonico,2018,162.2790916
04101,Bentonico,2019,162.2790916
04101,Bentonico,2020,162.2790916
04101,Bentonico,2021,162.2790916
04101,Bentonico,2022,162.2790916
04101,Bentonico,2023,162.2790916
10207,Bosques y matorrales,2019,162.37
12103,Playas y dunas,2024,162.7
03304,Playas y dunas,2024,162.83
10401,Playas y dunas,2024,162.84
08202,Pastos marinos,2021,162.9
10207,Bosques y matorrales,2018,163.18
10207,Bosques y matorrales,2017,163.99
03201,Playas y dunas,2018,164.15
10103,Bosques y matorrales,2018,164.405
08202,Pastos marinos,2020,164.9240465
15101,Bentonico,2024,166.4552241
15101,Bentonico,2017,166.4552241
15101,Bentonico,2018,166.4552241
15101,Bentonico,2019,166.4552241
15101,Bentonico,2020,166.4552241
15101,Bentonico,2021,166.4552241
15101,Bentonico,2022,166.4552241
15101,Bentonico,2023,166.4552241
08202,Pastos marinos,2019,167.0020895
12401,Playas y dunas,2023,167.5892857
12101,Playas y dunas,2019,168.35
12303,Marismas y humedales,2017,168.9
08202,Pastos marinos,2018,169.1063158
10102,Bosques y matorrales,2020,169.27
03303,Playas y dunas,2021,169.41
03201,Playas y dunas,2024,169.46
03303,Playas y dunas,2018,170.54
08202,Pastos marinos,2017,171.2370554
10102,Bosques y matorrales,2018,171.335
12201,Macrocystis,2021,173.8371572
02104,Pastos marinos,2024,174.5100066
12301,Playas y dunas,2024,175.48
12301,Bosques y matorrales,2023,175.5021429
03304,Playas y dunas,2018,176.5
02104,Pastos marinos,2023,176.7368914
12201,Macrocystis,2020,176.966226
10306,Bentonico,2024,178.24686
10306,Bentonico,2017,178.24686
10306,Bentonico,2018,178.24686
10306,Bentonico,2019,178.24686
10306,Bentonico,2020,178.24686
10306,Bentonico,2021,178.24686
10306,Bentonico,2022,178.24686
10306,Bentonico,2023,178.24686
03101,Bentonico,2024,178.3445502
03101,Bentonico,2017,178.3445502
03101,Bentonico,2018,178.3445502
03101,Bentonico,2019,178.3445502
03101,Bentonico,2020,178.3445502
03101,Bentonico,2021,178.3445502
03101,Bentonico,2022,178.3445502
03101,Bentonico,2023,178.3445502
02104,Pastos marinos,2022,178.992193
12201,Macrocystis,2019,180.1516181
02104,Pastos marinos,2021,181.3
12201,Macrocystis,2018,183.3943472
02104,Pastos marinos,2020,183.5603551
12103,Marismas y humedales,2020,184.32
12103,Marismas y humedales,2021,184.32
10102,Bosques y matorrales,2019,184.67
02104,Pastos marinos,2019,185.8732156
12201,Macrocystis,2017,186.6954455
06201,Bentonico,2024,187.5365453
06201,Bentonico,2017,187.5365453
06201,Bentonico,2018,187.5365453
06201,Bentonico,2019,187.5365453
06201,Bentonico,2020,187.5365453
06201,Bentonico,2021,187.5365453
06201,Bentonico,2022,187.5365453
06201,Bentonico,2023,187.5365453
12101,Playas y dunas,2022,188.2087755
02104,Pastos marinos,2018,188.2152181
11201,Playas y dunas,2022,189.81
02104,Pastos marinos,2017,190.5867299
10103,Bosques y matorrales,2019,191.53
12303,Playas y dunas,2024,191.81
10202,Bosques y matorrales,2017,194.25
10202,Bosques y matorrales,2018,194.25
03201,Playas y dunas,2021,194.5
10202,Bosques y matorrales,2019,194.52
03303,Playas y dunas,2024,196.51
15102,Bentonico,2024,197.5101768
15102,Bentonico,2017,197.5101768
15102,Bentonico,2018,197.5101768
15102,Bentonico,2019,197.5101768
15102,Bentonico,2020,197.5101768
15102,Bentonico,2021,197.5101768
15102,Bentonico,2022,197.5101768
15102,Bentonico,2023,197.5101768
02301,Playas y dunas,2023,198.05
10108,Bosques y matorrales,2024,198.65
07203,Playas y dunas,2024,198.99
01404,Playas y dunas,2020,199.9
01404,Playas y dunas,2019,200.81
01404,Playas y dunas,2017,202.1
10202,Bosques y matorrales,2020,202.67
12103,Marismas y humedales,2023,208.3242857
01404,Playas y dunas,2024,212.96
02102,Playas y dunas,2019,217.7
02102,Pastos marinos,2024,217.9176489
02102,Playas y dunas,2020,218.05
02102,Playas y dunas,2017,218.53
02102,Playas y dunas,2018,219.6
02102,Playas y dunas,2021,219.93
01404,Playas y dunas,2018,219.94
02102,Pastos marinos,2023,220.6984494
02101,Playas y dunas,2023,222.5771429
02102,Pastos marinos,2022,223.5147351
04102,Bentonico,2024,224.4119854
04102,Bentonico,2017,224.4119854
04102,Bentonico,2018,224.4119854
04102,Bentonico,2019,224.4119854
04102,Bentonico,2020,224.4119854
04102,Bentonico,2021,224.4119854
04102,Bentonico,2022,224.4119854
04102,Bentonico,2023,224.4119854
03102,Playas y dunas,2023,225.0657143
02102,Pastos marinos,2021,226.4
02102,Pastos marinos,2020,229.2191824
12303,Macrocystis,2024,229.58
10209,Bosques y matorrales,2024,231.18
02102,Pastos marinos,2019,232.1073441
10403,Bosques y matorrales,2023,233.33
01404,Playas y dunas,2021,234.2
02102,Pastos marinos,2018,235.0318966
02102,Playas y dunas,2024,236.57
01101,Playas y dunas,2023,236.5985714
02102,Pastos marinos,2017,237.9932985
11201,Marismas y humedales,2021,238.395
10208,Bosques y matorrales,2022,238.59
12103,Marismas y humedales,2022,239.7363265
04202,Bentonico,2024,242.9154516
04202,Bentonico,2017,242.9154516
04202,Bentonico,2018,242.9154516
04202,Bentonico,2019,242.9154516
04202,Bentonico,2020,242.9154516
04202,Bentonico,2021,242.9154516
04202,Bentonico,2022,242.9154516
04202,Bentonico,2023,242.9154516
11201,Marismas y humedales,2019,243.89
04203,Bentonico,2024,246.0940994
04203,Bentonico,2017,246.0940994
04203,Bentonico,2018,246.0940994
04203,Bentonico,2019,246.0940994
04203,Bentonico,2020,246.0940994
04203,Bentonico,2021,246.0940994
04203,Bentonico,2022,246.0940994
04203,Bentonico,2023,246.0940994
10207,Bosques y matorrales,2024,248.38
10103,Bosques y matorrales,2024,249.24
11203,Bosques y matorrales,2017,255.3409524
11203,Bosques y matorrales,2018,255.3409524
11203,Bosques y matorrales,2019,255.3409524
11203,Bosques y matorrales,2020,255.3409524
11203,Bosques y matorrales,2021,255.3409524
11201,Marismas y humedales,2023,259.3135714
12103,Marismas y humedales,2019,262.07
02301,Playas y dunas,2020,267.62
12101,Macrocystis,2022,269.6704211
02301,Playas y dunas,2021,269.7
02301,Playas y dunas,2019,269.9
10102,Bosques y matorrales,2024,270.91
02301,Playas y dunas,2017,271
12201,Macrocystis,2022,273.566497
02301,Playas y dunas,2018,279.9
02104,Playas y dunas,2023,283.31
03201,Bentonico,2024,283.4238721
03201,Bentonico,2017,283.4238721
03201,Bentonico,2018,283.4238721
03201,Bentonico,2019,283.4238721
03201,Bentonico,2020,283.4238721
03201,Bentonico,2021,283.4238721
03201,Bentonico,2022,283.4238721
03201,Bentonico,2023,283.4238721
01101,Pastos marinos,2024,284.2449364
10401,Bosques y matorrales,2023,284.6171429
02301,Playas y dunas,2024,284.97
01101,Pastos marinos,2023,287.8721252
12101,Playas y dunas,2018,288.16
01101,Pastos marinos,2022,291.5455998
03102,Playas y dunas,2020,291.61
04104,Bentonico,2024,292.7851302
04104,Bentonico,2017,292.7851302
04104,Bentonico,2018,292.7851302
04104,Bentonico,2019,292.7851302
04104,Bentonico,2020,292.7851302
04104,Bentonico,2021,292.7851302
04104,Bentonico,2022,292.7851302
04104,Bentonico,2023,292.7851302
03102,Pastos marinos,2024,294.5461968
01101,Pastos marinos,2021,295.3
03102,Playas y dunas,2019,297
03102,Pastos marinos,2023,298.3048377
01101,Playas y dunas,2019,298.69
01101,Playas y dunas,2020,298.8
01101,Pastos marinos,2020,298.9863017
10403,Bosques y matorrales,2017,299.14
02102,Bentonico,2024,299.6026791
02102,Bentonico,2017,299.6026791
02102,Bentonico,2018,299.6026791
02102,Bentonico,2019,299.6026791
02102,Bentonico,2020,299.6026791
02102,Bentonico,2021,299.6026791
02102,Bentonico,2022,299.6026791
02102,Bentonico,2023,299.6026791
02101,Playas y dunas,2020,301.2
07102,Playas y dunas,2024,301.47
03102,Pastos marinos,2022,302.1114419
01101,Pastos marinos,2019,302.7535291
02101,Playas y dunas,2017,303.35
10203,Bosques y matorrales,2022,303.75
02101,Playas y dunas,2019,303.86
02101,Playas y dunas,2021,305.7
01101,Playas y dunas,2017,305.8
03102,Pastos marinos,2021,306
01101,Pastos marinos,2018,306.5682236
01101,Playas y dunas,2018,307.16
03102,Pastos marinos,2020,309.8218008
01101,Pastos marinos,2017,310.4309832
03102,Playas y dunas,2021,310.9
02101,Playas y dunas,2018,311.14
03102,Pastos marinos,2019,313.7255555
11303,Playas y dunas,2024,313.77
12103,Macrocystis,2024,315.06
03102,Playas y dunas,2017,315.8
03304,Bentonico,2024,316.9453402
03304,Bentonico,2017,316.9453402
03304,Bentonico,2018,316.9453402
03304,Bentonico,2019,316.9453402
03304,Bentonico,2020,316.9453402
03304,Bentonico,2021,316.9453402
03304,Bentonico,2022,316.9453402
03304,Bentonico,2023,316.9453402
03102,Pastos marinos,2018,317.6784975
10403,Bosques y matorrales,2020,317.99
01101,Playas y dunas,2024,318.66
10403,Bosques y matorrales,2018,320.87
10202,Bosques y matorrales,2024,321.48
03102,Pastos marinos,2017,321.6812465
01101,Playas y dunas,2021,328.98
12104,Playas y dunas,2024,331.02
03303,Bentonico,2024,334.2657642
03303,Bentonico,2017,334.2657642
03303,Bentonico,2018,334.2657642
03303,Bentonico,2019,334.2657642
03303,Bentonico,2020,334.2657642
03303,Bentonico,2021,334.2657642
03303,Bentonico,2022,334.2657642
03303,Bentonico,2023,334.2657642
12103,Marismas y humedales,2018,339.82
10208,Bosques y matorrales,2023,342.2014286
10403,Bosques y matorrales,2019,342.6
02101,Playas y dunas,2024,349.03
10403,Bosques y matorrales,2022,352.32
03102,Playas y dunas,2018,357.6
11201,Marismas y humedales,2018,359.84
02104,Playas y dunas,2020,363.03
02104,Playas y dunas,2021,363.03
02104,Playas y dunas,2017,365.9
02104,Playas y dunas,2019,367.38
08201,Bentonico,2024,372.8452438
08201,Bentonico,2017,372.8452438
08201,Bentonico,2018,372.8452438
08201,Bentonico,2019,372.8452438
08201,Bentonico,2020,372.8452438
08201,Bentonico,2021,372.8452438
08201,Bentonico,2022,372.8452438
08201,Bentonico,2023,372.8452438
02104,Playas y dunas,2018,379.23
12303,Bosques y matorrales,2023,400.77
12201,Playas y dunas,2024,405.25
03102,Playas y dunas,2024,425.36
10401,Bosques y matorrales,2017,456.44
10401,Bosques y matorrales,2020,456.44
01404,Bentonico,2024,461.0897406
01404,Bentonico,2017,461.0897406
01404,Bentonico,2018,461.0897406
01404,Bentonico,2019,461.0897406
01404,Bentonico,2020,461.0897406
01404,Bentonico,2021,461.0897406
01404,Bentonico,2022,461.0897406
01404,Bentonico,2023,461.0897406
11201,Marismas y humedales,2017,475.79
11201,Marismas y humedales,2020,476.79
10401,Bosques y matorrales,2018,482.09
12103,Marismas y humedales,2017,487.74
12303,Bosques y matorrales,2019,488.14
12201,Marismas y humedales,2019,494.21
04301,Bentonico,2024,501.1740045
04301,Bentonico,2017,501.1740045
04301,Bentonico,2018,501.1740045
04301,Bentonico,2019,501.1740045
04301,Bentonico,2020,501.1740045
04301,Bentonico,2021,501.1740045
04301,Bentonico,2022,501.1740045
04301,Bentonico,2023,501.1740045
12303,Bosques y matorrales,2024,505.02
02104,Playas y dunas,2024,505.5
10401,Bosques y matorrales,2019,507.74
12303,Bosques y matorrales,2020,519.78
10208,Bosques y matorrales,2017,537.42
10208,Bosques y matorrales,2018,537.48
10208,Bosques y matorrales,2019,537.54
10403,Bosques y matorrales,2024,540.08
10208,Bosques y matorrales,2020,543.53
12303,Bosques y matorrales,2018,557.84
11303,Macrocystis,2024,568.78
03102,Bentonico,2024,587.7216899
03102,Bentonico,2017,587.7216899
03102,Bentonico,2018,587.7216899
03102,Bentonico,2019,587.7216899
03102,Bentonico,2020,587.7216899
03102,Bentonico,2021,587.7216899
03102,Bentonico,2022,587.7216899
03102,Bentonico,2023,587.7216899
12303,Bosques y matorrales,2022,608.91
12101,Playas y dunas,2024,610.41
12303,Bosques y matorrales,2017,627.54
12103,Bosques y matorrales,2023,642.6957143
10205,Bosques y matorrales,2022,686.56
02301,Bentonico,2024,694.695442
02301,Bentonico,2017,694.695442
02301,Bentonico,2018,694.695442
02301,Bentonico,2019,694.695442
02301,Bentonico,2020,694.695442
02301,Bentonico,2021,694.695442
02301,Bentonico,2022,694.695442
02301,Bentonico,2023,694.695442
12201,Marismas y humedales,2023,706.2078571
11203,Bosques y matorrales,2024,708.08
01101,Bentonico,2024,725.3899116
01101,Bentonico,2017,725.3899116
01101,Bentonico,2018,725.3899116
01101,Bentonico,2019,725.3899116
01101,Bentonico,2020,725.3899116
01101,Bentonico,2021,725.3899116
01101,Bentonico,2022,725.3899116
01101,Bentonico,2023,725.3899116
12401,Playas y dunas,2022,733.44
11303,Marismas y humedales,2018,756
11303,Marismas y humedales,2023,774.8378571
02101,Bentonico,2024,785.3624741
02101,Bentonico,2017,785.3624741
02101,Bentonico,2018,785.3624741
02101,Bentonico,2019,785.3624741
02101,Bentonico,2020,785.3624741
02101,Bentonico,2021,785.3624741
02101,Bentonico,2022,785.3624741
02101,Bentonico,2023,785.3624741
12201,Marismas y humedales,2022,811.6532653
12101,Marismas y humedales,2023,836.56
12103,Bosques y matorrales,2020,844.47
12201,Marismas y humedales,2018,867.105
12201,Macrocystis,2024,885.2
12101,Marismas y humedales,2020,907.75
12101,Marismas y humedales,2021,907.75
12301,Bosques y matorrales,2022,922.74
11303,Marismas y humedales,2019,929.715
02104,Bentonico,2024,932.8539389
02104,Bentonico,2017,932.8539389
02104,Bentonico,2018,932.8539389
02104,Bentonico,2019,932.8539389
02104,Bentonico,2020,932.8539389
02104,Bentonico,2021,932.8539389
02104,Bentonico,2022,932.8539389
02104,Bentonico,2023,932.8539389
10401,Bosques y matorrales,2024,964.82
12101,Marismas y humedales,2022,966.4157143
10208,Bosques y matorrales,2024,1008.6
12101,Marismas y humedales,2019,1012.51
12103,Bosques y matorrales,2022,1068.150816
12103,Bosques y matorrales,2019,1072.35
12201,Marismas y humedales,2020,1101.14
11303,Marismas y humedales,2020,1103.43
11303,Marismas y humedales,2021,1103.43
12101,Marismas y humedales,2018,1117.27
12201,Bosques y matorrales,2023,1166.464286
12201,Marismas y humedales,2017,1240
12201,Marismas y humedales,2021,1241
12401,Playas y dunas,2024,1258.8
12103,Bosques y matorrales,2017,1279.42
12103,Bosques y matorrales,2018,1300.23
12101,Bosques y matorrales,2023,1306.862143
12101,Macrocystis,2024,1409.05
11303,Marismas y humedales,2017,1512
12101,Bosques y matorrales,2020,1527.12
12201,Bosques y matorrales,2022,1667.777755
12401,Marismas y humedales,2020,1679.5
12201,Bosques y matorrales,2019,1754.5
12101,Marismas y humedales,2017,1910.64
12201,Bosques y matorrales,2018,2001
12101,Bosques y matorrales,2019,2011.515
11303,Bosques y matorrales,2024,2090.39
12101,Bosques y matorrales,2022,2155.432449
12201,Bosques y matorrales,2020,2157.75
11202,Bosques y matorrales,2023,2165.53
12201,Bosques y matorrales,2017,2247.5
12103,Bosques y matorrales,2024,2335.49
12201,Bosques y matorrales,2024,2342.73
12101,Bosques y matorrales,2018,2495.91
11303,Bosques y matorrales,2018,2506.675
11303,Bosques y matorrales,2022,2521.38
11303,Bosques y matorrales,2023,2675.820357
12401,Macrocystis,2024,2728.92
11202,Bosques y matorrales,2021,3080.711429
12401,Marismas y humedales,2023,3105.641429
12101,Bosques y matorrales,2017,3107.26
11201,Bosques y matorrales,2022,3459.54
11202,Bosques y matorrales,2019,3612.52
11303,Bosques y matorrales,2019,3722.5375
11202,Bosques y matorrales,2018,3733.16
11202,Bosques y matorrales,2017,3853.8
11202,Bosques y matorrales,2020,3871.75
11201,Bosques y matorrales,2023,3919.162857
12401,Marismas y humedales,2019,4175
11202,Bosques y matorrales,2024,4240.74
12101,Bosques y matorrales,2024,4633.13
12401,Marismas y humedales,2018,4827.25
11303,Bosques y matorrales,2020,4938.4
11303,Bosques y matorrales,2017,5013.35
12401,Marismas y humedales,2017,5479.5
12401,Marismas y humedales,2021,5480.5
11201,Bosques y matorrales,2019,5587.9
12401,Bosques y matorrales,2023,5681.877857
11201,Bosques y matorrales,2018,5911.825
11201,Bosques y matorrales,2017,6235.75
11201,Bosques y matorrales,2020,6237.75
12401,Bosques y matorrales,2020,6245.01
12401,Bosques y matorrales,2022,6599.97
11201,Bosques y matorrales,2024,7061.92
12401,Bosques y matorrales,2019,8590.03
12401,Bosques y matorrales,2018,8971.995
12401,Bosques y matorrales,2017,9353.96
12401,Bosques y matorrales,2024,12486.09
