rgn_id,specie,status
5201,Fregata minor,1
5201,Anous stolidus,1
5201,Phaethon rubricauda,1
5201,Puffinus nativitatis,1
5201,Sula sula,1
5201,Sula dactylatra,1
5201,Pterodroma ultima,0.8
5201,Pterodroma externa,0.6
5201,Arothron meleagris,1
5201,Cryptoblepharus poecilopleurus,1
5201,Forcipiger flavissimus,1
5201,Chaetodon litus,1
5201,Chelonia mydas,0.4
5201,Pterodroma alba,0.6
5201,Columba livia,1
5201,Passer domesticus,1
5201,Diuca diuca,1
5201,Nothoprocta perdicaria,1
5201,Pterodroma neglecta,1
5201,Phaethon lepturus,1
5201,Bubulcus ibis,1
5201,Tringa incana,1
5201,Thalassarche melanophris,1
5201,Pterodroma heraldica,1
5201,Pterodroma nigripennis,1
5201,Pterodroma atrata,0.4
5201,Macronectes halli,1
5201,Acanthurus leucopareius,1
5201,Megaptera novaeangliae,1
5201,Cornu aspersum,1
5201,Macronectes giganteus,1
5104,Pterodroma externa,0.6
5104,Anairetes fernandezianus,0.4
5104,Thalassarche melanophris,1
5104,Macronectes halli,1
5104,Sephanoides sephaniodes,1
5104,Sephanoides fernandensis,0.2
5104,Pterodroma neglecta,1
5104,Fregetta grallaria,1
5104,Pterodroma longirostris,0.6
5104,Columba livia,1
5104,Turdus falcklandii,1
5104,Larus dominicanus,1
5104,Thalassarche bulleri,0.8
5104,Pterodroma defilippiana,0.6
5104,Sula dactylatra,1
5104,Macronectes giganteus,1
5104,Falco sparverius,1
5104,Eristalis tenax,1
5104,Asio flammeus,0.8
5104,Diomedea epomophora,0.6
5104,Diomedea sanfordi,0.4
5104,Passer domesticus,1
5104,Arctocephalus philippii,1
5104,Seriola lalandi,1
5104,Pseudocaranx chilensis,0.6
5104,Cornu aspersum,1
5104,Oryctolagus cuniculus,0.4
5104,Cinclodes oustaleti,1
5104,Aphrastura masafuerae,0.2
5104,Pterodroma nigripennis,1
5109,Passer domesticus,1
5606,Pelecanus thagus,0.8
4102,Ardea cocoi,1
11202,Haematopus palliatus,1
5606,Vanellus chilensis,1
10202,Spheniscus humboldti,0.6
5606,Plegadis chihi,1
12201,Thalassarche melanophris,1
5101,Passer domesticus,1
12201,Macronectes giganteus,1
4104,Larus dominicanus,1
5103,Passer domesticus,1
5602,Tringa flavipes,0.6
8112,Diuca diuca,1
10201,Vanellus chilensis,1
12201,Larus dominicanus,1
8110,Vanellus chilensis,1
5604,Pelecanus thagus,0.8
12101,Vanellus chilensis,1
4203,Sula variegata,1
5107,Passer domesticus,1
15101,Thalasseus elegans,0.8
6201,Larosterna inca,0.8
9116,Passer domesticus,1
10108,Macronectes giganteus,1
4102,Larus dominicanus,1
14102,Turdus falcklandii,1
12101,Passer domesticus,1
15101,Larosterna inca,0.8
5602,Sephanoides sephaniodes,1
10101,Turdus falcklandii,1
5109,Haematopus palliatus,1
12401,Cygnus melancoryphus,1
4202,Larus dominicanus,1
5602,Larus dominicanus,1
5107,Larus dominicanus,1
10201,Sephanoides sephaniodes,1
5109,Turdus falcklandii,1
5606,Bubulcus ibis,1
5602,Vanellus chilensis,1
12101,Larus dominicanus,1
5107,Vanellus chilensis,1
12101,Macronectes giganteus,1
5605,Heteronetta atricapilla,1
14101,Larus dominicanus,1
8110,Coscoroba coscoroba,1
10306,Pelecanus thagus,0.8
2102,Larus dominicanus,1
15101,Larus dominicanus,1
10102,Pelecanus thagus,0.8
12301,Vanellus chilensis,1
14101,Thalassarche melanophris,1
5107,Tringa flavipes,0.6
8112,Larus dominicanus,1
5107,Sephanoides sephaniodes,1
5604,Larus dominicanus,1
5101,Columba livia,1
5109,Cinclodes oustaleti,1
5601,Vanellus chilensis,1
5606,Thalasseus elegans,0.8
5603,Vanellus chilensis,1
5103,Larus dominicanus,1
14106,Diuca diuca,1
1101,Thalassarche bulleri,0.8
14101,Macronectes halli,1
5107,Turdus falcklandii,1
12104,Chloephaga hybrida,1
8111,Pelecanus thagus,0.8
5405,Pelecanus thagus,0.8
4203,Turdus falcklandii,1
5602,Haematopus palliatus,1
12301,Tachyeres pteneres,1
12101,Turdus falcklandii,1
5109,Columba livia,1
12101,Chloephaga rubidiceps,1
12101,Geranoaetus melanoleucus,1
10202,Cygnus melancoryphus,1
5606,Haematopus palliatus,1
10101,Cinclodes oustaleti,1
15101,Pelecanus thagus,0.8
5604,Turdus falcklandii,1
4102,Numenius phaeopus,1
4102,Sula variegata,1
12101,Macronectes halli,1
1101,Passer domesticus,1
12101,Tachyeres pteneres,1
10202,Vanellus chilensis,1
5109,Diuca diuca,1
6201,Larus dominicanus,1
8110,Larus dominicanus,1
5605,Sephanoides sephaniodes,1
12101,Thalassarche melanophris,1
4104,Calidris alba,1
4202,Vanellus chilensis,1
5105,Columba livia,1
3304,Haematopus palliatus,1
10101,Larus dominicanus,1
10401,Turdus falcklandii,1
5105,Larus dominicanus,1
10401,Pelecanus thagus,0.8
3303,Larus dominicanus,1
5107,Falco sparverius,1
4101,Calidris alba,1
10106,Turdus falcklandii,1
15101,Falco peregrinus,1
5105,Numenius phaeopus,1
10210,Vanellus chilensis,1
8202,Vanellus chilensis,1
4101,Numenius phaeopus,1
4101,Sephanoides sephaniodes,1
12201,Diomedea sanfordi,0.4
7309,Tringa flavipes,0.6
8111,Sephanoides sephaniodes,1
12201,Macronectes halli,1
5109,Larus dominicanus,1
2101,Larosterna inca,0.8
10102,Vanellus chilensis,1
4101,Larus dominicanus,1
4104,Numenius phaeopus,1
5109,Pelecanus thagus,0.8
8111,Passer domesticus,1
5605,Bubulcus ibis,1
5606,Larus dominicanus,1
10202,Larus dominicanus,1
3303,Pelecanus thagus,0.8
5603,Coscoroba coscoroba,1
4102,Passer domesticus,1
12401,Larus dominicanus,1
1101,Larosterna inca,0.8
12201,Tachyeres pteneres,1
10101,Passer domesticus,1
10201,Cygnus melancoryphus,1
5105,Sula variegata,1
10202,Passer domesticus,1
4203,Numenius phaeopus,1
5101,Larus dominicanus,1
5101,Pterodroma defilippiana,0.6
4202,Diuca diuca,1
5606,Ardea cocoi,1
10401,Vanellus chilensis,1
5105,Turdus falcklandii,1
10201,Turdus falcklandii,1
15101,Pelecanoides garnotii,0.8
3102,Pelecanus thagus,0.8
8202,Sula variegata,1
10108,Thalassarche salvini,0.6
10201,Tachyeres pteneres,1
6203,Diuca diuca,1
5601,Coscoroba coscoroba,1
2102,Numenius phaeopus,1
10210,Haematopus palliatus,1
12302,Phoenicopterus chilensis,0.8
10202,Numenius phaeopus,1
5601,Turdus falcklandii,1
16202,Haematopus palliatus,1
5605,Coscoroba coscoroba,1
9118,Turdus falcklandii,1
12302,Calidris fuscicollis,0.6
7103,Cygnus melancoryphus,1
5606,Larosterna inca,0.8
10108,Vanellus chilensis,1
2101,Numenius phaeopus,1
10108,Columba livia,1
4104,Diuca diuca,1
8107,Larosterna inca,0.8
10203,Haematopus palliatus,1
10101,Numenius phaeopus,1
10101,Pelecanus thagus,0.8
4101,Sula variegata,1
4102,Falco sparverius,1
10101,Vanellus chilensis,1
8110,Haematopus palliatus,1
4102,Haematopus palliatus,1
5101,Turdus falcklandii,1
14102,Larosterna inca,0.8
10202,Haematopus palliatus,1
10108,Cygnus melancoryphus,1
5109,Sephanoides sephaniodes,1
12201,Chloephaga hybrida,1
5602,Columba livia,1
15101,Haematopus palliatus,1
12104,Phoenicopterus chilensis,0.8
5605,Vanellus chilensis,1
8110,Turdus falcklandii,1
14106,Larus dominicanus,1
4101,Pelecanoides garnotii,0.8
10401,Sephanoides sephaniodes,1
1101,Thalassarche salvini,0.6
10201,Larus dominicanus,1
5107,Numenius phaeopus,1
14102,Larus dominicanus,1
2101,Pelecanus thagus,0.8
5604,Falco sparverius,1
4203,Diuca diuca,1
11303,Turdus falcklandii,1
5105,Macronectes halli,1
16202,Larus dominicanus,1
5603,Tringa flavipes,0.6
7102,Larus dominicanus,1
5107,Columba livia,1
5107,Haematopus palliatus,1
12401,Vanellus chilensis,1
5602,Turdus falcklandii,1
6201,Haematopus palliatus,1
12303,Chloephaga hybrida,1
5601,Larus dominicanus,1
3304,Falco peregrinus,1
2101,Calidris alba,1
5101,Larosterna inca,0.8
5605,Columba livia,1
5606,Coscoroba coscoroba,1
5606,Diuca diuca,1
5401,Nothoprocta perdicaria,1
5103,Larosterna inca,0.8
10205,Numenius phaeopus,1
5107,Thalassarche melanophris,1
4101,Haematopus palliatus,1
8201,Vanellus chilensis,1
5605,Haematopus palliatus,1
15101,Numenius phaeopus,1
12201,Vanellus chilensis,1
4102,Cinclodes oustaleti,1
5602,Diuca diuca,1
5109,Macronectes halli,1
12201,Falco sparverius,1
5606,Spheniscus humboldti,0.6
10108,Larus dominicanus,1
5401,Diuca diuca,1
5109,Thalassarche eremita,0.6
11202,Thalassarche melanophris,1
8107,Coscoroba coscoroba,1
1101,Sternula lorata,0.4
5606,Numenius phaeopus,1
12104,Larus dominicanus,1
6201,Passer domesticus,1
2101,Larus dominicanus,1
5405,Vanellus chilensis,1
14106,Turdus falcklandii,1
6201,Sephanoides sephaniodes,1
5103,Haematopus palliatus,1
10108,Passer domesticus,1
3102,Larus dominicanus,1
12301,Larus dominicanus,1
10108,Coscoroba coscoroba,1
15101,Plegadis ridgwayi,1
2101,Macronectes halli,1
10108,Tachyeres pteneres,1
15101,Calidris alba,1
10108,Pelecanus thagus,0.8
10403,Sephanoides sephaniodes,1
4202,Tringa flavipes,0.6
3102,Numenius phaeopus,1
10108,Thalassarche melanophris,1
10102,Tachyeres pteneres,1
5103,Columba livia,1
5401,Numenius phaeopus,1
5601,Sephanoides sephaniodes,1
12101,Tringa flavipes,0.6
8107,Haematopus palliatus,1
4202,Vultur gryphus,0.6
12101,Columba livia,1
3304,Laterallus jamaicensis,0.4
6201,Sula variegata,1
5606,Calidris alba,1
5603,Larus dominicanus,1
12103,Larus dominicanus,1
10207,Sephanoides sephaniodes,1
10203,Speculanas specularis,0.8
5606,Columba livia,1
10108,Pelecanoides garnotii,0.8
10108,Numenius phaeopus,1
5605,Larus dominicanus,1
11202,Sephanoides sephaniodes,1
5604,Sephanoides sephaniodes,1
2101,Cinclodes oustaleti,1
4102,Spheniscus humboldti,0.6
12103,Cygnus melancoryphus,1
10108,Phoenicopterus chilensis,0.8
11201,Thalassarche melanophris,1
3304,Calidris alba,1
5101,Pelecanoides garnotii,0.8
10306,Vanellus chilensis,1
12101,Falco sparverius,1
5603,Cygnus melancoryphus,1
10203,Larus dominicanus,1
10108,Sephanoides sephaniodes,1
15101,Columba livia,1
5101,Macronectes halli,1
9102,Larus dominicanus,1
9118,Larosterna inca,0.8
10101,Calidris fuscicollis,0.6
14102,Sephanoides sephaniodes,1
1101,Larus dominicanus,1
2102,Spheniscus humboldti,0.6
6201,Diuca diuca,1
10202,Tachyeres pteneres,1
5109,Numenius phaeopus,1
14102,Pelecanus thagus,0.8
8110,Tringa flavipes,0.6
5109,Sula variegata,1
12401,Calidris fuscicollis,0.6
14101,Turdus falcklandii,1
8106,Sula variegata,1
9118,Larus dominicanus,1
4101,Bubulcus ibis,1
10207,Cygnus melancoryphus,1
5605,Tringa flavipes,0.6
10108,Larosterna inca,0.8
7203,Haematopus palliatus,1
8112,Ardea cocoi,1
8110,Sula variegata,1
5105,Coscoroba coscoroba,1
10209,Tachyeres pteneres,1
10201,Diuca diuca,1
5603,Sula variegata,1
10403,Turdus falcklandii,1
8106,Diomedea epomophora,0.6
10201,Numenius phaeopus,1
2301,Numenius phaeopus,1
2101,Columba livia,1
5602,Coscoroba coscoroba,1
10102,Sephanoides sephaniodes,1
10101,Columba livia,1
5603,Haematopus palliatus,1
10207,Tachyeres pteneres,1
8112,Pelecanus thagus,0.8
5103,Diuca diuca,1
7102,Vanellus chilensis,1
8107,Vanellus chilensis,1
14106,Pelecanus thagus,0.8
12101,Tachyeres patachonicus,1
5605,Sula variegata,1
10208,Chloephaga hybrida,1
10209,Haematopus palliatus,1
5403,Haematopus palliatus,1
8112,Columba livia,1
9118,Numenius phaeopus,1
14101,Sula variegata,1
9116,Sephanoides sephaniodes,1
5605,Turdus falcklandii,1
5109,Pelecanoides garnotii,0.8
10403,Larus dominicanus,1
5103,Numenius phaeopus,1
8112,Spheniscus humboldti,0.6
6201,Numenius phaeopus,1
8110,Passer domesticus,1
5603,Columba livia,1
10102,Haematopus palliatus,1
5606,Turdus falcklandii,1
8112,Numenius phaeopus,1
3102,Calidris alba,1
3304,Vanellus chilensis,1
4202,Numenius phaeopus,1
5603,Passer domesticus,1
4102,Columba livia,1
8207,Turdus falcklandii,1
5107,Heteronetta atricapilla,1
10403,Tachyeres pteneres,1
10204,Larus dominicanus,1
4101,Turdus falcklandii,1
10207,Thalassarche melanophris,1
8202,Tringa flavipes,0.6
8112,Haematopus palliatus,1
5606,Tringa flavipes,0.6
5109,Larosterna inca,0.8
4202,Falco sparverius,1
2101,Sula variegata,1
10208,Haematopus palliatus,1
7103,Larus dominicanus,1
7102,Sephanoides sephaniodes,1
5103,Turdus falcklandii,1
3304,Passer domesticus,1
10106,Larus dominicanus,1
4102,Vanellus chilensis,1
10202,Turdus falcklandii,1
10401,Cygnus melancoryphus,1
5405,Larus dominicanus,1
8112,Turdus falcklandii,1
5109,Spheniscus humboldti,0.6
5603,Diuca diuca,1
5109,Thalassarche bulleri,0.8
15101,Bubulcus ibis,1
1101,Numenius phaeopus,1
5601,Cygnus melancoryphus,1
10202,Thalassarche melanophris,1
5105,Passer domesticus,1
4203,Calidris alba,1
7303,Larus dominicanus,1
5105,Macronectes giganteus,1
8102,Numenius phaeopus,1
7309,Larus dominicanus,1
5401,Coscoroba coscoroba,1
10403,Pelecanus thagus,0.8
1101,Pelecanus thagus,0.8
10208,Turdus falcklandii,1
14102,Numenius phaeopus,1
3304,Larus dominicanus,1
5103,Pelecanus thagus,0.8
10201,Cinclodes oustaleti,1
4102,Tringa flavipes,0.6
9118,Thalassarche melanophris,1
8111,Larus dominicanus,1
5105,Larosterna inca,0.8
5603,Numenius phaeopus,1
5601,Heteronetta atricapilla,1
5605,Passer domesticus,1
3102,Haematopus palliatus,1
8107,Larus dominicanus,1
12101,Chloephaga hybrida,1
7303,Haematopus palliatus,1
5105,Nothoprocta perdicaria,1
5105,Diomedea sanfordi,0.4
5604,Numenius phaeopus,1
5105,Thalassarche melanophris,1
10401,Haematopus palliatus,1
2102,Thalasseus elegans,0.8
14101,Passer domesticus,1
8202,Macronectes giganteus,1
5401,Tringa flavipes,0.6
7203,Vanellus chilensis,1
8102,Passer domesticus,1
12101,Coscoroba coscoroba,1
12301,Calidris fuscicollis,0.6
10102,Cygnus melancoryphus,1
10202,Pelecanus thagus,0.8
3303,Pterodroma defilippiana,0.6
5105,Pelecanus thagus,0.8
12104,Calidris fuscicollis,0.6
10208,Numenius phaeopus,1
10101,Sephanoides sephaniodes,1
2102,Larosterna inca,0.8
2101,Macronectes giganteus,1
4101,Thalasseus elegans,0.8
10103,Vanellus chilensis,1
10201,Pelecanus thagus,0.8
12101,Sephanoides sephaniodes,1
10103,Turdus falcklandii,1
10202,Chloephaga hybrida,1
10209,Sula variegata,1
3201,Sula variegata,1
3303,Spheniscus humboldti,0.6
3201,Larus dominicanus,1
5405,Columba livia,1
5101,Thalassarche salvini,0.6
10209,Turdus falcklandii,1
11203,Sephanoides sephaniodes,1
7103,Haematopus palliatus,1
5602,Pelecanus thagus,0.8
9102,Numenius phaeopus,1
8112,Falco sparverius,1
5103,Sula variegata,1
10401,Larus dominicanus,1
5603,Sephanoides sephaniodes,1
10403,Sula variegata,1
12104,Vanellus chilensis,1
8112,Cygnus melancoryphus,1
14102,Vanellus chilensis,1
12201,Calidris fuscicollis,0.6
4203,Vanellus chilensis,1
5101,Falco sparverius,1
5601,Pelecanus thagus,0.8
10202,Diuca diuca,1
5107,Sula variegata,1
1101,Macronectes halli,1
10102,Turdus falcklandii,1
9116,Larus dominicanus,1
5602,Sula variegata,1
10101,Tringa flavipes,0.6
3303,Thalassarche bulleri,0.8
11303,Tachyeres patachonicus,1
2102,Sternula lorata,0.4
8112,Coscoroba coscoroba,1
5105,Tringa flavipes,0.6
10209,Larus dominicanus,1
5602,Numenius phaeopus,1
2101,Passer domesticus,1
5403,Passer domesticus,1
8112,Pelecanoides garnotii,0.8
5606,Sephanoides sephaniodes,1
2102,Columba livia,1
7303,Diuca diuca,1
3304,Columba livia,1
7303,Passer domesticus,1
10204,Diuca diuca,1
10108,Sula variegata,1
8111,Thalasseus elegans,0.8
10401,Cinclodes oustaleti,1
15102,Sula variegata,1
8202,Thalasseus elegans,0.8
15101,Passer domesticus,1
5101,Haematopus palliatus,1
2101,Pterodroma defilippiana,0.6
5605,Numenius phaeopus,1
6203,Vanellus chilensis,1
10205,Larus dominicanus,1
12101,Speculanas specularis,0.8
4101,Pelecanus thagus,0.8
4102,Pterodroma defilippiana,0.6
5601,Haematopus palliatus,1
14101,Numenius phaeopus,1
5107,Diuca diuca,1
5109,Thalassarche melanophris,1
5603,Turdus falcklandii,1
10101,Cygnus melancoryphus,1
5101,Thalassarche melanophris,1
10306,Larus dominicanus,1
11203,Vanellus chilensis,1
5604,Spheniscus humboldti,0.6
14102,Thalasseus elegans,0.8
8112,Sula variegata,1
1101,Pelecanoides garnotii,0.8
8110,Cinclodes oustaleti,1
9116,Tringa flavipes,0.6
9116,Falco sparverius,1
12101,Falco peregrinus,1
10208,Thalassarche melanophris,1
11202,Pelecanus thagus,0.8
5605,Thalasseus elegans,0.8
12103,Falco peregrinus,1
10401,Numenius phaeopus,1
5401,Sephanoides sephaniodes,1
3303,Macronectes halli,1
6206,Larus dominicanus,1
10102,Passer domesticus,1
7309,Cygnus melancoryphus,1
4202,Haematopus palliatus,1
5403,Numenius phaeopus,1
5101,Pterodroma externa,0.6
7102,Passer domesticus,1
10108,Diomedea sanfordi,0.4
12401,Sephanoides sephaniodes,1
10201,Columba livia,1
8202,Passer domesticus,1
10207,Larus dominicanus,1
14102,Macronectes giganteus,1
12401,Passer domesticus,1
8110,Sephanoides sephaniodes,1
15102,Pelecanus thagus,0.8
4101,Vanellus chilensis,1
9116,Haematopus palliatus,1
8107,Columba livia,1
5605,Cygnus melancoryphus,1
5103,Vanellus chilensis,1
5604,Columba livia,1
10403,Vanellus chilensis,1
4203,Columba livia,1
5601,Passer domesticus,1
2301,Haematopus palliatus,1
10101,Macronectes giganteus,1
10204,Turdus falcklandii,1
8107,Cygnus melancoryphus,1
10403,Numenius phaeopus,1
6205,Vanellus chilensis,1
15101,Macronectes halli,1
14101,Sephanoides sephaniodes,1
5405,Turdus falcklandii,1
10102,Larus dominicanus,1
12201,Vultur gryphus,0.6
5601,Pelecanoides garnotii,0.8
4102,Diomedea sanfordi,0.4
5602,Cinclodes oustaleti,1
8111,Numenius phaeopus,1
7102,Columba livia,1
8112,Vanellus chilensis,1
5405,Sephanoides sephaniodes,1
9118,Asio flammeus,0.8
4202,Coscoroba coscoroba,1
5403,Diuca diuca,1
5405,Sula variegata,1
14102,Sula variegata,1
12301,Pluvianellus socialis,0.6
10108,Calidris alba,1
10108,Haematopus palliatus,1
10108,Macronectes halli,1
4101,Ardea cocoi,1
5105,Haematopus palliatus,1
15101,Sternula lorata,0.4
5109,Thalassarche salvini,0.6
10202,Sephanoides sephaniodes,1
5603,Bubulcus ibis,1
14106,Sula variegata,1
5606,Sula variegata,1
8112,Macronectes giganteus,1
10108,Tringa flavipes,0.6
10202,Falco peregrinus,1
4101,Diuca diuca,1
6201,Vanellus chilensis,1
7303,Tringa flavipes,0.6
5604,Tringa flavipes,0.6
14102,Cygnus melancoryphus,1
10209,Cygnus melancoryphus,1
5602,Passer domesticus,1
12401,Speculanas specularis,0.8
4102,Thalasseus elegans,0.8
12101,Haematopus palliatus,1
8102,Vanellus chilensis,1
5109,Diomedea sanfordi,0.4
6201,Columba livia,1
15102,Haematopus palliatus,1
3304,Numenius phaeopus,1
9116,Vanellus chilensis,1
5405,Numenius phaeopus,1
14101,Haematopus palliatus,1
10202,Tringa flavipes,0.6
5105,Pelecanoides garnotii,0.8
8107,Numenius phaeopus,1
4202,Ardea cocoi,1
7103,Plegadis chihi,1
5105,Pterodroma externa,0.6
5105,Vanellus chilensis,1
5103,Tringa flavipes,0.6
8110,Numenius phaeopus,1
5603,Pelecanus thagus,0.8
5101,Diomedea sanfordi,0.4
14106,Sephanoides sephaniodes,1
4101,Columba livia,1
5101,Sephanoides sephaniodes,1
5403,Coscoroba coscoroba,1
10207,Vanellus chilensis,1
12401,Thalassarche melanophris,1
5405,Haematopus palliatus,1
5606,Laterallus jamaicensis,0.4
9118,Pelecanus thagus,0.8
2102,Passer domesticus,1
8112,Thalassarche salvini,0.6
7303,Numenius phaeopus,1
4101,Passer domesticus,1
7203,Diuca diuca,1
8112,Tringa flavipes,0.6
10203,Turdus falcklandii,1
10401,Falco sparverius,1
5405,Thalassarche melanophris,1
4102,Pelecanoides garnotii,0.8
12301,Tachyeres patachonicus,1
9102,Calidris alba,1
4203,Coscoroba coscoroba,1
4203,Sephanoides sephaniodes,1
5103,Sephanoides sephaniodes,1
5601,Falco sparverius,1
14106,Numenius phaeopus,1
5105,Diuca diuca,1
15101,Tringa flavipes,0.6
5107,Ardea cocoi,1
15101,Falco sparverius,1
10102,Thalassarche melanophris,1
3303,Passer domesticus,1
10207,Pelecanus thagus,0.8
10203,Vanellus chilensis,1
10101,Thalasseus elegans,0.8
12302,Larus dominicanus,1
5101,Daption capense,1
2102,Haematopus palliatus,1
10204,Passer domesticus,1
7102,Coscoroba coscoroba,1
3102,Coscoroba coscoroba,1
5601,Tringa flavipes,0.6
11203,Haematopus palliatus,1
5401,Macronectes giganteus,1
10210,Columba livia,1
5604,Sula variegata,1
9116,Pelecanus thagus,0.8
5401,Larus dominicanus,1
5103,Spheniscus humboldti,0.6
3303,Numenius phaeopus,1
3303,Pelecanoides garnotii,0.8
4102,Pelecanus thagus,0.8
5602,Spheniscus humboldti,0.6
10102,Numenius phaeopus,1
5405,Spheniscus humboldti,0.6
11303,Sephanoides sephaniodes,1
3304,Ardea cocoi,1
10106,Thalassarche melanophris,1
15101,Sula variegata,1
1101,Macronectes giganteus,1
3304,Tringa flavipes,0.6
8106,Pelecanus thagus,0.8
5606,Passer domesticus,1
8107,Falco peregrinus,1
10208,Vanellus chilensis,1
11201,Larus dominicanus,1
12302,Macronectes giganteus,1
7102,Pelecanus thagus,0.8
10101,Tachyeres pteneres,1
10208,Pterodroma externa,0.6
5103,Plegadis chihi,1
5403,Sula variegata,1
8107,Passer domesticus,1
12104,Haematopus palliatus,1
10101,Macronectes halli,1
5601,Plegadis chihi,1
4202,Turdus falcklandii,1
14101,Larosterna inca,0.8
4203,Haematopus palliatus,1
14102,Haematopus palliatus,1
5606,Cygnus melancoryphus,1
8102,Turdus falcklandii,1
7102,Cygnus melancoryphus,1
5101,Vanellus chilensis,1
14102,Spheniscus humboldti,0.6
5606,Falco sparverius,1
3304,Falco sparverius,1
10108,Thalasseus elegans,0.8
4203,Cygnus melancoryphus,1
4102,Coscoroba coscoroba,1
16203,Coscoroba coscoroba,1
15101,Pandion haliaetus,0.4
2102,Sula variegata,1
8106,Macronectes halli,1
8112,Larosterna inca,0.8
9118,Haematopus palliatus,1
10205,Passer domesticus,1
5601,Thalassarche salvini,0.6
5602,Cygnus melancoryphus,1
8202,Haematopus palliatus,1
7203,Sephanoides sephaniodes,1
5601,Thalassarche melanophris,1
7102,Nothoprocta perdicaria,1
10103,Diuca diuca,1
9116,Diuca diuca,1
8111,Haematopus palliatus,1
3102,Sula variegata,1
1101,Sula variegata,1
5403,Turdus falcklandii,1
3101,Diuca diuca,1
4101,Falco sparverius,1
9116,Coscoroba coscoroba,1
5101,Diomedea epomophora,0.6
7303,Vanellus chilensis,1
4301,Larus dominicanus,1
6201,Turdus falcklandii,1
12101,Diomedea epomophora,0.6
5601,Columba livia,1
10208,Columba livia,1
7309,Coscoroba coscoroba,1
9118,Sula variegata,1
16202,Larosterna inca,0.8
9118,Macronectes giganteus,1
5604,Pterodroma defilippiana,0.6
14102,Plegadis chihi,1
6206,Vanellus chilensis,1
14101,Vanellus chilensis,1
10106,Sephanoides sephaniodes,1
10210,Numenius phaeopus,1
12301,Macronectes giganteus,1
2101,Haematopus palliatus,1
10101,Haematopus palliatus,1
5101,Pelecanus thagus,0.8
6201,Phoenicopterus chilensis,0.8
10203,Cygnus melancoryphus,1
5401,Turdus falcklandii,1
5105,Spheniscus humboldti,0.6
5107,Coscoroba coscoroba,1
10201,Haematopus palliatus,1
8106,Spheniscus humboldti,0.6
5101,Sula variegata,1
5405,Diuca diuca,1
14106,Haematopus palliatus,1
10401,Thalassarche melanophris,1
4203,Larus dominicanus,1
5604,Diuca diuca,1
16202,Falco sparverius,1
9116,Numenius phaeopus,1
7102,Turdus falcklandii,1
5601,Bubulcus ibis,1
5403,Larus dominicanus,1
8107,Pelecanus thagus,0.8
12104,Coscoroba coscoroba,1
4104,Pelecanoides garnotii,0.8
8202,Macronectes halli,1
4102,Bubulcus ibis,1
12101,Calidris fuscicollis,0.6
6205,Turdus falcklandii,1
5606,Thalassarche melanophris,1
4203,Tringa flavipes,0.6
5403,Spheniscus humboldti,0.6
5109,Vanellus chilensis,1
12401,Coscoroba coscoroba,1
5401,Vanellus chilensis,1
1101,Haematopus palliatus,1
16203,Larus dominicanus,1
2101,Thalassarche melanophris,1
5605,Plegadis chihi,1
5405,Passer domesticus,1
5105,Thalassarche salvini,0.6
5401,Sula variegata,1
12201,Cinclodes oustaleti,1
16203,Numenius phaeopus,1
5101,Thalassarche bulleri,0.8
8110,Thalasseus elegans,0.8
4104,Passer domesticus,1
6201,Coscoroba coscoroba,1
6205,Larus dominicanus,1
5605,Thalassarche melanophris,1
4203,Passer domesticus,1
10201,Asio flammeus,0.8
4104,Pelecanus thagus,0.8
12301,Thalassarche melanophris,1
8102,Larus dominicanus,1
14101,Spheniscus humboldti,0.6
16207,Haematopus palliatus,1
10101,Larosterna inca,0.8
5601,Diomedea epomophora,0.6
10108,Turdus falcklandii,1
6203,Numenius phaeopus,1
2301,Larus dominicanus,1
5109,Daption capense,1
5601,Numenius phaeopus,1
10203,Sephanoides sephaniodes,1
8108,Vanellus chilensis,1
10204,Vanellus chilensis,1
4104,Tringa flavipes,0.6
8201,Passer domesticus,1
5102,Numenius phaeopus,1
4202,Thalassarche melanophris,1
3303,Haematopus palliatus,1
5601,Sula variegata,1
3303,Pterodroma externa,0.6
8108,Larosterna inca,0.8
12101,Diuca diuca,1
4202,Passer domesticus,1
7202,Pelecanus thagus,0.8
9118,Macronectes halli,1
3304,Nothoprocta perdicaria,1
9117,Vanellus chilensis,1
7102,Larosterna inca,0.8
10209,Vanellus chilensis,1
14101,Pelecanus thagus,0.8
2102,Thalassarche salvini,0.6
5401,Thalassarche melanophris,1
5109,Diomedea epomophora,0.6
10403,Cinclodes oustaleti,1
5401,Passer domesticus,1
11202,Larus dominicanus,1
9117,Larus dominicanus,1
5107,Bubulcus ibis,1
3304,Diuca diuca,1
10403,Tachyeres patachonicus,1
5601,Diuca diuca,1
8107,Turdus falcklandii,1
8108,Diomedea sanfordi,0.4
14102,Coscoroba coscoroba,1
7203,Thalassarche bulleri,0.8
3304,Pelecanus thagus,0.8
7103,Pelecanus thagus,0.8
14106,Vanellus chilensis,1
10101,Thalassarche melanophris,1
6205,Numenius phaeopus,1
5103,Thalasseus elegans,0.8
5605,Larosterna inca,0.8
4202,Bubulcus ibis,1
6201,Plegadis chihi,1
5603,Calidris alba,1
9116,Plegadis chihi,1
7203,Larus dominicanus,1
8106,Columba livia,1
16202,Numenius phaeopus,1
8102,Pelecanus thagus,0.8
10403,Cygnus melancoryphus,1
10106,Haematopus palliatus,1
10202,Sula variegata,1
12303,Larus dominicanus,1
12303,Tachyeres pteneres,1
10204,Numenius phaeopus,1
5107,Larosterna inca,0.8
3201,Numenius phaeopus,1
9116,Turdus falcklandii,1
7203,Pelecanus thagus,0.8
6201,Thalassarche melanophris,1
3102,Spheniscus humboldti,0.6
5105,Thalassarche eremita,0.6
5103,Macronectes giganteus,1
12201,Sephanoides sephaniodes,1
7309,Turdus falcklandii,1
8110,Cygnus melancoryphus,1
8112,Passer domesticus,1
10108,Calidris fuscicollis,0.6
8108,Larus dominicanus,1
4202,Sephanoides sephaniodes,1
3304,Sula variegata,1
12302,Passer domesticus,1
10401,Diuca diuca,1
10106,Pelecanus thagus,0.8
5605,Diuca diuca,1
10202,Asio flammeus,0.8
9118,Vanellus chilensis,1
12301,Thalassarche chrysostoma,0.4
4102,Calidris alba,1
3303,Larosterna inca,0.8
5109,Pterodroma externa,0.6
12401,Columba livia,1
4202,Sula variegata,1
5605,Pelecanus thagus,0.8
10203,Cinclodes oustaleti,1
8110,Bubulcus ibis,1
10401,Passer domesticus,1
5602,Falco sparverius,1
5601,Larosterna inca,0.8
5606,Falco peregrinus,1
8106,Larus dominicanus,1
8110,Columba livia,1
12103,Turdus falcklandii,1
6201,Tringa flavipes,0.6
6203,Thalasseus elegans,0.8
4104,Spheniscus humboldti,0.6
3304,Plegadis chihi,1
10210,Larus dominicanus,1
10203,Calidris alba,1
10403,Haematopus palliatus,1
2102,Pelecanus thagus,0.8
5604,Haematopus palliatus,1
5603,Falco peregrinus,1
12301,Chloephaga hybrida,1
1101,Columba livia,1
6201,Heteronetta atricapilla,1
2104,Diuca diuca,1
8110,Ardea cocoi,1
6201,Cygnus melancoryphus,1
16202,Diuca diuca,1
9117,Sephanoides sephaniodes,1
12301,Phoenicopterus chilensis,0.8
8202,Turdus falcklandii,1
8102,Thalasseus elegans,0.8
12103,Vultur gryphus,0.6
16207,Passer domesticus,1
2104,Numenius phaeopus,1
10209,Numenius phaeopus,1
3303,Sula variegata,1
10201,Passer domesticus,1
5605,Calidris alba,1
10210,Thalassarche melanophris,1
4102,Diuca diuca,1
10202,Coscoroba coscoroba,1
10208,Thalassarche bulleri,0.8
5403,Vanellus chilensis,1
14102,Passer domesticus,1
7202,Turdus falcklandii,1
4102,Phoenicoparrus jamesi,0.8
12401,Phoenicopterus chilensis,0.8
9118,Cinclodes oustaleti,1
5401,Pelecanus thagus,0.8
12104,Turdus falcklandii,1
9118,Passer domesticus,1
10207,Numenius phaeopus,1
5602,Thalassarche salvini,0.6
8107,Thalasseus elegans,0.8
5101,Spheniscus humboldti,0.6
5603,Cinclodes oustaleti,1
5403,Ardea cocoi,1
8110,Laterallus jamaicensis,0.4
4102,Larosterna inca,0.8
5403,Sephanoides sephaniodes,1
12303,Macronectes giganteus,1
10101,Tachyeres patachonicus,1
5604,Vanellus chilensis,1
8202,Larus dominicanus,1
5105,Daption capense,1
4104,Sula variegata,1
3303,Falco peregrinus,1
12401,Chloephaga hybrida,1
8107,Tringa flavipes,0.6
12101,Phoenicopterus chilensis,0.8
5403,Tringa flavipes,0.6
4301,Cinclodes oustaleti,1
12104,Tachyeres patachonicus,1
3304,Sephanoides sephaniodes,1
5602,Thalassarche melanophris,1
8111,Diuca diuca,1
12302,Tachyeres pteneres,1
5601,Calidris alba,1
5105,Ardea cocoi,1
16202,Pelecanoides garnotii,0.8
6206,Pelecanus thagus,0.8
10102,Coscoroba coscoroba,1
9102,Tringa flavipes,0.6
5405,Calidris alba,1
8108,Haematopus palliatus,1
9117,Numenius phaeopus,1
3303,Thalassarche salvini,0.6
8202,Plegadis chihi,1
8112,Macronectes halli,1
10108,Cinclodes oustaleti,1
6205,Cygnus melancoryphus,1
8110,Pelecanus thagus,0.8
4104,Haematopus palliatus,1
5403,Columba livia,1
10103,Larus dominicanus,1
11202,Tachyeres patachonicus,1
15101,Calidris himantopus,0.8
7303,Pelecanus thagus,0.8
8111,Vanellus chilensis,1
10102,Sula variegata,1
2102,Macronectes halli,1
4301,Numenius phaeopus,1
2101,Thalassarche bulleri,0.8
8111,Falco sparverius,1
11202,Turdus falcklandii,1
5403,Nothoprocta perdicaria,1
5102,Pelecanus thagus,0.8
16202,Passer domesticus,1
11201,Macronectes giganteus,1
12402,Larus dominicanus,1
4301,Haematopus palliatus,1
3304,Cinclodes oustaleti,1
15101,Daption capense,1
5105,Thalassarche bulleri,0.8
5604,Passer domesticus,1
5103,Falco sparverius,1
11201,Diomedea epomophora,0.6
2101,Vanellus chilensis,1
5103,Ardea cocoi,1
8112,Thalassarche melanophris,1
8102,Cygnus melancoryphus,1
3201,Spheniscus humboldti,0.6
5604,Thalassarche melanophris,1
5107,Daption capense,1
5606,Nothoprocta perdicaria,1
8110,Asio flammeus,0.8
5107,Spheniscus humboldti,0.6
14201,Sephanoides sephaniodes,1
10106,Macronectes halli,1
8202,Ardea cocoi,1
8112,Daption capense,1
12401,Ardea cocoi,1
15101,Thalassarche salvini,0.6
5401,Haematopus palliatus,1
6205,Sula variegata,1
10201,Tringa flavipes,0.6
8107,Falco sparverius,1
4104,Nothoprocta perdicaria,1
12401,Geranoaetus melanoleucus,1
7102,Phoenicopterus chilensis,0.8
10209,Sephanoides sephaniodes,1
5107,Pelecanus thagus,0.8
8202,Calidris alba,1
8112,Thalasseus elegans,0.8
7103,Vanellus chilensis,1
5606,Cinclodes oustaleti,1
7102,Plegadis chihi,1
3304,Pelecanoides garnotii,0.8
10202,Columba livia,1
12103,Tachyeres patachonicus,1
10202,Phoenicopterus chilensis,0.8
5105,Falco sparverius,1
11202,Macronectes halli,1
7303,Cygnus melancoryphus,1
14101,Cinclodes oustaleti,1
5605,Calidris himantopus,0.8
5105,Bubulcus ibis,1
12401,Vultur gryphus,0.6
10306,Haematopus palliatus,1
11202,Vanellus chilensis,1
5601,Macronectes halli,1
16203,Vanellus chilensis,1
2104,Passer domesticus,1
12402,Turdus falcklandii,1
10401,Ardea cocoi,1
10208,Larus dominicanus,1
2102,Pelecanoides garnotii,0.8
5105,Sephanoides sephaniodes,1
8107,Sephanoides sephaniodes,1
8110,Plegadis chihi,1
5603,Larosterna inca,0.8
8111,Columba livia,1
8207,Haematopus palliatus,1
10204,Haematopus palliatus,1
8202,Nothoprocta perdicaria,1
4202,Macronectes halli,1
7309,Numenius phaeopus,1
10306,Turdus falcklandii,1
7303,Turdus falcklandii,1
10208,Macronectes giganteus,1
12301,Coscoroba coscoroba,1
5107,Asio flammeus,0.8
7303,Sephanoides sephaniodes,1
11202,Tachyeres pteneres,1
7102,Thalassarche melanophris,1
7202,Larus dominicanus,1
3102,Diuca diuca,1
11201,Sephanoides sephaniodes,1
10103,Cinclodes oustaleti,1
4101,Larosterna inca,0.8
10205,Cygnus melancoryphus,1
4203,Nothoprocta perdicaria,1
6201,Pelecanus thagus,0.8
1101,Thalasseus elegans,0.8
3102,Passer domesticus,1
3101,Numenius phaeopus,1
5602,Calidris alba,1
10401,Tachyeres pteneres,1
2101,Pelecanoides garnotii,0.8
10201,Phoenicopterus chilensis,0.8
10306,Sephanoides sephaniodes,1
4104,Larosterna inca,0.8
5405,Cinclodes oustaleti,1
7102,Tringa flavipes,0.6
12103,Cinclodes oustaleti,1
10206,Larus dominicanus,1
7102,Sula variegata,1
10207,Passer domesticus,1
12302,Geranoaetus melanoleucus,1
5605,Nothoprocta perdicaria,1
12101,Cinclodes oustaleti,1
5603,Plegadis chihi,1
12201,Tachyeres patachonicus,1
10102,Spheniscus humboldti,0.6
2101,Tringa incana,1
8108,Sula variegata,1
5403,Thalasseus elegans,0.8
10306,Spheniscus humboldti,0.6
4202,Calidris alba,1
5107,Calidris alba,1
9117,Haematopus palliatus,1
9117,Thalasseus elegans,0.8
5603,Thalasseus elegans,0.8
4104,Ardea cocoi,1
5109,Macronectes giganteus,1
10403,Falco peregrinus,1
10205,Turdus falcklandii,1
12201,Diomedea epomophora,0.6
8106,Turdus falcklandii,1
10106,Numenius phaeopus,1
10209,Passer domesticus,1
16202,Turdus falcklandii,1
3102,Tringa flavipes,0.6
5102,Vanellus chilensis,1
8106,Pelecanoides garnotii,0.8
2101,Thalassarche eremita,0.6
3201,Pelecanus thagus,0.8
5601,Ardea cocoi,1
10108,Plegadis chihi,1
5107,Plegadis chihi,1
12301,Passer domesticus,1
4301,Tringa flavipes,0.6
3304,Coscoroba coscoroba,1
3102,Falco peregrinus,1
8108,Passer domesticus,1
6206,Tringa flavipes,0.6
2101,Pterodroma externa,0.6
6205,Tringa flavipes,0.6
4301,Diuca diuca,1
10202,Ardea cocoi,1
7202,Pterodroma defilippiana,0.6
10101,Phoenicopterus chilensis,0.8
12103,Geranoaetus melanoleucus,1
12401,Macronectes giganteus,1
15101,Thalassarche bulleri,0.8
8202,Columba livia,1
7102,Numenius phaeopus,1
7102,Ardea cocoi,1
8106,Pterodroma defilippiana,0.6
3304,Turdus falcklandii,1
11201,Vanellus chilensis,1
5603,Heteronetta atricapilla,1
6201,Bubulcus ibis,1
6205,Pterodroma defilippiana,0.6
14101,Calidris alba,1
7203,Thalassarche melanophris,1
8112,Diomedea sanfordi,0.4
12401,Tachyeres pteneres,1
14102,Falco peregrinus,1
8106,Passer domesticus,1
2102,Calidris alba,1
4101,Thalassarche bulleri,0.8
2101,Sternula lorata,0.4
7102,Haematopus palliatus,1
6206,Cygnus melancoryphus,1
7102,Diuca diuca,1
5105,Diomedea epomophora,0.6
10108,Diomedea epomophora,0.6
8112,Phoenicopterus chilensis,0.8
8112,Falco peregrinus,1
6205,Haematopus palliatus,1
11202,Cinclodes oustaleti,1
12201,Thalassarche bulleri,0.8
6203,Tringa flavipes,0.6
12301,Turdus falcklandii,1
11303,Thalassarche salvini,0.6
12401,Turdus falcklandii,1
14106,Thalasseus elegans,0.8
5601,Thalasseus elegans,0.8
5101,Cinclodes oustaleti,1
2301,Sula variegata,1
11303,Diomedea sanfordi,0.4
10103,Sephanoides sephaniodes,1
10202,Thalasseus elegans,0.8
14102,Ardea cocoi,1
10106,Cinclodes oustaleti,1
10207,Haematopus palliatus,1
10208,Sephanoides sephaniodes,1
8102,Haematopus palliatus,1
16202,Pelecanus thagus,0.8
14102,Cinclodes oustaleti,1
11201,Macronectes halli,1
8106,Thalasseus elegans,0.8
16207,Sephanoides sephaniodes,1
5405,Heteronetta atricapilla,1
5405,Ardea cocoi,1
6201,Calidris alba,1
5604,Cinclodes oustaleti,1
5604,Cygnus melancoryphus,1
14101,Diomedea sanfordi,0.4
12301,Calidris himantopus,0.8
4104,Cinclodes oustaleti,1
10106,Vanellus chilensis,1
12201,Geranoaetus melanoleucus,1
1404,Pelecanus thagus,0.8
5107,Cinclodes oustaleti,1
5103,Cinclodes oustaleti,1
12104,Chloephaga rubidiceps,1
3201,Haematopus palliatus,1
4203,Falco sparverius,1
6203,Larus dominicanus,1
8202,Larosterna inca,0.8
10106,Macronectes giganteus,1
7202,Vanellus chilensis,1
10210,Diuca diuca,1
10101,Sula variegata,1
9118,Thalasseus elegans,0.8
10401,Columba livia,1
8107,Calidris fuscicollis,0.6
12103,Thalassarche melanophris,1
12201,Falco peregrinus,1
5401,Calidris alba,1
5103,Geranoaetus melanoleucus,1
5103,Thalassarche melanophris,1
11303,Vanellus chilensis,1
16207,Larus dominicanus,1
8202,Numenius phaeopus,1
16202,Vanellus chilensis,1
2101,Ardea cocoi,1
8202,Pelecanus thagus,0.8
11303,Macronectes giganteus,1
7102,Cinclodes oustaleti,1
8112,Sephanoides sephaniodes,1
7203,Thalasseus elegans,0.8
11201,Daption capense,1
6205,Sephanoides sephaniodes,1
10204,Tachyeres pteneres,1
5102,Larus dominicanus,1
9116,Thalasseus elegans,0.8
10102,Columba livia,1
14106,Phoenicopterus chilensis,0.8
12201,Turdus falcklandii,1
5603,Ardea cocoi,1
9117,Calidris alba,1
16202,Macronectes halli,1
7103,Calidris alba,1
2101,Thalasseus elegans,0.8
5103,Coscoroba coscoroba,1
4102,Nothoprocta perdicaria,1
5403,Vultur gryphus,0.6
8207,Pelecanoides garnotii,0.8
9102,Passer domesticus,1
9102,Turdus falcklandii,1
10403,Spheniscus humboldti,0.6
8108,Daption capense,1
16207,Coscoroba coscoroba,1
4104,Vanellus chilensis,1
5405,Coscoroba coscoroba,1
2301,Passer domesticus,1
12201,Thalassarche chrysostoma,0.4
12401,Cinclodes oustaleti,1
11203,Numenius phaeopus,1
5105,Thalasseus elegans,0.8
7309,Diuca diuca,1
10210,Tachyeres pteneres,1
5601,Spheniscus humboldti,0.6
2102,Pandion haliaetus,0.4
14101,Thalasseus elegans,0.8
3102,Ardea cocoi,1
4301,Ardea cocoi,1
16207,Macronectes halli,1
6205,Nothoprocta perdicaria,1
12103,Vanellus chilensis,1
12103,Tachyeres pteneres,1
8202,Thalassarche melanophris,1
7309,Vanellus chilensis,1
6206,Passer domesticus,1
3102,Pelecanoides garnotii,0.8
10101,Plegadis chihi,1
16207,Cygnus melancoryphus,1
8202,Bubulcus ibis,1
12201,Otaria byronia,1
14102,Pelecanoides garnotii,0.8
5602,Otaria byronia,1
5602,Macronectes halli,1
10206,Pelecanus thagus,0.8
12201,Balaenoptera borealis,1
3303,Lontra felina,0.4
8108,Thalassarche melanophris,1
5105,Lontra felina,0.4
14101,Macronectes giganteus,1
4301,Geranoaetus melanoleucus,1
10108,Lontra felina,0.4
10401,Calidris alba,1
5601,Macronectes giganteus,1
10202,Otaria byronia,1
8110,Falco peregrinus,1
12201,Speculanas specularis,0.8
5103,Tursiops truncatus,0.6
7102,Thalasseus elegans,0.8
10401,Tringa flavipes,0.6
12303,Chloephaga rubidiceps,1
5603,Falco sparverius,1
5602,Diomedea sanfordi,0.4
15101,Thalassarche melanophris,1
2101,Falco peregrinus,1
10202,Macronectes giganteus,1
11201,Turdus falcklandii,1
9116,Cygnus melancoryphus,1
3304,Spheniscus humboldti,0.6
10210,Cygnus melancoryphus,1
14102,Columba livia,1
11201,Cygnus melancoryphus,1
5405,Tringa flavipes,0.6
10102,Macronectes giganteus,1
10202,Cinclodes oustaleti,1
5605,Ardea cocoi,1
10209,Columba livia,1
4102,Thalassarche salvini,0.6
10106,Cygnus melancoryphus,1
10203,Falco sparverius,1
8207,Vanellus chilensis,1
8111,Sula variegata,1
2102,Macronectes giganteus,1
11303,Cygnus melancoryphus,1
8102,Sula variegata,1
12103,Coscoroba coscoroba,1
10102,Tringa flavipes,0.6
5109,Falco sparverius,1
5109,Falco peregrinus,1
10204,Cygnus melancoryphus,1
9102,Haematopus palliatus,1
2301,Falco peregrinus,1
10403,Passer domesticus,1
14102,Tringa flavipes,0.6
2104,Haematopus palliatus,1
5403,Cinclodes oustaleti,1
14106,Tringa flavipes,0.6
10102,Cinclodes oustaleti,1
10208,Cygnus melancoryphus,1
1101,Calidris alba,1
8108,Thalasseus elegans,0.8
5107,Macronectes halli,1
5602,Pelecanoides garnotii,0.8
5102,Haematopus palliatus,1
7309,Plegadis chihi,1
7202,Cygnus melancoryphus,1
12104,Macronectes giganteus,1
4203,Thalasseus elegans,0.8
2102,Thalassarche melanophris,1
10209,Pelecanus thagus,0.8
7103,Numenius phaeopus,1
10401,Calidris fuscicollis,0.6
2101,Spheniscus humboldti,0.6
10108,Falco sparverius,1
3303,Diuca diuca,1
4104,Columba livia,1
7103,Tringa flavipes,0.6
5606,Asio flammeus,0.8
4101,Cinclodes oustaleti,1
10103,Cygnus melancoryphus,1
12103,Macronectes giganteus,1
4202,Laterallus jamaicensis,0.4
9117,Turdus falcklandii,1
10306,Passer domesticus,1
10403,Thalassarche melanophris,1
2104,Columba livia,1
4102,Sephanoides sephaniodes,1
8106,Sephanoides sephaniodes,1
8110,Calidris fuscicollis,0.6
1101,Spheniscus humboldti,0.6
8102,Sephanoides sephaniodes,1
5103,Thalassarche salvini,0.6
12303,Vultur gryphus,0.6
12101,Pluvianellus socialis,0.6
16207,Vanellus chilensis,1
10202,Macronectes halli,1
7103,Passer domesticus,1
2301,Sternula lorata,0.4
7202,Columba livia,1
5401,Spheniscus humboldti,0.6
10209,Thalassarche melanophris,1
8108,Pelecanus thagus,0.8
5403,Larosterna inca,0.8
10202,Calidris alba,1
4202,Cygnus melancoryphus,1
4203,Falco peregrinus,1
12103,Speculanas specularis,0.8
16202,Columba livia,1
8102,Larosterna inca,0.8
10208,Passer domesticus,1
7202,Passer domesticus,1
8202,Sephanoides sephaniodes,1
9102,Falco sparverius,1
7103,Diuca diuca,1
7309,Thalasseus elegans,0.8
4101,Spheniscus humboldti,0.6
9117,Pelecanus thagus,0.8
3201,Passer domesticus,1
12402,Geranoaetus melanoleucus,1
1101,Pterodroma defilippiana,0.6
14101,Diuca diuca,1
4301,Pelecanus thagus,0.8
6206,Numenius phaeopus,1
4102,Turdus falcklandii,1
3304,Phoenicopterus chilensis,0.8
10207,Turdus falcklandii,1
10103,Sula variegata,1
5605,Falco sparverius,1
12401,Tachyeres patachonicus,1
6201,Ardea cocoi,1
10201,Falco sparverius,1
10401,Sula variegata,1
16202,Sula variegata,1
9118,Sephanoides sephaniodes,1
7203,Passer domesticus,1
6203,Coscoroba coscoroba,1
6203,Falco peregrinus,1
12104,Falco peregrinus,1
8107,Sula variegata,1
6201,Thalasseus elegans,0.8
12104,Passer domesticus,1
9118,Tringa flavipes,0.6
10203,Tachyeres pteneres,1
10103,Passer domesticus,1
5101,Macronectes giganteus,1
8207,Tringa flavipes,0.6
16202,Thalassarche melanophris,1
16203,Tringa flavipes,0.6
7303,Ardea cocoi,1
5606,Pterodroma defilippiana,0.6
6205,Passer domesticus,1
6203,Haematopus palliatus,1
5405,Thalassarche salvini,0.6
7303,Phoenicopterus chilensis,0.8
1404,Sula variegata,1
5604,Coscoroba coscoroba,1
2104,Larus dominicanus,1
10208,Tachyeres pteneres,1
8110,Falco sparverius,1
3101,Vanellus chilensis,1
6205,Diuca diuca,1
4203,Pelecanus thagus,0.8
5102,Turdus falcklandii,1
2101,Falco sparverius,1
12101,Vultur gryphus,0.6
10203,Numenius phaeopus,1
11303,Larus dominicanus,1
4301,Vanellus chilensis,1
5401,Thalasseus elegans,0.8
8202,Coscoroba coscoroba,1
5105,Cinclodes oustaleti,1
7203,Numenius phaeopus,1
15102,Pelecanoides garnotii,0.8
10401,Spheniscus humboldti,0.6
5602,Diomedea epomophora,0.6
10108,Asio flammeus,0.8
3102,Vanellus chilensis,1
5102,Passer domesticus,1
4203,Spheniscus humboldti,0.6
3102,Columba livia,1
8107,Heteronetta atricapilla,1
3303,Thalassarche melanophris,1
15102,Falco peregrinus,1
4203,Larosterna inca,0.8
14102,Thalassarche melanophris,1
6201,Falco sparverius,1
12101,Thalassarche chrysostoma,0.4
5604,Pelecanoides garnotii,0.8
1404,Larus dominicanus,1
9117,Ardea cocoi,1
1101,Thalassarche melanophris,1
10203,Columba livia,1
12101,Asio flammeus,0.8
8107,Bubulcus ibis,1
5403,Pelecanus thagus,0.8
7103,Sephanoides sephaniodes,1
11203,Larus dominicanus,1
5602,Larosterna inca,0.8
12303,Thalassarche melanophris,1
3303,Calidris alba,1
8108,Falco peregrinus,1
8202,Diuca diuca,1
16202,Plegadis chihi,1
7309,Passer domesticus,1
16202,Cygnus melancoryphus,1
5105,Calidris alba,1
8107,Ardea cocoi,1
2301,Calidris alba,1
5602,Ardea cocoi,1
10108,Speculanas specularis,0.8
10403,Tringa flavipes,0.6
4301,Coscoroba coscoroba,1
8106,Thalassarche melanophris,1
5107,Falco peregrinus,1
9102,Thalassarche salvini,0.6
5602,Macronectes giganteus,1
3201,Calidris alba,1
3201,Phoenicoparrus jamesi,0.8
8207,Thalasseus elegans,0.8
2101,Diomedea sanfordi,0.4
16207,Numenius phaeopus,1
10205,Vanellus chilensis,1
4101,Macronectes halli,1
10202,Pelecanoides garnotii,0.8
11303,Falco sparverius,1
4202,Falco peregrinus,1
8107,Cinclodes oustaleti,1
3201,Pelecanoides garnotii,0.8
5606,Macronectes halli,1
10209,Diuca diuca,1
12303,Speculanas specularis,0.8
14102,Macronectes halli,1
15101,Calidris fuscicollis,0.6
5102,Sula variegata,1
8207,Larus dominicanus,1
9102,Pelecanus thagus,0.8
10108,Spheniscus humboldti,0.6
7103,Coscoroba coscoroba,1
5401,Falco sparverius,1
5606,Heteronetta atricapilla,1
5105,Pterodroma defilippiana,0.6
8202,Cygnus melancoryphus,1
10207,Cinclodes oustaleti,1
14102,Thalassarche salvini,0.6
8207,Pelecanus thagus,0.8
12103,Macronectes halli,1
7103,Bubulcus ibis,1
16202,Cinclodes oustaleti,1
10203,Diuca diuca,1
16203,Diuca diuca,1
8106,Larosterna inca,0.8
16202,Thalasseus elegans,0.8
9116,Calidris alba,1
7102,Macronectes halli,1
7102,Bubulcus ibis,1
8201,Numenius phaeopus,1
10201,Thalassarche melanophris,1
8110,Diuca diuca,1
8108,Numenius phaeopus,1
11201,Vultur gryphus,0.6
9102,Asio flammeus,0.8
8112,Bubulcus ibis,1
11201,Pelecanus thagus,0.8
5105,Heteronetta atricapilla,1
5107,Cygnus melancoryphus,1
1101,Falco peregrinus,1
5103,Calidris alba,1
8202,Falco sparverius,1
14201,Vanellus chilensis,1
10205,Tachyeres pteneres,1
7303,Plegadis chihi,1
16207,Phoenicopterus chilensis,0.8
3303,Thalassarche eremita,0.6
4202,Cinclodes oustaleti,1
9116,Falco peregrinus,1
2101,Thalassarche salvini,0.6
10106,Tringa flavipes,0.6
4202,Nothoprocta perdicaria,1
4203,Cinclodes oustaleti,1
7203,Columba livia,1
6205,Pelecanus thagus,0.8
10210,Phoenicopterus chilensis,0.8
7303,Sula variegata,1
12201,Passer domesticus,1
14106,Falco peregrinus,1
10203,Chloephaga hybrida,1
8112,Cinclodes oustaleti,1
3201,Diuca diuca,1
14102,Phoenicopterus chilensis,0.8
8202,Cinclodes oustaleti,1
2301,Pelecanus thagus,0.8
3303,Falco sparverius,1
10305,Thalassarche melanophris,1
7102,Calidris alba,1
4102,Thalassarche melanophris,1
8110,Calidris alba,1
3101,Passer domesticus,1
8201,Turdus falcklandii,1
3303,Megaptera novaeangliae,1
12101,Megaptera novaeangliae,1
12201,Megaptera novaeangliae,1
14102,Megaptera novaeangliae,1
10401,Megaptera novaeangliae,1
2102,Megaptera novaeangliae,1
11202,Megaptera novaeangliae,1
2101,Megaptera novaeangliae,1
10202,Megaptera novaeangliae,1
11201,Megaptera novaeangliae,1
15101,Megaptera novaeangliae,1
7103,Ardea cocoi,1
6205,Thalassarche bulleri,0.8
5103,Bubulcus ibis,1
1101,Bubulcus ibis,1
7103,Turdus falcklandii,1
7309,Haematopus palliatus,1
10101,Asio flammeus,0.8
5103,Falco peregrinus,1
10106,Sula variegata,1
12301,Cygnus melancoryphus,1
3102,Sephanoides sephaniodes,1
5602,Thalassarche bulleri,0.8
9117,Diuca diuca,1
4101,Calidris himantopus,0.8
9102,Sephanoides sephaniodes,1
3303,Macronectes giganteus,1
10210,Turdus falcklandii,1
10210,Pelecanus thagus,0.8
5604,Larosterna inca,0.8
12301,Chloephaga rubidiceps,1
16207,Sula variegata,1
10206,Cygnus melancoryphus,1
12201,Daption capense,1
5102,Diuca diuca,1
6201,Nothoprocta perdicaria,1
5109,Thalasseus elegans,0.8
14106,Passer domesticus,1
16202,Sephanoides sephaniodes,1
10106,Tachyeres pteneres,1
11202,Macronectes giganteus,1
10108,Ardea cocoi,1
3304,Larosterna inca,0.8
8102,Diuca diuca,1
8102,Ardea cocoi,1
4104,Thalassarche salvini,0.6
5109,Pterodroma defilippiana,0.6
12104,Asio flammeus,0.8
5605,Macronectes giganteus,1
7309,Pelecanus thagus,0.8
5401,Cinclodes oustaleti,1
15101,Macronectes giganteus,1
11201,Passer domesticus,1
11201,Diomedea sanfordi,0.4
11202,Passer domesticus,1
4102,Daption capense,1
9118,Ardea cocoi,1
4101,Nothoprocta perdicaria,1
15101,Spheniscus humboldti,0.6
10102,Chloephaga hybrida,1
16207,Thalasseus elegans,0.8
5603,Phoenicopterus chilensis,0.8
12301,Falco peregrinus,1
14101,Cygnus melancoryphus,1
12303,Cinclodes oustaleti,1
3304,Pandion haliaetus,0.4
10403,Macronectes giganteus,1
8107,Diomedea sanfordi,0.4
15102,Larus dominicanus,1
9118,Falco sparverius,1
4101,Macronectes giganteus,1
11303,Thalassarche melanophris,1
9102,Thalasseus elegans,0.8
12103,Phoenicopterus chilensis,0.8
7103,Sula variegata,1
5603,Thalassarche melanophris,1
4202,Thalasseus elegans,0.8
5601,Cinclodes oustaleti,1
8201,Sephanoides sephaniodes,1
10203,Passer domesticus,1
12401,Falco sparverius,1
14106,Spheniscus humboldti,0.6
7103,Phoenicopterus chilensis,0.8
10101,Falco peregrinus,1
10202,Larosterna inca,0.8
7103,Nothoprocta perdicaria,1
8106,Thalassarche bulleri,0.8
9102,Vanellus chilensis,1
2104,Pelecanus thagus,0.8
10203,Pelecanus thagus,0.8
4101,Coscoroba coscoroba,1
12104,Thalassarche melanophris,1
11303,Vultur gryphus,0.6
16202,Coscoroba coscoroba,1
14102,Calidris alba,1
7309,Sephanoides sephaniodes,1
4202,Calidris fuscicollis,0.6
5107,Pelecanoides garnotii,0.8
8107,Calidris alba,1
3102,Cinclodes oustaleti,1
11303,Cinclodes oustaleti,1
10204,Sephanoides sephaniodes,1
9116,Sula variegata,1
5107,Thalasseus elegans,0.8
12104,Tringa flavipes,0.6
4301,Sephanoides sephaniodes,1
10205,Haematopus palliatus,1
8110,Phoenicopterus chilensis,0.8
14106,Cygnus melancoryphus,1
5401,Bubulcus ibis,1
6206,Sephanoides sephaniodes,1
8201,Pelecanus thagus,0.8
10210,Passer domesticus,1
4102,Macronectes halli,1
9117,Sula variegata,1
10401,Diomedea epomophora,0.6
12302,Falco peregrinus,1
5105,Phoebastria irrorata,0.2
10108,Nothoprocta perdicaria,1
2104,Larosterna inca,0.8
5605,Cinclodes oustaleti,1
7102,Falco sparverius,1
3303,Thalasseus elegans,0.8
10106,Spheniscus humboldti,0.6
4202,Phoenicopterus chilensis,0.8
12301,Geranoaetus melanoleucus,1
7303,Larosterna inca,0.8
6205,Columba livia,1
5401,Macronectes halli,1
10204,Falco sparverius,1
10103,Numenius phaeopus,1
4301,Nothoprocta perdicaria,1
11203,Tachyeres pteneres,1
7103,Laterallus jamaicensis,0.4
12302,Haematopus palliatus,1
4104,Thalassarche melanophris,1
10101,Diuca diuca,1
6205,Diomedea epomophora,0.6
16207,Diuca diuca,1
8111,Turdus falcklandii,1
5107,Thalassarche salvini,0.6
8107,Laterallus jamaicensis,0.4
8207,Diomedea sanfordi,0.4
12104,Numenius phaeopus,1
6206,Coscoroba coscoroba,1
5604,Macronectes giganteus,1
5602,Thalasseus elegans,0.8
4104,Coscoroba coscoroba,1
10205,Sephanoides sephaniodes,1
10201,Falco peregrinus,1
10108,Bubulcus ibis,1
12402,Coscoroba coscoroba,1
12401,Falco peregrinus,1
7203,Turdus falcklandii,1
8201,Larus dominicanus,1
16207,Pelecanus thagus,0.8
10401,Phoenicopterus chilensis,0.8
2104,Calidris alba,1
10209,Pterodroma externa,0.6
4203,Heteronetta atricapilla,1
12103,Falco sparverius,1
10106,Passer domesticus,1
9102,Coscoroba coscoroba,1
10208,Tringa flavipes,0.6
8107,Plegadis chihi,1
6203,Sephanoides sephaniodes,1
7203,Coscoroba coscoroba,1
8102,Thalassarche melanophris,1
6206,Haematopus palliatus,1
10101,Falco sparverius,1
6206,Sula variegata,1
5602,Nothoprocta perdicaria,1
4301,Thalassarche melanophris,1
11201,Ardea cocoi,1
8112,Plegadis chihi,1
12402,Vultur gryphus,0.6
3303,Cinclodes oustaleti,1
12401,Bubulcus ibis,1
10209,Tringa flavipes,0.6
11203,Turdus falcklandii,1
8106,Macronectes giganteus,1
5109,Ardea cocoi,1
8111,Cygnus melancoryphus,1
16202,Nothoprocta perdicaria,1
7203,Sula variegata,1
3102,Thalasseus elegans,0.8
3304,Cygnus melancoryphus,1
6205,Ardea cocoi,1
4104,Thalasseus elegans,0.8
10205,Ardea cocoi,1
2101,Bubulcus ibis,1
5107,Pterodroma externa,0.6
7303,Coscoroba coscoroba,1
10303,Vanellus chilensis,1
15102,Spheniscus humboldti,0.6
4104,Falco peregrinus,1
12301,Vultur gryphus,0.6
5107,Thalassarche bulleri,0.8
10203,Bubulcus ibis,1
2301,Columba livia,1
16207,Macronectes giganteus,1
10208,Cinclodes oustaleti,1
10203,Falco peregrinus,1
2102,Pterodroma defilippiana,0.6
3101,Larus dominicanus,1
4301,Turdus falcklandii,1
10206,Numenius phaeopus,1
10306,Cinclodes oustaleti,1
10201,Ardea cocoi,1
7102,Thalassarche salvini,0.6
10205,Diuca diuca,1
6203,Cygnus melancoryphus,1
10206,Tachyeres pteneres,1
9116,Columba livia,1
9118,Diuca diuca,1
11203,Macronectes halli,1
4102,Plegadis chihi,1
10102,Tachyeres patachonicus,1
12402,Passer domesticus,1
8207,Numenius phaeopus,1
7303,Nothoprocta perdicaria,1
11303,Ardea cocoi,1
14106,Nothoprocta perdicaria,1
4202,Pelecanus thagus,0.8
11203,Macronectes giganteus,1
5405,Thalasseus elegans,0.8
10108,Falco peregrinus,1
5601,Diomedea sanfordi,0.4
10305,Haematopus palliatus,1
12302,Calidris alba,1
10306,Numenius phaeopus,1
11303,Daption capense,1
3201,Larosterna inca,0.8
10201,Sula variegata,1
10202,Falco sparverius,1
6205,Coscoroba coscoroba,1
8207,Columba livia,1
12303,Tachyeres patachonicus,1
4301,Thalassarche bulleri,0.8
15101,Phoebastria irrorata,0.2
7202,Plegadis chihi,1
5602,Pterodroma defilippiana,0.6
10306,Thalassarche melanophris,1
5603,Spheniscus humboldti,0.6
3102,Falco sparverius,1
12401,Diuca diuca,1
2101,Phoebastria irrorata,0.2
9116,Nothoprocta perdicaria,1
12102,Tachyeres patachonicus,1
16207,Plegadis chihi,1
16203,Thalasseus elegans,0.8
5606,Thalassarche salvini,0.6
10401,Daption capense,1
9116,Macronectes halli,1
5403,Calidris alba,1
1101,Phoebastria irrorata,0.2
11303,Passer domesticus,1
5601,Daption capense,1
6206,Thalasseus elegans,0.8
14201,Larus dominicanus,1
8106,Numenius phaeopus,1
8106,Cinclodes oustaleti,1
10401,Macronectes giganteus,1
10108,Daption capense,1
5103,Diomedea sanfordi,0.4
5103,Thalassarche bulleri,0.8
10103,Ardea cocoi,1
5604,Calidris alba,1
5102,Sephanoides sephaniodes,1
1404,Numenius phaeopus,1
3304,Bubulcus ibis,1
10208,Phoenicopterus chilensis,0.8
10203,Tringa flavipes,0.6
11203,Falco peregrinus,1
7203,Plegadis chihi,1
12301,Speculanas specularis,0.8
3102,Larosterna inca,0.8
10210,Sephanoides sephaniodes,1
16207,Thalassarche melanophris,1
14101,Falco sparverius,1
10203,Asio flammeus,0.8
10403,Larosterna inca,0.8
8207,Sephanoides sephaniodes,1
10401,Vultur gryphus,0.6
12302,Thalassarche melanophris,1
10306,Tringa flavipes,0.6
8108,Spheniscus humboldti,0.6
5102,Columba livia,1
6206,Diuca diuca,1
16202,Calidris alba,1
12302,Falco sparverius,1
4301,Vultur gryphus,0.6
8106,Thalassarche salvini,0.6
10101,Diomedea epomophora,0.6
10401,Tachyeres patachonicus,1
5107,Nothoprocta perdicaria,1
16207,Turdus falcklandii,1
12103,Passer domesticus,1
10207,Tringa flavipes,0.6
8108,Falco sparverius,1
12302,Chloephaga rubidiceps,1
8111,Larosterna inca,0.8
3201,Columba livia,1
15102,Numenius phaeopus,1
7202,Diuca diuca,1
14101,Pelecanoides garnotii,0.8
12303,Turdus falcklandii,1
5606,Diomedea sanfordi,0.4
11203,Passer domesticus,1
6201,Macronectes halli,1
4104,Geranoaetus melanoleucus,1
11202,Ardea cocoi,1
10201,Coscoroba coscoroba,1
12104,Falco sparverius,1
10106,Falco peregrinus,1
5601,Asio flammeus,0.8
4101,Thalassarche melanophris,1
12301,Falco sparverius,1
14201,Thalassarche melanophris,1
10206,Haematopus palliatus,1
3201,Vanellus chilensis,1
10108,Diuca diuca,1
6205,Larosterna inca,0.8
10401,Falco peregrinus,1
2301,Bubulcus ibis,1
10203,Sula variegata,1
12302,Cygnus melancoryphus,1
4102,Thalassarche bulleri,0.8
10204,Sula variegata,1
7303,Thalasseus elegans,0.8
4301,Pterodroma defilippiana,0.6
10210,Thalasseus elegans,0.8
7203,Thalassarche salvini,0.6
7203,Calidris alba,1
10403,Diuca diuca,1
10403,Vultur gryphus,0.6
4101,Pterodroma defilippiana,0.6
10209,Cinclodes oustaleti,1
6201,Pelecanoides garnotii,0.8
7309,Columba livia,1
5603,Macronectes halli,1
7102,Pelecanoides garnotii,0.8
5103,Thalassarche eremita,0.6
11201,Tachyeres patachonicus,1
8207,Pterodroma defilippiana,0.6
9102,Falco peregrinus,1
5603,Calidris fuscicollis,0.6
5403,Falco sparverius,1
9118,Calidris alba,1
8102,Falco sparverius,1
4301,Sula variegata,1
2104,Cinclodes oustaleti,1
7103,Thalasseus elegans,0.8
4301,Calidris alba,1
12301,Tringa flavipes,0.6
10209,Tachyeres patachonicus,1
12104,Tachyeres pteneres,1
10206,Vanellus chilensis,1
10306,Sula variegata,1
4101,Tringa flavipes,0.6
5403,Falco peregrinus,1
16202,Bubulcus ibis,1
4104,Sephanoides sephaniodes,1
11203,Daption capense,1
9102,Diuca diuca,1
7202,Sula variegata,1
10201,Thalasseus elegans,0.8
8207,Sula variegata,1
8106,Vanellus chilensis,1
8107,Asio flammeus,0.8
8111,Bubulcus ibis,1
2102,Falco peregrinus,1
5405,Falco peregrinus,1
2301,Thalasseus elegans,0.8
12401,Thalassarche salvini,0.6
4104,Macronectes halli,1
4202,Asio flammeus,0.8
12201,Tringa flavipes,0.6
4301,Pelecanoides garnotii,0.8
1101,Sula dactylatra,1
8102,Macronectes giganteus,1
10204,Vultur gryphus,0.6
16203,Haematopus palliatus,1
5602,Daption capense,1
10210,Falco sparverius,1
3303,Columba livia,1
7202,Diomedea sanfordi,0.4
9117,Passer domesticus,1
9117,Tringa flavipes,0.6
3102,Phoenicoparrus jamesi,0.8
9116,Bubulcus ibis,1
10207,Bubulcus ibis,1
5103,Macronectes halli,1
9102,Cygnus melancoryphus,1
11201,Cinclodes oustaleti,1
8202,Diomedea sanfordi,0.4
10206,Turdus falcklandii,1
6203,Calidris alba,1
10207,Macronectes giganteus,1
12301,Macronectes halli,1
9116,Ardea cocoi,1
10401,Thalasseus elegans,0.8
9117,Nothoprocta perdicaria,1
4301,Passer domesticus,1
10205,Pelecanus thagus,0.8
3201,Geranoaetus melanoleucus,1
5403,Laterallus jamaicensis,0.4
5602,Plegadis chihi,1
10208,Calidris alba,1
5601,Thalassarche bulleri,0.8
6203,Nothoprocta perdicaria,1
4301,Spheniscus humboldti,0.6
5101,Falco peregrinus,1
5103,Cygnus melancoryphus,1
16203,Pelecanus thagus,0.8
10202,Speculanas specularis,0.8
10207,Tachyeres patachonicus,1
5604,Macronectes halli,1
15102,Larosterna inca,0.8
8202,Spheniscus humboldti,0.6
2104,Spheniscus humboldti,0.6
7202,Sephanoides sephaniodes,1
10401,Nothoprocta perdicaria,1
11201,Pterodroma externa,0.6
5403,Heteronetta atricapilla,1
5401,Columba livia,1
5107,Geranoaetus melanoleucus,1
10305,Thalassarche salvini,0.6
6205,Plegadis chihi,1
11303,Macronectes halli,1
10305,Bubulcus ibis,1
9116,Cinclodes oustaleti,1
2301,Tringa flavipes,0.6
5105,Falco peregrinus,1
8108,Columba livia,1
4202,Plegadis chihi,1
10209,Falco sparverius,1
9118,Columba livia,1
7202,Ardea cocoi,1
7202,Haematopus palliatus,1
14201,Turdus falcklandii,1
3201,Tringa flavipes,0.6
14106,Columba livia,1
8110,Calidris himantopus,0.8
10207,Diuca diuca,1
9118,Cygnus melancoryphus,1
1404,Haematopus palliatus,1
10305,Turdus falcklandii,1
2104,Sula variegata,1
12101,Bubulcus ibis,1
4104,Sula dactylatra,1
8102,Pelecanoides garnotii,0.8
5102,Thalassarche melanophris,1
7202,Coscoroba coscoroba,1
10401,Chloephaga hybrida,1
12303,Falco sparverius,1
8112,Laterallus jamaicensis,0.4
11202,Chloephaga hybrida,1
7309,Sula variegata,1
7202,Bubulcus ibis,1
11203,Thalassarche melanophris,1
3101,Haematopus palliatus,1
6203,Turdus falcklandii,1
9102,Thalassarche melanophris,1
5101,Thalasseus elegans,0.8
3303,Phoenicopterus chilensis,0.8
16203,Falco peregrinus,1
16203,Plegadis chihi,1
6205,Cinclodes oustaleti,1
15102,Columba livia,1
16203,Ardea cocoi,1
12302,Tachyeres patachonicus,1
4301,Thalasseus elegans,0.8
7303,Macronectes halli,1
7103,Falco sparverius,1
5109,Coscoroba coscoroba,1
11201,Numenius phaeopus,1
12103,Chloephaga hybrida,1
8207,Thalassarche melanophris,1
12302,Coscoroba coscoroba,1
12301,Cinclodes oustaleti,1
10205,Columba livia,1
8111,Spheniscus humboldti,0.6
11201,Thalassarche salvini,0.6
8207,Macronectes halli,1
2104,Sephanoides sephaniodes,1
7203,Cinclodes oustaleti,1
8110,Macronectes halli,1
15102,Pandion haliaetus,0.4
3304,Calidris himantopus,0.8
16202,Ardea cocoi,1
4203,Pelecanoides garnotii,0.8
2301,Calidris himantopus,0.8
2101,Daption capense,1
7202,Thalassarche salvini,0.6
10204,Columba livia,1
6203,Phoenicopterus chilensis,0.8
11303,Tachyeres pteneres,1
10305,Diomedea sanfordi,0.4
10303,Larus dominicanus,1
2301,Spheniscus humboldti,0.6
8111,Coscoroba coscoroba,1
8207,Pterodroma longirostris,0.6
10101,Spheniscus humboldti,0.6
8207,Passer domesticus,1
8108,Turdus falcklandii,1
4203,Bubulcus ibis,1
3303,Vultur gryphus,0.6
8112,Pterodroma defilippiana,0.6
16203,Turdus falcklandii,1
9116,Larosterna inca,0.8
8207,Pterodroma externa,0.6
5606,Pelecanoides garnotii,0.8
12402,Vanellus chilensis,1
7309,Falco sparverius,1
6203,Sula variegata,1
10207,Falco sparverius,1
8207,Plegadis chihi,1
5401,Geranoaetus melanoleucus,1
12103,Ardea cocoi,1
12302,Pluvianellus socialis,0.6
10207,Macronectes halli,1
10106,Nothoprocta perdicaria,1
14106,Cinclodes oustaleti,1
9118,Spheniscus humboldti,0.6
8202,Asio flammeus,0.8
12303,Passer domesticus,1
10102,Diuca diuca,1
11201,Pterodroma longirostris,0.6
2301,Larosterna inca,0.8
10210,Sula variegata,1
10403,Phoenicopterus chilensis,0.8
7203,Nothoprocta perdicaria,1
6201,Spheniscus humboldti,0.6
9102,Bubulcus ibis,1
7102,Macronectes giganteus,1
5604,Thalassarche salvini,0.6
3303,Vanellus chilensis,1
7202,Nothoprocta perdicaria,1
6205,Falco sparverius,1
7303,Thalassarche melanophris,1
11303,Pterodroma longirostris,0.6
10203,Macronectes giganteus,1
5606,Pterodroma externa,0.6
9102,Diomedea sanfordi,0.4
8102,Calidris alba,1
2301,Cinclodes oustaleti,1
10208,Pelecanus thagus,0.8
2101,Pandion haliaetus,0.4
12101,Ardea cocoi,1
10305,Ardea cocoi,1
8106,Calidris alba,1
3101,Tringa flavipes,0.6
14102,Pterodroma externa,0.6
5602,Pandion haliaetus,0.4
4202,Columba livia,1
5403,Thalassarche melanophris,1
11201,Tachyeres pteneres,1
14101,Columba livia,1
10202,Plegadis chihi,1
10306,Larosterna inca,0.8
10106,Ardea cocoi,1
5107,Macronectes giganteus,1
5103,Pelecanoides garnotii,0.8
12101,Balaenoptera borealis,1
5101,Diuca diuca,1
8108,Thalassarche bulleri,0.8
6206,Cinclodes oustaleti,1
14201,Macronectes giganteus,1
2101,Tringa flavipes,0.6
3101,Coscoroba coscoroba,1
4104,Pterodroma defilippiana,0.6
10208,Sula variegata,1
5101,Nothoprocta perdicaria,1
11202,Cygnus melancoryphus,1
10204,Cinclodes oustaleti,1
5604,Thalasseus elegans,0.8
8107,Phoenicopterus chilensis,0.8
8202,Thalassarche salvini,0.6
7102,Spheniscus humboldti,0.6
8107,Macronectes halli,1
8202,Falco peregrinus,1
3303,Phaethon aethereus,1
10103,Tachyeres pteneres,1
12401,Daption capense,1
4102,Calidris himantopus,0.8
12201,Cygnus melancoryphus,1
8201,Falco sparverius,1
5602,Heteronetta atricapilla,1
10102,Phoenicopterus chilensis,0.8
10205,Cinclodes oustaleti,1
5401,Pterodroma defilippiana,0.6
7202,Thalassarche melanophris,1
5401,Ardea cocoi,1
6203,Pelecanus thagus,0.8
8106,Diomedea sanfordi,0.4
12201,Diomedea exulans,0.6
6205,Bubulcus ibis,1
8102,Columba livia,1
5604,Geranoaetus melanoleucus,1
4104,Falco sparverius,1
3102,Calidris himantopus,0.8
10403,Columba livia,1
7102,Geranoaetus melanoleucus,1
7309,Bubulcus ibis,1
7202,Numenius phaeopus,1
5606,Macronectes giganteus,1
8108,Macronectes giganteus,1
8201,Haematopus palliatus,1
16203,Sephanoides sephaniodes,1
4104,Diomedea sanfordi,0.4
10208,Diuca diuca,1
10401,Macronectes halli,1
3304,Thalasseus elegans,0.8
8106,Falco sparverius,1
5401,Thalassarche salvini,0.6
14106,Falco sparverius,1
5403,Pelecanoides garnotii,0.8
10210,Cinclodes oustaleti,1
12402,Cygnus melancoryphus,1
10305,Numenius phaeopus,1
12401,Thalassarche chrysostoma,0.4
14102,Diuca diuca,1
5405,Pelecanoides garnotii,0.8
5403,Bubulcus ibis,1
12401,Diomedea sanfordi,0.4
10305,Larus dominicanus,1
12401,Tringa flavipes,0.6
2102,Tringa flavipes,0.6
9118,Coscoroba coscoroba,1
10306,Macronectes giganteus,1
8107,Diuca diuca,1
12101,Cygnus melancoryphus,1
8207,Daption capense,1
10103,Falco sparverius,1
11201,Chloephaga hybrida,1
10201,Tachyeres patachonicus,1
10106,Larosterna inca,0.8
8106,Haematopus palliatus,1
5605,Geranoaetus melanoleucus,1
3101,Calidris alba,1
10204,Tringa flavipes,0.6
12103,Sephanoides sephaniodes,1
11203,Pelecanus thagus,0.8
4101,Falco peregrinus,1
8110,Larosterna inca,0.8
2101,Sephanoides sephaniodes,1
10208,Diomedea epomophora,0.6
12401,Macronectes halli,1
7303,Cinclodes oustaleti,1
9117,Cygnus melancoryphus,1
5606,Calidris fuscicollis,0.6
4102,Falco peregrinus,1
8207,Spheniscus humboldti,0.6
7303,Bubulcus ibis,1
5107,Pterodroma defilippiana,0.6
9102,Sula variegata,1
7203,Larosterna inca,0.8
6201,Falco peregrinus,1
10207,Falco peregrinus,1
10108,Pterodroma externa,0.6
9102,Ardea cocoi,1
11303,Calidris fuscicollis,0.6
15101,Asio flammeus,0.8
16207,Tringa flavipes,0.6
8108,Thalassarche salvini,0.6
10103,Coscoroba coscoroba,1
5101,Cygnus melancoryphus,1
10202,Thalassarche salvini,0.6
10207,Speculanas specularis,0.8
1101,Tringa flavipes,0.6
9102,Pterodroma longirostris,0.6
14201,Haematopus palliatus,1
6205,Thalassarche melanophris,1
1404,Columba livia,1
10207,Sula variegata,1
2301,Geranoaetus melanoleucus,1
6206,Turdus falcklandii,1
4104,Phaethon aethereus,1
5602,Bubulcus ibis,1
4301,Falco sparverius,1
5102,Larosterna inca,0.8
5601,Pterodroma externa,0.6
6201,Macronectes giganteus,1
12102,Numenius phaeopus,1
11203,Thalassarche salvini,0.6
10102,Nothoprocta perdicaria,1
5606,Pandion haliaetus,0.4
9117,Coscoroba coscoroba,1
12301,Columba livia,1
5401,Daption capense,1
12401,Asio flammeus,0.8
8108,Macronectes halli,1
8106,Diuca diuca,1
11201,Thalassarche bulleri,0.8
2101,Diuca diuca,1
6205,Falco peregrinus,1
8108,Pelecanoides garnotii,0.8
9118,Plegadis chihi,1
14201,Macronectes halli,1
11202,Diuca diuca,1
10303,Sephanoides sephaniodes,1
8202,Pelecanoides garnotii,0.8
2102,Falco sparverius,1
9102,Pterodroma externa,0.6
9118,Bubulcus ibis,1
4203,Thalassarche melanophris,1
12103,Columba livia,1
8112,Asio flammeus,0.8
12303,Vanellus chilensis,1
4202,Pterodroma defilippiana,0.6
11303,Bubulcus ibis,1
8107,Nothoprocta perdicaria,1
7203,Macronectes giganteus,1
5401,Plegadis chihi,1
12102,Vanellus chilensis,1
11303,Diomedea epomophora,0.6
5105,Diomedea exulans,0.6
10109,Sephanoides sephaniodes,1
5101,Numenius phaeopus,1
5105,Geranoaetus melanoleucus,1
3101,Sula variegata,1
5405,Nothoprocta perdicaria,1
10403,Thalasseus elegans,0.8
9117,Falco sparverius,1
7202,Calidris alba,1
8107,Spheniscus humboldti,0.6
12104,Geranoaetus melanoleucus,1
10207,Chloephaga hybrida,1
4203,Vultur gryphus,0.6
4301,Pterodroma externa,0.6
12102,Calidris fuscicollis,0.6
5101,Geranoaetus melanoleucus,1
16207,Calidris alba,1
10208,Macronectes halli,1
12102,Geranoaetus melanoleucus,1
7303,Falco sparverius,1
9116,Laterallus jamaicensis,0.4
8201,Thalasseus elegans,0.8
11202,Columba livia,1
5405,Larosterna inca,0.8
10208,Falco sparverius,1
7202,Larosterna inca,0.8
9102,Diomedea epomophora,0.6
8111,Cinclodes oustaleti,1
8111,Tringa flavipes,0.6
14106,Coscoroba coscoroba,1
5102,Cinclodes oustaleti,1
5601,Pterodroma defilippiana,0.6
12303,Calidris fuscicollis,0.6
8207,Macronectes giganteus,1
12101,Diomedea sanfordi,0.4
9117,Asio flammeus,0.8
7309,Ardea cocoi,1
8207,Calidris alba,1
10208,Diomedea sanfordi,0.4
10206,Sephanoides sephaniodes,1
5403,Calidris fuscicollis,0.6
10108,Heteronetta atricapilla,1
12201,Phoebetria palpebrata,0.8
4203,Pterodroma defilippiana,0.6
10306,Cygnus melancoryphus,1
10103,Haematopus palliatus,1
12103,Calidris fuscicollis,0.6
7102,Heteronetta atricapilla,1
5102,Pelecanoides garnotii,0.8
5102,Thalassarche salvini,0.6
7103,Falco peregrinus,1
12401,Diomedea epomophora,0.6
8111,Plegadis chihi,1
8207,Falco sparverius,1
10403,Coscoroba coscoroba,1
6206,Plegadis chihi,1
16203,Sula variegata,1
7202,Thalassarche bulleri,0.8
12302,Vanellus chilensis,1
11303,Thalassarche bulleri,0.8
10204,Thalassarche melanophris,1
5605,Pelecanoides garnotii,0.8
10202,Diomedea sanfordi,0.4
16202,Spheniscus humboldti,0.6
4101,Thalassarche salvini,0.6
7202,Diomedea epomophora,0.6
7102,Falco peregrinus,1
6205,Pterodroma externa,0.6
7203,Ardea cocoi,1
16203,Phoenicopterus chilensis,0.8
10209,Macronectes halli,1
11202,Vultur gryphus,0.6
4202,Larosterna inca,0.8
14201,Pelecanus thagus,0.8
6201,Cinclodes oustaleti,1
10203,Ardea cocoi,1
16207,Ardea cocoi,1
10101,Nothoprocta perdicaria,1
10205,Falco sparverius,1
8110,Macronectes giganteus,1
12401,Numenius phaeopus,1
10205,Tringa flavipes,0.6
8110,Speculanas specularis,0.8
8207,Thalassarche bulleri,0.8
10103,Pelecanus thagus,0.8
12103,Tringa flavipes,0.6
10103,Columba livia,1
1101,Cinclodes oustaleti,1
10210,Tringa flavipes,0.6
3101,Pelecanus thagus,0.8
2301,Pelecanoides garnotii,0.8
9116,Macronectes giganteus,1
12303,Sephanoides sephaniodes,1
5401,Pelecanoides garnotii,0.8
16202,Macronectes giganteus,1
12102,Macronectes giganteus,1
6205,Spheniscus humboldti,0.6
8201,Sula variegata,1
1404,Larosterna inca,0.8
10305,Sephanoides sephaniodes,1
3102,Thalassarche melanophris,1
10403,Calidris alba,1
7202,Macronectes halli,1
3303,Turdus falcklandii,1
12303,Haematopus palliatus,1
6206,Bubulcus ibis,1
4101,Plegadis chihi,1
10208,Thalasseus elegans,0.8
9117,Larosterna inca,0.8
10203,Phoenicopterus chilensis,0.8
4101,Laterallus jamaicensis,0.4
4202,Spheniscus humboldti,0.6
5109,Tringa flavipes,0.6
4101,Pterodroma externa,0.6
12104,Columba livia,1
16203,Passer domesticus,1
11303,Falco peregrinus,1
6205,Thalasseus elegans,0.8
5606,Thalassarche bulleri,0.8
10201,Chloephaga hybrida,1
11203,Diomedea sanfordi,0.4
1101,Sula sula,1
2102,Diomedea sanfordi,0.4
10207,Nothoprocta perdicaria,1
9102,Macronectes halli,1
6205,Phoenicopterus chilensis,0.8
6205,Thalassarche salvini,0.6
2104,Pelecanoides garnotii,0.8
10208,Tachyeres patachonicus,1
10208,Thalassarche salvini,0.6
16207,Columba livia,1
10206,Diuca diuca,1
2102,Thalassarche bulleri,0.8
16207,Bubulcus ibis,1
8107,Macronectes giganteus,1
10210,Falco peregrinus,1
14101,Nothoprocta perdicaria,1
9102,Macronectes giganteus,1
10201,Macronectes giganteus,1
5102,Falco sparverius,1
10207,Diomedea epomophora,0.6
10101,Coscoroba coscoroba,1
12104,Calidris alba,1
4102,Macronectes giganteus,1
8207,Thalassarche salvini,0.6
10305,Vanellus chilensis,1
12402,Phoenicopterus chilensis,0.8
10206,Tringa flavipes,0.6
15101,Thalassarche eremita,0.6
14101,Falco peregrinus,1
10103,Tachyeres patachonicus,1
3101,Phoenicopterus chilensis,0.8
10106,Coscoroba coscoroba,1
5401,Cygnus melancoryphus,1
7202,Asio flammeus,0.8
5107,Oryctolagus cuniculus,0.4
4202,Otaria byronia,1
14101,Eubalaena australis,1
10201,Otaria byronia,1
10206,Spheniscus humboldti,0.6
5101,Otaria byronia,1
4102,Otaria byronia,1
4101,Oryctolagus cuniculus,0.4
5605,Lontra felina,0.4
5601,Otaria byronia,1
12201,Mirounga leonina,1
10403,Otaria byronia,1
2101,Lontra felina,0.4
12101,Otaria byronia,1
8111,Engraulis ringens,1
10208,Cornu aspersum,1
2104,Otaria byronia,1
12401,Otaria byronia,1
5102,Pterodroma defilippiana,0.6
5401,Lontra felina,0.4
10101,Otaria byronia,1
5101,Eristalis tenax,1
4104,Otaria byronia,1
10303,Thalassarche salvini,0.6
5605,Cornu aspersum,1
5109,Otaria byronia,1
12101,Oryctolagus cuniculus,0.4
10106,Eristalis tenax,1
11202,Cornu aspersum,1
3102,Pterodroma defilippiana,0.6
3303,Otaria byronia,1
5604,Cornu aspersum,1
8106,Otaria byronia,1
4202,Sula dactylatra,1
4102,Cornu aspersum,1
10202,Cornu aspersum,1
1101,Eristalis tenax,1
8110,Lontra felina,0.4
12301,Balaenoptera borealis,1
4101,Phoenicoparrus jamesi,0.8
5403,Macronectes halli,1
4104,Eristalis tenax,1
12101,Mirounga leonina,1
11203,Megaptera novaeangliae,1
8107,Otaria byronia,1
8112,Cornu aspersum,1
10209,Otaria byronia,1
4104,Oryctolagus cuniculus,0.4
10202,Lontra felina,0.4
8112,Megaptera novaeangliae,1
14106,Lontra felina,0.4
8112,Otaria byronia,1
15101,Otaria byronia,1
3303,Tursiops truncatus,0.6
5401,Mugil cephalus,1
5603,Eristalis tenax,1
16202,Eristalis tenax,1
1101,Otaria byronia,1
4102,Engraulis ringens,1
5606,Cornu aspersum,1
4102,Eristalis tenax,1
8111,Otaria byronia,1
4101,Otaria byronia,1
5105,Oryctolagus cuniculus,0.4
8110,Spheniscus humboldti,0.6
5602,Oryctolagus cuniculus,0.4
15101,Eubalaena australis,1
5401,Eristalis tenax,1
5102,Spheniscus humboldti,0.6
7303,Prionace glauca,0.8
2102,Eubalaena australis,1
12201,Chloephaga rubidiceps,1
8112,Lontra felina,0.4
10101,Delphinus delphis,0.4
8107,Megaptera novaeangliae,1
12303,Mirounga leonina,1
14102,Eubalaena australis,1
5107,Diomedea sanfordi,0.4
8201,Otaria byronia,1
2104,Pterodroma defilippiana,0.6
4101,Lontra felina,0.4
5403,Otaria byronia,1
12201,Asio flammeus,0.8
9118,Prionace glauca,0.8
8107,Cornu aspersum,1
4301,Oryctolagus cuniculus,0.4
5109,Eristalis tenax,1
2101,Otaria byronia,1
5604,Lontra felina,0.4
5405,Lontra felina,0.4
5107,Eristalis tenax,1
10205,Tachyeres patachonicus,1
8102,Physeter macrocephalus,0.6
9102,Pterodroma ultima,0.8
5403,Lontra felina,0.4
4101,Tursiops truncatus,0.6
4101,Megaptera novaeangliae,1
16202,Otaria byronia,1
10403,Ardea cocoi,1
4104,Vultur gryphus,0.6
11202,Lontra provocax,0.4
5103,Otaria byronia,1
10206,Otaria byronia,1
12101,Lontra provocax,0.4
5403,Cornu aspersum,1
2104,Delphinus delphis,0.4
10403,Tursiops truncatus,0.6
4101,Physeter macrocephalus,0.6
10401,Otaria byronia,1
5602,Cornu aspersum,1
11201,Otaria byronia,1
2301,Megaptera novaeangliae,1
15101,Delphinus delphis,0.4
10103,Otaria byronia,1
10209,Eristalis tenax,1
3201,Otaria byronia,1
10108,Otaria byronia,1
6206,Otaria byronia,1
12101,Genypterus blacodes,0.6
3102,Lontra felina,0.4
14102,Otaria byronia,1
10202,Engraulis ringens,1
2102,Otaria byronia,1
6205,Otaria byronia,1
10102,Otaria byronia,1
2102,Daption capense,1
15101,Engraulis ringens,1
8107,Balaenoptera borealis,1
12401,Mirounga leonina,1
5405,Otaria byronia,1
4101,Eristalis tenax,1
12101,Tursiops truncatus,0.6
4102,Lontra felina,0.4
3304,Otaria byronia,1
14101,Eristalis tenax,1
12302,Physeter macrocephalus,0.6
5602,Lontra felina,0.4
10403,Desmophyllum dianthus,0.4
5604,Oryctolagus cuniculus,0.4
10103,Macronectes giganteus,1
5604,Otaria byronia,1
5601,Lontra felina,0.4
8107,Lontra felina,0.4
12301,Otaria byronia,1
10401,Lontra felina,0.4
4102,Seriola lalandi,1
5603,Lontra felina,0.4
5109,Lontra felina,0.4
8202,Pterodroma longirostris,0.6
2102,Lontra felina,0.4
5102,Lontra felina,0.4
10101,Cornu aspersum,1
10207,Otaria byronia,1
10403,Mirounga leonina,1
12201,Oryctolagus cuniculus,0.4
5401,Otaria byronia,1
3201,Lontra felina,0.4
12303,Macronectes halli,1
3303,Dermochelys coriacea,0.6
10401,Lontra provocax,0.4
10202,Eristalis tenax,1
3201,Chelonia mydas,0.4
8110,Balaenoptera borealis,1
5101,Lontra felina,0.4
5201,Larus dominicanus,1
5201,Thalassarche bulleri,0.8
5104,Pelecanus thagus,0.8
5104,Thalassarche salvini,0.6
5104,Daption capense,1
9117,Plegadis chihi,1
5606,Phoenicopterus chilensis,0.8
7303,Calidris alba,1
5109,Bubulcus ibis,1
4102,Phoebastria irrorata,0.2
16202,Speculanas specularis,0.8
15101,Phoenicopterus chilensis,0.8
7103,Heteronetta atricapilla,1
2101,Geranoaetus melanoleucus,1
7203,Spheniscus humboldti,0.6
8102,Spheniscus humboldti,0.6
4102,Geranoaetus melanoleucus,1
4102,Pterodroma externa,0.6
10102,Thalasseus elegans,0.8
10305,Tringa flavipes,1
4202,Phoenicoparrus jamesi,0.8
7103,Larosterna inca,0.8
4202,Heteronetta atricapilla,1
7309,Nothoprocta perdicaria,1
5601,Laterallus jamaicensis,0.4
10102,Ardea cocoi,1
5109,Nothoprocta perdicaria,1
12401,Diomedea exulans,0.6
10101,Bubulcus ibis,1
10101,Calidris alba,1
8106,Sula dactylatra,1
10104,Pelecanus thagus,0.8
5605,Thalassarche salvini,0.6
10206,Falco sparverius,1
3101,Laterallus jamaicensis,0.4
5605,Spheniscus humboldti,0.6
10207,Phoenicopterus chilensis,0.8
5401,Larosterna inca,0.8
9117,Macronectes halli,1
6205,Tursiops truncatus,0.6
8102,Coscoroba coscoroba,1
3102,Bubulcus ibis,1
7303,Laterallus jamaicensis,0.4
5102,Nothoprocta perdicaria,1
16202,Falco peregrinus,1
10305,Macronectes giganteus,1
6201,Diomedea epomophora,0.6
16202,Thalassarche bulleri,0.8
10108,Chloephaga hybrida,1
3303,Thalassarche cauta,0.8
4203,Calidris fuscicollis,1
2101,Turdus falcklandii,1
10403,Falco sparverius,1
12201,Columba livia,1
15102,Phoenicopterus chilensis,0.8
5605,Falco peregrinus,1
1404,Spheniscus humboldti,0.6
8107,Thalassarche melanophris,1
10109,Turdus falcklandii,1
4102,Thalassarche cauta,0.8
4301,Bubulcus ibis,1
14106,Ardea cocoi,1
5606,Fregetta grallaria,1
10104,Thalassarche melanophris,1
12101,Diomedea exulans,0.6
10305,Daption capense,1
14102,Falco sparverius,1
5606,Diomedea epomophora,0.6
6206,Columba livia,1
10202,Heteronetta atricapilla,1
10305,Spheniscus humboldti,0.6
5601,Falco peregrinus,1
8111,Megaptera novaeangliae,1
10303,Megaptera novaeangliae,1
10109,Larus dominicanus,1
2102,Tringa incana,1
11203,Cinclodes oustaleti,1
10202,Tachyeres patachonicus,1
7309,Phoenicopterus chilensis,0.8
14102,Bubulcus ibis,1
12102,Falco sparverius,1
16203,Cygnus melancoryphus,1
10203,Thalassarche melanophris,1
9102,Laterallus jamaicensis,0.4
14106,Plegadis chihi,1
14106,Calidris alba,1
16203,Nothoprocta perdicaria,1
10206,Passer domesticus,1
14102,Speculanas specularis,0.8
2102,Bubulcus ibis,1
5605,Pterodroma externa,0.6
4202,Thalassarche salvini,0.6
10109,Numenius phaeopus,1
15102,Tringa flavipes,1
5403,Geranoaetus melanoleucus,1
10207,Coscoroba coscoroba,1
10102,Macronectes halli,1
10204,Pelecanus thagus,0.8
10102,Calidris alba,1
5604,Bubulcus ibis,1
10204,Thalasseus elegans,0.8
5101,Calidris alba,1
5107,Sula dactylatra,1
5101,Plegadis chihi,1
10104,Turdus falcklandii,1
5109,Calidris alba,1
11303,Speculanas specularis,0.8
6206,Phoenicopterus chilensis,0.8
10102,Larosterna inca,0.8
6201,Diomedea sanfordi,0.4
3101,Cinclodes oustaleti,1
12402,Tachyeres pteneres,1
5601,Thalassarche eremita,0.6
5101,Coscoroba coscoroba,1
8201,Spheniscus humboldti,0.6
5605,Macronectes halli,1
10109,Tachyeres patachonicus,1
10208,Nothoprocta perdicaria,1
15101,Sula dactylatra,1
10210,Macronectes giganteus,1
5101,Tringa flavipes,1
4301,Thalassarche salvini,0.6
5403,Macronectes giganteus,1
5109,Sula dactylatra,1
8107,Pelecanoides garnotii,0.8
8107,Thalassarche salvini,0.6
12101,Thalassarche salvini,0.6
8107,Pterodroma externa,0.6
12401,Calidris alba,1
8102,Tringa flavipes,1
5105,Thalassarche chrysostoma,0.4
6201,Thalassarche bulleri,0.8
11303,Numenius phaeopus,1
5403,Fregata minor,1
5601,Sula dactylatra,1
7202,Tringa flavipes,1
10306,Calidris alba,1
3201,Thalasseus elegans,0.8
10205,Sula variegata,1
10208,Ardea cocoi,1
7303,Heteronetta atricapilla,1
10403,Bubulcus ibis,1
8107,Pterodroma defilippiana,0.6
10306,Columba livia,1
10204,Phoenicopterus chilensis,0.8
10306,Falco peregrinus,1
4104,Macronectes giganteus,1
5103,Phoenicopterus chilensis,0.8
4101,Cygnus melancoryphus,1
14106,Larosterna inca,0.8
10201,Bubulcus ibis,1
10210,Macronectes halli,1
15102,Thalasseus elegans,0.8
12102,Chloephaga hybrida,1
10201,Spheniscus humboldti,0.6
16207,Larosterna inca,0.8
8203,Calidris alba,1
10204,Coscoroba coscoroba,1
12302,Turdus falcklandii,1
8111,Thalassarche melanophris,1
12101,Numenius phaeopus,1
11202,Falco sparverius,1
2102,Vanellus chilensis,1
10210,Spheniscus humboldti,0.6
8102,Macronectes halli,1
12102,Turdus falcklandii,1
11201,Falco sparverius,1
10201,Macronectes halli,1
7303,Falco peregrinus,1
12104,Cygnus melancoryphus,1
3303,Diomedea sanfordi,0.4
6201,Thalassarche salvini,0.6
5101,Thalassarche eremita,0.6
11201,Speculanas specularis,0.8
5101,Sula dactylatra,1
12302,Macronectes halli,1
7202,Phoenicopterus chilensis,0.8
2301,Pterodroma defilippiana,0.6
5605,Diomedea sanfordi,0.4
14106,Thalassarche melanophris,1
12101,Pelecanus thagus,0.8
10109,Vanellus chilensis,1
8207,Diuca diuca,1
10205,Macronectes giganteus,1
8107,Thalassarche bulleri,0.8
10104,Larus dominicanus,1
10106,Tachyeres patachonicus,1
8111,Ardea cocoi,1
16207,Nothoprocta perdicaria,1
8107,Daption capense,1
10303,Thalassarche melanophris,1
9102,Nothoprocta perdicaria,1
8111,Calidris alba,1
7303,Spheniscus humboldti,0.6
12302,Chloephaga hybrida,1
12302,Diuca diuca,1
8108,Diomedea epomophora,0.6
5107,Thalassarche eremita,0.6
10303,Macronectes giganteus,1
12102,Larus dominicanus,1
8108,Cygnus melancoryphus,1
7303,Pandion haliaetus,0.4
10106,Falco sparverius,1
14106,Speculanas specularis,0.8
5102,Coscoroba coscoroba,1
6206,Calidris alba,1
12402,Cinclodes oustaleti,1
2102,Coscoroba coscoroba,1
12402,Tachyeres patachonicus,1
10109,Cygnus melancoryphus,1
7103,Thalassarche melanophris,1
5604,Ardea cocoi,1
10102,Bubulcus ibis,1
6206,Ardea cocoi,1
10205,Chloephaga hybrida,1
10101,Vultur gryphus,0.6
3101,Falco sparverius,1
10305,Cinclodes oustaleti,1
12102,Passer domesticus,1
3201,Thalassarche bulleri,0.8
12402,Speculanas specularis,0.8
10203,Vultur gryphus,0.6
12303,Geranoaetus melanoleucus,1
8107,Diomedea epomophora,0.6
5401,Vultur gryphus,0.6
9102,Cinclodes oustaleti,1
8201,Cinclodes oustaleti,1
11303,Haematopus palliatus,1
10103,Spheniscus humboldti,0.6
10305,Pelecanus thagus,0.8
9118,Speculanas specularis,0.8
15101,Phaethon aethereus,1
10101,Chloephaga hybrida,1
5103,Pterodroma defilippiana,0.6
10306,Bubulcus ibis,1
10102,Falco sparverius,1
10205,Thalasseus elegans,0.8
5602,Falco peregrinus,1
10103,Falco peregrinus,1
10206,Sula variegata,1
10201,Larosterna inca,0.8
14101,Plegadis chihi,1
9116,Thalassarche melanophris,1
7303,Thalassarche salvini,0.6
10206,Chloephaga hybrida,1
11203,Chloephaga hybrida,1
7309,Thalassarche melanophris,1
1404,Passer domesticus,1
7203,Bubulcus ibis,1
15101,Geranoaetus melanoleucus,1
10103,Bubulcus ibis,1
8202,Phoenicopterus chilensis,0.8
10210,Chloephaga hybrida,1
11202,Diomedea epomophora,0.6
10206,Coscoroba coscoroba,1
8106,Ardea cocoi,1
10208,Falco peregrinus,1
10106,Phoenicopterus chilensis,0.8
2104,Turdus falcklandii,1
16203,Larosterna inca,0.8
16203,Calidris alba,1
10109,Diuca diuca,1
10206,Macronectes giganteus,1
15102,Calidris alba,1
12103,Pluvianellus socialis,0.6
5405,Falco sparverius,1
7309,Cinclodes oustaleti,1
12101,Calidris alba,1
10201,Calidris alba,1
6203,Passer domesticus,1
5102,Bubulcus ibis,1
14106,Macronectes halli,1
11201,Columba livia,1
16207,Falco peregrinus,1
2104,Falco peregrinus,1
10106,Calidris alba,1
3201,Pandion haliaetus,0.4
4104,Calidris himantopus,1
8207,Diomedea epomophora,0.6
12104,Diuca diuca,1
6201,Pterodroma externa,0.6
8207,Cinclodes oustaleti,1
7309,Calidris alba,1
3201,Pterodroma defilippiana,0.6
10206,Asio flammeus,0.8
7202,Spheniscus humboldti,0.6
11303,Chloephaga hybrida,1
10303,Thalassarche bulleri,0.8
5105,Sula dactylatra,1
8111,Nothoprocta perdicaria,1
14101,Tringa flavipes,1
10206,Cinclodes oustaleti,1
16203,Bubulcus ibis,1
12104,Pluvianellus socialis,0.6
8201,Cygnus melancoryphus,1
10209,Macronectes giganteus,1
10103,Vultur gryphus,0.6
7303,Thalassarche bulleri,0.8
10201,Vultur gryphus,0.6
5403,Cygnus melancoryphus,1
8112,Nothoprocta perdicaria,1
8107,Pterodroma longirostris,0.6
7303,Pterodroma defilippiana,0.6
8203,Vanellus chilensis,1
12104,Speculanas specularis,0.8
10104,Daption capense,1
12302,Speculanas specularis,0.8
3303,Nothoprocta perdicaria,1
11303,Coscoroba coscoroba,1
8203,Numenius phaeopus,1
6205,Calidris alba,1
10206,Thalassarche melanophris,1
6201,Pterodroma defilippiana,0.6
10207,Ardea cocoi,1
2104,Thalasseus elegans,0.8
11201,Diomedea exulans,0.6
5103,Pterodroma externa,0.6
7203,Sula dactylatra,1
6203,Bubulcus ibis,1
11201,Diuca diuca,1
12103,Numenius phaeopus,1
10303,Diomedea sanfordi,0.4
10204,Calidris alba,1
6206,Larosterna inca,0.8
10209,Coscoroba coscoroba,1
10209,Thalasseus elegans,0.8
16202,Geranoaetus melanoleucus,1
11201,Geranoaetus melanoleucus,1
10209,Spheniscus humboldti,0.6
10401,Geranoaetus melanoleucus,1
11303,Pelecanus thagus,0.8
8111,Macronectes halli,1
12102,Tachyeres pteneres,1
10106,Thalasseus elegans,0.8
11202,Falco peregrinus,1
5109,Geranoaetus melanoleucus,1
8201,Bubulcus ibis,1
8110,Otaria byronia,1
14101,Cornu aspersum,1
2101,Mirounga leonina,1
4102,Tursiops truncatus,0.6
1101,Tursiops truncatus,0.6
5405,Cornu aspersum,1
5107,Lontra felina,0.4
4203,Pseudocaranx chilensis,0.6
2102,Prionace glauca,0.8
8207,Otaria byronia,1
4202,Eristalis tenax,1
10201,Cornu aspersum,1
7303,Otaria byronia,1
5107,Cornu aspersum,1
12402,Otaria byronia,1
5604,Plegadis chihi,1
4101,Seriola lalandi,1
8111,Oryctolagus cuniculus,0.4
4104,Megaptera novaeangliae,1
11303,Otaria byronia,1
11202,Otaria byronia,1
8111,Cornu aspersum,1
14101,Otaria byronia,1
15101,Mugil cephalus,1
4104,Lontra felina,0.4
8111,Eristalis tenax,1
4101,Cornu aspersum,1
15101,Tursiops truncatus,0.6
10208,Daption capense,1
5603,Arctocephalus philippii,1
3303,Physeter macrocephalus,0.6
5605,Otaria byronia,1
14106,Cornu aspersum,1
8102,Otaria byronia,1
4203,Oryctolagus cuniculus,0.4
8207,Eristalis tenax,1
3102,Otaria byronia,1
4104,Tursiops truncatus,0.6
5105,Otaria byronia,1
14106,Otaria byronia,1
5109,Cornu aspersum,1
5109,Mugil cephalus,1
2104,Eristalis tenax,1
11201,Cornu aspersum,1
4102,Sternula lorata,0.4
12104,Eubalaena australis,1
5103,Eristalis tenax,1
5604,Tursiops truncatus,0.6
10207,Spheniscus humboldti,0.6
8108,Cornu aspersum,1
5107,Otaria byronia,1
3303,Arctocephalus philippii,1
5109,Tursiops truncatus,0.6
10102,Engraulis ringens,1
1101,Lontra felina,0.4
14102,Deroceras reticulatum,1
14101,Balaenoptera borealis,1
8102,Megaptera novaeangliae,1
10203,Coscoroba coscoroba,1
8106,Deroceras reticulatum,1
5109,Oryctolagus cuniculus,0.4
12102,Chloephaga rubidiceps,1
3303,Eubalaena australis,1
8102,Lontra felina,0.4
1101,Engraulis ringens,1
4104,Mirounga leonina,1
12301,Diomedea epomophora,0.6
10203,Lontra provocax,0.4
8112,Speculanas specularis,0.8
9118,Otaria byronia,1
5603,Otaria byronia,1
10103,Phoenicopterus chilensis,0.8
1101,Megaptera novaeangliae,1
3102,Mirounga leonina,1
6206,Vultur gryphus,0.6
11303,Diomedea exulans,0.6
12401,Balaenoptera borealis,1
14102,Balaenoptera borealis,1
14101,Megaptera novaeangliae,1
10303,Turdus falcklandii,1
10202,Lontra provocax,0.4
4102,Laterallus jamaicensis,0.4
8111,Pelecanoides garnotii,0.8
8111,Macronectes giganteus,1
6203,Spheniscus humboldti,0.6
5606,Daption capense,1
7102,Laterallus jamaicensis,0.4
12301,Haematopus palliatus,1
4102,Phoenicopterus chilensis,0.8
4104,Thalassarche eremita,0.6
5405,Macronectes giganteus,1
5109,Phoebastria irrorata,0.2
7102,Prionace glauca,0.8
4101,Mirounga leonina,1
5405,Cygnus melancoryphus,1
10102,Plegadis chihi,1
10102,Speculanas specularis,0.8
3102,Plegadis chihi,1
4202,Pelecanoides garnotii,0.8
1101,Falco sparverius,1
11201,Bubulcus ibis,1
8112,Heteronetta atricapilla,1
4102,Diomedea epomophora,0.6
3101,Ardea cocoi,1
5103,Heteronetta atricapilla,1
10208,Diomedea exulans,0.6
4102,Thalassarche eremita,0.6
10403,Macronectes halli,1
4301,Falco peregrinus,1
5103,Nothoprocta perdicaria,1
4104,Thalassarche bulleri,0.8
7303,Daption capense,1
4203,Ardea cocoi,1
4101,Calidris fuscicollis,1
2102,Sephanoides sephaniodes,1
6205,Pelecanoides garnotii,0.8
7202,Falco sparverius,1
14201,Numenius phaeopus,1
4203,Laterallus jamaicensis,0.4
16203,Cinclodes oustaleti,1
12103,Asio flammeus,0.8
12303,Coscoroba coscoroba,1
10102,Falco peregrinus,1
5109,Thalassarche cauta,0.8
10303,Cinclodes oustaleti,1
8110,Nothoprocta perdicaria,1
3101,Pelecanoides garnotii,0.8
1101,Daption capense,1
4104,Pterodroma externa,0.6
10305,Diuca diuca,1
5105,Phoenicopterus chilensis,0.8
15102,Falco sparverius,1
5401,Falco peregrinus,1
4104,Turdus falcklandii,1
10206,Speculanas specularis,0.8
10303,Falco sparverius,1
10104,Thalassarche salvini,0.6
7102,Asio flammeus,0.8
1101,Calidris himantopus,1
5105,Thalassarche cauta,0.8
4202,Macronectes giganteus,1
16203,Speculanas specularis,0.8
8102,Cinclodes oustaleti,1
10201,Daption capense,1
9102,Plegadis chihi,1
8201,Calidris alba,1
10104,Sula variegata,1
5101,Bubulcus ibis,1
10303,Pelecanus thagus,0.8
4203,Macronectes giganteus,1
5405,Bubulcus ibis,1
8106,Geranoaetus melanoleucus,1
8106,Bubulcus ibis,1
3102,Macronectes halli,1
12303,Numenius phaeopus,1
1101,Pandion haliaetus,0.4
10104,Vanellus chilensis,1
10201,Speculanas specularis,0.8
3303,Sephanoides sephaniodes,1
3102,Macronectes giganteus,1
3102,Turdus falcklandii,1
10103,Macronectes halli,1
7202,Thalasseus elegans,0.8
3101,Spheniscus humboldti,0.6
2101,Eubalaena australis,1
12303,Daption capense,1
16203,Falco sparverius,1
10202,Bubulcus ibis,1
8111,Tachyeres patachonicus,1
12301,Asio flammeus,0.8
10101,Geranoaetus melanoleucus,1
7103,Columba livia,1
10305,Falco peregrinus,1
10207,Columba livia,1
5603,Pandion haliaetus,0.4
3201,Bubulcus ibis,1
5107,Laterallus jamaicensis,0.4
7203,Falco sparverius,1
10201,Thalassarche salvini,0.6
12302,Numenius phaeopus,1
14201,Calidris alba,1
10104,Sephanoides sephaniodes,1
14101,Pandion haliaetus,0.4
10209,Calidris alba,1
10204,Bubulcus ibis,1
10106,Daption capense,1
14106,Macronectes giganteus,1
10209,Phoenicopterus chilensis,0.8
12201,Coscoroba coscoroba,1
10202,Calidris fuscicollis,1
8203,Larus dominicanus,1
5107,Phoenicopterus chilensis,0.8
10101,Daption capense,1
10401,Larosterna inca,0.8
14201,Sula variegata,1
8110,Pelecanoides garnotii,0.8
10109,Ardea cocoi,1
16207,Speculanas specularis,0.8
6206,Nothoprocta perdicaria,1
7309,Heteronetta atricapilla,1
8110,Thalassarche melanophris,1
10303,Diomedea epomophora,0.6
14101,Ardea cocoi,1
10205,Asio flammeus,0.8
10206,Ardea cocoi,1
5103,Vultur gryphus,0.6
10306,Macronectes halli,1
11202,Daption capense,1
11202,Bubulcus ibis,1
10207,Calidris alba,1
5405,Phoenicopterus chilensis,0.8
10205,Macronectes halli,1
7202,Cinclodes oustaleti,1
10106,Columba livia,1
8201,Diuca diuca,1
10203,Cornu aspersum,1
7102,Otaria byronia,1
5603,Cornu aspersum,1
10208,Mirounga leonina,1
12302,Oryctolagus cuniculus,0.4
14102,Lontra felina,0.4
4301,Macronectes halli,1
8110,Eristalis tenax,1
4102,Mugil cephalus,1
12103,Otaria byronia,1
8201,Cornu aspersum,1
7303,Cornu aspersum,1
4104,Lepidochelys olivacea,0.6
8207,Cornu aspersum,1
10403,Cornu aspersum,1
5602,Eristalis tenax,1
5403,Thalassarche salvini,0.6
15102,Otaria byronia,1
5601,Pterodroma longirostris,0.6
5109,Prionace glauca,0.8
10401,Cornu aspersum,1
10208,Megaptera novaeangliae,1
9102,Otaria byronia,1
10203,Otaria byronia,1
4101,Mugil cephalus,1
6201,Eristalis tenax,1
5103,Eubalaena australis,1
5604,Eristalis tenax,1
6201,Cornu aspersum,1
10206,Cornu aspersum,1
3201,Coscoroba coscoroba,1
14101,Lontra felina,0.4
14102,Desmophyllum dianthus,0.4
11203,Otaria byronia,1
4301,Otaria byronia,1
5403,Tursiops truncatus,0.6
5601,Cornu aspersum,1
10103,Cornu aspersum,1
10401,Tursiops truncatus,0.6
3102,Eristalis tenax,1
3201,Mugil cephalus,1
5605,Eristalis tenax,1
10403,Engraulis ringens,1
5201,Calidris himantopus,1
5201,Calidris fuscicollis,1
15101,Phoenicoparrus jamesi,0.8
14101,Bubulcus ibis,1
10106,Asio flammeus,1
11202,Calidris alba,1
14101,Coscoroba coscoroba,1
7203,Cygnus melancoryphus,1
12303,Thalassarche chrysostoma,0.4
5109,Plegadis chihi,1
8106,Falco peregrinus,1
3304,Pterodroma externa,0.6
5107,Calidris himantopus,1
6201,Daption capense,1
12201,Numenius phaeopus,1
7103,Geranoaetus melanoleucus,1
5105,Cygnus melancoryphus,1
5606,Geranoaetus melanoleucus,1
16207,Falco sparverius,1
3304,Thalassarche salvini,0.6
12201,Bubulcus ibis,1
10303,Passer domesticus,1
4102,Cygnus melancoryphus,1
5102,Calidris alba,1
10303,Numenius phaeopus,1
12302,Columba livia,1
5102,Oryctolagus cuniculus,0.4
11202,Diomedea sanfordi,0.4
8108,Plegadis chihi,1
1101,Ardea cocoi,1
10401,Bubulcus ibis,1
11202,Numenius phaeopus,1
10207,Thalasseus elegans,0.8
8107,Geranoaetus melanoleucus,1
11303,Lontra provocax,0.4
3304,Thalassarche melanophris,1
12104,Macronectes halli,1
8110,Thalassarche salvini,0.6
7202,Falco peregrinus,1
12101,Daption capense,1
12102,Falco peregrinus,1
10303,Diuca diuca,1
10104,Haematopus palliatus,1
7202,Pelecanoides garnotii,0.8
10104,Falco sparverius,1
12401,Pluvianellus socialis,0.8
5405,Macronectes halli,1
8201,Columba livia,1
7303,Columba livia,1
10303,Haematopus palliatus,1
8108,Sephanoides sephaniodes,1
5102,Geranoaetus melanoleucus,1
5603,Nothoprocta perdicaria,1
4102,Calidris fuscicollis,1
5601,Calidris fuscicollis,1
14101,Thalassarche salvini,0.6
10305,Cygnus melancoryphus,1
11202,Coscoroba coscoroba,1
3201,Falco peregrinus,1
11202,Larosterna inca,0.8
8202,Laterallus jamaicensis,0.4
5604,Falco peregrinus,1
9116,Speculanas specularis,0.8
3304,Pterodroma defilippiana,0.6
8102,Bubulcus ibis,1
1101,Geranoaetus melanoleucus,1
8207,Falco peregrinus,1
12401,Pelecanus thagus,0.8
8111,Anous stolidus,1
10106,Diuca diuca,1
11203,Falco sparverius,1
3201,Cinclodes oustaleti,1
5602,Pterodroma externa,0.6
3304,Macronectes halli,1
10306,Ardea cocoi,1
1101,Phoenicopterus chilensis,0.8
6201,Laterallus jamaicensis,0.4
11202,Phoenicopterus chilensis,0.8
14106,Bubulcus ibis,1
10208,Asio flammeus,1
3101,Bubulcus ibis,1
15102,Macronectes giganteus,1
11202,Geranoaetus melanoleucus,1
8207,Ardea cocoi,1
10206,Columba livia,1
10206,Tachyeres patachonicus,1
11201,Eubalaena australis,1
5606,Mugil cephalus,1
8110,Heteronetta atricapilla,1
5403,Oryctolagus cuniculus,0.4
8108,Eristalis tenax,1
8102,Eristalis tenax,1
10303,Eristalis tenax,1
2101,Eristalis tenax,1
3304,Mugil cephalus,1
11201,Tursiops truncatus,0.6
10209,Cornu aspersum,1
3102,Chelonia mydas,0.4
3201,Mirounga leonina,1
8110,Cornu aspersum,1
15101,Lontra felina,0.4
2101,Lepidochelys olivacea,0.6
2101,Seriola lalandi,1
10108,Tachyeres patachonicus,1
8202,Cornu aspersum,1
10106,Cornu aspersum,1
10106,Otaria byronia,1
10101,Eristalis tenax,1
3303,Mirounga leonina,1
6201,Oryctolagus cuniculus,0.4
5105,Cornu aspersum,1
10209,Chloephaga hybrida,1
5601,Eristalis tenax,1
5405,Eristalis tenax,1
11202,Tursiops truncatus,0.6
8111,Lontra felina,0.4
12103,Diomedea exulans,0.6
10102,Megaptera novaeangliae,1
5602,Tursiops truncatus,0.6
9117,Megaptera novaeangliae,1
9116,Engraulis ringens,1
8110,Engraulis ringens,1
7202,Engraulis ringens,1
11201,Balaenoptera borealis,0.4
5105,Engraulis ringens,1
5201,Numenius tahitiensis,0.8
5104,Phaethon aethereus,1
7303,Diomedea sanfordi,0.4
5605,Laterallus jamaicensis,0.4
4104,Bubulcus ibis,1
8202,Heteronetta atricapilla,1
7303,Pelecanoides garnotii,0.8
10205,Thalassarche melanophris,1
5401,Phoenicoparrus jamesi,0.8
12302,Diomedea epomophora,0.6
15101,Laterallus jamaicensis,0.4
9116,Spheniscus humboldti,0.6
12301,Ardea cocoi,1
11201,Sula variegata,1
11203,Ardea cocoi,1
10102,Asio flammeus,1
3102,Phoenicopterus chilensis,0.8
10104,Cinclodes oustaleti,1
9116,Pelecanoides garnotii,0.8
9116,Thalassarche salvini,0.6
8203,Pelecanoides garnotii,0.8
10203,Heteronetta atricapilla,1
3102,Pandion haliaetus,1
10305,Macronectes halli,1
10101,Thalassarche salvini,0.6
10401,Coscoroba coscoroba,1
8201,Falco peregrinus,1
2101,Phoenicopterus chilensis,0.8
16207,Spheniscus humboldti,0.6
11201,Falco peregrinus,1
10209,Speculanas specularis,0.8
10101,Ardea cocoi,1
10206,Plegadis chihi,1
8203,Spheniscus humboldti,0.6
10203,Spheniscus humboldti,0.6
8201,Thalassarche melanophris,1
8201,Pelecanoides garnotii,0.8
1404,Bubulcus ibis,1
11201,Coscoroba coscoroba,1
10203,Thalasseus elegans,0.8
10101,Speculanas specularis,0.8
10208,Pterodroma longirostris,0.6
3201,Phoenicopterus chilensis,0.8
12104,Diomedea epomophora,0.6
4104,Anous stolidus,1
10201,Diomedea epomophora,0.6
10209,Bubulcus ibis,1
6203,Cinclodes oustaleti,1
10103,Plegadis chihi,1
5107,Diomedea epomophora,0.6
2102,Mirounga leonina,1
8111,Balaenoptera borealis,0.4
5601,Deroceras reticulatum,1
11202,Mirounga leonina,1
10108,Cornu aspersum,1
5107,Prionace glauca,0.8
2101,Cornu aspersum,1
2102,Dermochelys coriacea,0.6
4102,Vallonia pulchella,1
14102,Lontra provocax,0.4
8102,Asio flammeus,1
5405,Tursiops truncatus,0.6
10106,Eubalaena australis,1
10306,Eubalaena australis,1
10201,Eubalaena australis,1
6201,Eubalaena australis,1
2301,Tursiops truncatus,0.6
2102,Tursiops truncatus,0.6
5201,Cygnus melancoryphus,1
5201,Vanellus chilensis,1
5201,Centropyge hotumatua,1
5104,Vanellus chilensis,1
5104,Coscoroba coscoroba,1
5104,Ardea cocoi,1
10303,Eubalaena australis,1
4301,Macronectes giganteus,1
3201,Thalassarche salvini,0.6
10306,Diuca diuca,1
14102,Diomedea sanfordi,0.4
5103,Daption capense,1
5403,Pterodroma defilippiana,0.6
8201,Ardea cocoi,1
2301,Ardea cocoi,1
10203,Geranoaetus melanoleucus,1
9116,Phoenicopterus chilensis,0.8
4203,Pandion haliaetus,1
12103,Bubulcus ibis,1
4203,Plegadis chihi,1
8201,Coscoroba coscoroba,1
8102,Nothoprocta perdicaria,1
12201,Haematopus palliatus,1
2102,Cinclodes oustaleti,1
4203,Diomedea epomophora,0.6
4101,Asio flammeus,1
7103,Macronectes halli,1
9102,Columba livia,1
4203,Geranoaetus melanoleucus,1
4101,Geranoaetus melanoleucus,1
6205,Macronectes halli,1
8112,Pterodroma externa,0.6
8207,Coscoroba coscoroba,1
12104,Balaenoptera borealis,0.4
12302,Tringa flavipes,1
10209,Falco peregrinus,1
3201,Macronectes giganteus,1
12302,Asio flammeus,1
5602,Geranoaetus melanoleucus,1
10103,Thalassarche melanophris,1
4203,Thalassarche salvini,0.6
10203,Plegadis chihi,1
8102,Falco peregrinus,1
11203,Diomedea epomophora,0.6
5109,Heteronetta atricapilla,1
5109,Thalassarche chrysostoma,0.4
14101,Tachyeres patachonicus,1
11203,Diuca diuca,1
12104,Daption capense,1
5405,Plegadis chihi,1
11201,Thalassarche chrysostoma,0.4
16202,Phoenicopterus chilensis,0.8
12301,Bubulcus ibis,1
5403,Thalassarche bulleri,0.8
12303,Bubulcus ibis,1
2104,Macronectes halli,1
2104,Thalassarche salvini,0.6
14201,Tachyeres pteneres,1
5102,Ardea cocoi,1
15102,Calidris himantopus,1
4203,Thalassarche bulleri,0.8
10210,Bubulcus ibis,1
5403,Diomedea epomophora,0.6
12104,Otaria byronia,1
6203,Otaria byronia,1
8106,Lontra felina,0.4
10306,Lontra felina,0.4
10403,Megaptera novaeangliae,1
12103,Lontra provocax,0.4
8207,Arctocephalus philippii,1
9116,Cornu aspersum,1
5606,Otaria byronia,1
11202,Lontra felina,0.4
10202,Deroceras reticulatum,1
11303,Physeter macrocephalus,0.4
10203,Eubalaena australis,1
15102,Mugil cephalus,1
8111,Mugil cephalus,1
8107,Plegadis ridgwayi,1
1404,Tursiops truncatus,0.6
10208,Balaenoptera borealis,0.4
10202,Eubalaena australis,1
5201,Numenius phaeopus,1
5201,Thunnus albacares,1
10202,Geranoaetus melanoleucus,1
12301,Mirounga leonina,1
5605,Sula sula,1
2301,Diuca diuca,1
12301,Numenius phaeopus,1
5401,Heteronetta atricapilla,1
8102,Heteronetta atricapilla,1
11203,Tachyeres patachonicus,1
8102,Plegadis chihi,1
5107,Pandion haliaetus,1
12102,Vultur gryphus,0.8
10403,Daption capense,1
5604,Thalassarche bulleri,0.8
8102,Diomedea epomophora,0.6
6206,Falco peregrinus,1
8202,Pterodroma defilippiana,0.6
3303,Bubulcus ibis,1
8202,Pterodroma externa,0.6
10210,Tachyeres patachonicus,1
2104,Bubulcus ibis,1
12303,Asio flammeus,1
10201,Geranoaetus melanoleucus,1
4301,Daption capense,1
1101,Thalassarche eremita,0.6
11203,Phoenicopterus chilensis,0.8
7303,Geranoaetus melanoleucus,1
7303,Speculanas specularis,0.8
10208,Spheniscus humboldti,0.6
12301,Daption capense,1
8110,Thalassarche bulleri,0.8
5604,Heteronetta atricapilla,1
7102,Speculanas specularis,0.8
8203,Cygnus melancoryphus,1
7303,Macronectes giganteus,1
10204,Spheniscus humboldti,0.6
8102,Pterodroma longirostris,0.6
12301,Diomedea sanfordi,0.4
2301,Falco sparverius,1
5601,Geranoaetus melanoleucus,1
10204,Macronectes giganteus,1
2301,Macronectes giganteus,1
10104,Numenius phaeopus,1
5105,Plegadis chihi,1
2101,Phaethon aethereus,1
12104,Bubulcus ibis,1
2301,Pandion haliaetus,1
8102,Diomedea sanfordi,0.4
6206,Falco sparverius,1
8102,Thalassarche salvini,0.6
12402,Macronectes giganteus,1
1101,Diuca diuca,1
10205,Bubulcus ibis,1
6203,Larosterna inca,0.8
2102,Lepidochelys olivacea,0.6
10109,Otaria byronia,1
5601,Mirounga leonina,1
4101,Chelonia mydas,0.4
2301,Otaria byronia,1
8112,Balaenoptera borealis,0.4
11201,Physeter macrocephalus,0.4
10103,Mirounga leonina,1
4203,Otaria byronia,1
15101,Physeter macrocephalus,0.4
11303,Megaptera novaeangliae,1
5602,Arctocephalus philippii,1
1404,Macronectes halli,1
2102,Thalassarche eremita,0.6
5606,Megaptera novaeangliae,1
10210,Tursiops truncatus,0.6
3201,Megaptera novaeangliae,1
9102,Megaptera novaeangliae,1
5102,Eubalaena australis,1
1101,Balaenoptera borealis,0.4
4301,Megaptera novaeangliae,1
10209,Megaptera novaeangliae,1
1404,Balaenoptera borealis,0.4
5104,Bubulcus ibis,1
14201,Ardea cocoi,1
5109,Fulmarus glacialis,1
8108,Nothoprocta perdicaria,1
10205,Coscoroba coscoroba,1
8108,Pterodroma externa,0.6
8207,Cygnus melancoryphus,1
10104,Macronectes giganteus,1
12401,Pterodroma longirostris,0.6
5604,Phoenicopterus chilensis,0.8
8201,Macronectes halli,1
10209,Asio flammeus,1
12103,Diuca diuca,1
10103,Thalasseus elegans,0.8
10303,Spheniscus humboldti,0.6
9102,Spheniscus humboldti,0.6
4301,Cygnus melancoryphus,1
8207,Bubulcus ibis,1
14201,Cygnus melancoryphus,1
8201,Macronectes giganteus,1
10202,Daption capense,1
5109,Physeter macrocephalus,0.4
10102,Vultur gryphus,0.8
12104,Cinclodes oustaleti,1
10101,Pterodroma externa,0.6
14201,Thalasseus elegans,0.8
12302,Eubalaena australis,1
14201,Plegadis chihi,1
11303,Thalassarche chrysostoma,0.4
10201,Plegadis chihi,1
8108,Pterodroma defilippiana,0.6
8202,Thalassarche bulleri,0.8
2104,Pterodroma externa,0.6
10205,Spheniscus humboldti,0.6
11202,Speculanas specularis,0.8
2104,Thalassarche bulleri,0.8
7309,Thalassarche salvini,0.6
10403,Lontra provocax,0.4
10208,Lontra felina,0.4
3303,Phoebastria irrorata,0.2
9116,Otaria byronia,1
10207,Megaptera novaeangliae,1
3303,Sula dactylatra,1
3303,Lepidochelys olivacea,0.6
4102,Eubalaena australis,1
8202,Megaptera novaeangliae,1
15102,Delphinus delphis,0.4
15102,Tursiops truncatus,0.6
5201,Seriola lalandi,1
4301,Phoenicopterus chilensis,0.8
4102,Pandion haliaetus,1
12104,Ardea cocoi,1
12302,Daption capense,1
12303,Falco peregrinus,1
12303,Megaptera novaeangliae,1
12103,Megaptera novaeangliae,1
8102,Thalassarche bulleri,0.8
5606,Calidris himantopus,1
8106,Plegadis chihi,1
3304,Heteronetta atricapilla,1
7103,Cinclodes oustaleti,1
7102,Diomedea sanfordi,0.4
4101,Heteronetta atricapilla,1
10106,Plegadis chihi,1
4104,Pandion haliaetus,1
7309,Falco peregrinus,1
2104,Mirounga leonina,1
2102,Delphinus delphis,0.4
7102,Mirounga leonina,1
7309,Mirounga leonina,1
10205,Falco peregrinus,1
8102,Pterodroma externa,0.6
10210,Speculanas specularis,0.8
8106,Pterodroma externa,0.6
4202,Geranoaetus melanoleucus,1
8201,Plegadis chihi,1
4301,Laterallus jamaicensis,0.8
4101,Pandion haliaetus,1
7309,Larosterna inca,0.8
15101,Ardea cocoi,1
8102,Daption capense,1
10204,Chloephaga hybrida,1
4102,Fregetta grallaria,1
5109,Cygnus melancoryphus,1
7103,Pelecanoides garnotii,0.4
10102,Daption capense,1
7309,Spheniscus humboldti,0.6
8112,Pandion haliaetus,1
7102,Pterodroma defilippiana,0.6
8106,Cygnus melancoryphus,1
7102,Diomedea exulans,0.6
12103,Thalassarche chrysostoma,0.4
12303,Diomedea epomophora,0.6
12402,Chloephaga hybrida,1
9116,Diomedea sanfordi,0.4
12302,Thalassarche chrysostoma,0.4
12402,Falco sparverius,1
15102,Geranoaetus melanoleucus,1
8201,Mirounga leonina,1
7203,Otaria byronia,1
2104,Tursiops truncatus,0.6
10101,Eubalaena australis,1
16202,Megaptera novaeangliae,1
6205,Megaptera novaeangliae,1
5201,Promethichthys prometheus,1
10203,Megaptera novaeangliae,1
2102,Pterodroma neglecta,1
12401,Thalassarche eremita,0.6
7102,Pterodroma longirostris,0.6
12101,Pterodroma longirostris,0.6
12103,Thalassarche salvini,0.6
12103,Pterodroma longirostris,0.6
7202,Macronectes giganteus,1
3201,Charadrius nivosus,0.8
5401,Charadrius nivosus,0.8
5603,Pelecanoides garnotii,0.4
5101,Diomedea exulans,0.6
10208,Arctocephalus tropicalis,1
12101,Arctocephalus tropicalis,1
1101,Delphinus delphis,0.4
11201,Mirounga leonina,1
14102,Mirounga leonina,1
5105,Mirounga leonina,1
1404,Pandion haliaetus,1
9116,Asio flammeus,1
9116,Geranoaetus melanoleucus,1
5102,Macronectes giganteus,1
7102,Daption capense,1
5102,Thalasseus elegans,0.8
10208,Speculanas specularis,0.8
12301,Phoebetria palpebrata,0.8
12302,Bubulcus ibis,1
5102,Macronectes halli,1
7102,Oryctolagus cuniculus,0.8
5105,Physeter macrocephalus,0.4
10108,Megaptera novaeangliae,1
5403,Plegadis chihi,1
7303,Asio flammeus,1
4101,Daption capense,1
8202,Geranoaetus melanoleucus,1
5604,Pterodroma externa,0.6
8112,Geranoaetus melanoleucus,1
5603,Delphinus delphis,0.4
10208,Otaria byronia,1
10208,Tursiops truncatus,0.6
3102,Asio flammeus,1
3304,Macronectes giganteus,1
12102,Phoenicopterus chilensis,0.8
10205,Phoenicopterus chilensis,0.8
8201,Thalassarche salvini,0.6
10202,Vultur gryphus,0.8
4203,Macronectes halli,1
8108,Diuca diuca,1
8201,Daption capense,1
10101,Pandion haliaetus,1
4102,Oryctolagus cuniculus,0.8
5201,Lepidochelys olivacea,0.6
12101,Heteronetta atricapilla,1
8201,Nothoprocta perdicaria,1
11203,Bubulcus ibis,1
5109,Phaethon aethereus,1
10210,Asio flammeus,1
3101,Pandion haliaetus,1
16203,Mugil cephalus,1
4104,Daption capense,1
5403,Asio flammeus,1
8203,Diuca diuca,1
6206,Thalassarche melanophris,0.8
7309,Macronectes giganteus,1
3201,Delphinus delphis,0.4
8203,Coscoroba coscoroba,1
6206,Macronectes halli,1
8203,Asio flammeus,1
11303,Geranoaetus melanoleucus,1
16207,Asio flammeus,1
8108,Pterodroma longirostris,0.6
3303,Daption capense,1
10306,Falco sparverius,1
2104,Macronectes giganteus,1
8203,Phoenicopterus chilensis,0.8
10305,Tachyeres pteneres,1
1101,Tringa incana,1
5601,Eubalaena australis,1
4203,Mugil cephalus,1
10210,Lontra felina,0.4
4203,Lontra felina,0.4
5101,Cornu aspersum,1
5603,Eubalaena australis,1
12401,Megaptera novaeangliae,1
4202,Daption capense,1
9118,Daption capense,1
5405,Daption capense,1
4101,Ixobrychus involucris,1
5102,Ixobrychus involucris,1
4203,Ixobrychus involucris,1
5606,Charadrius collaris,1
10204,Asio flammeus,1
3201,Phaethon rubricauda,1
12302,Cinclodes oustaleti,1
5405,Sula dactylatra,1
7309,Thalassarche bulleri,0.8
9116,Tachyeres patachonicus,1
5103,Asio flammeus,1
2104,Lontra felina,0.4
11203,Tursiops truncatus,0.6
11202,Diomedea exulans,0.6
10202,Diomedea exulans,0.6
12302,Diomedea exulans,0.6
7102,Mugil cephalus,1
1404,Thalasseus elegans,0.8
15102,Calidris fuscicollis,1
10306,Thalasseus elegans,0.8
8207,Charadrius collaris,1
15101,Charadrius collaris,1
6201,Calidris fuscicollis,1
5405,Asio flammeus,1
5103,Diomedea epomophora,0.6
5102,Asio flammeus,1
15101,Chelonia mydas,0.4
4202,Megaptera novaeangliae,1
10208,Eubalaena australis,1
16202,Eubalaena australis,1
14201,Megaptera novaeangliae,1
5102,Megaptera novaeangliae,1
4102,Megaptera novaeangliae,1
5104,Megaptera novaeangliae,1
5107,Megaptera novaeangliae,1
7102,Megaptera novaeangliae,1
5403,Megaptera novaeangliae,1
9118,Nothoprocta perdicaria,1
5604,Daption capense,1
11201,Haematopus palliatus,1
12201,Eubalaena australis,1
12201,Lontra provocax,0.4
4101,Phoenicopterus chilensis,0.8
8202,Diomedea epomophora,0.6
12303,Phoebetria palpebrata,0.8
12102,Coscoroba coscoroba,1
12401,Thalassarche bulleri,0.8
1404,Megaptera novaeangliae,1
5405,Megaptera novaeangliae,1
11203,Eubalaena australis,1
12104,Diomedea exulans,0.6
12201,Phoenicopterus chilensis,0.8
5101,Ardea cocoi,1
8111,Diomedea sanfordi,0.4
16202,Thalassarche salvini,0.6
16202,Diomedea sanfordi,0.4
9102,Thalassarche bulleri,0.8
12302,Otaria byronia,1
3304,Megaptera novaeangliae,1
5105,Megaptera novaeangliae,1
5109,Megaptera novaeangliae,1
10401,Eubalaena australis,1
1101,Eubalaena australis,1
10201,Megaptera novaeangliae,1
5604,Diomedea epomophora,0.6
15101,Diuca diuca,1
10208,Coscoroba coscoroba,1
10203,Thalassarche salvini,0.6
6205,Heteronetta atricapilla,1
8202,Chloephaga hybrida,1
2104,Megaptera novaeangliae,1
5109,Eubalaena australis,1
12301,Diomedea exulans,0.6
10305,Diomedea exulans,0.6
10306,Diomedea exulans,0.6
14201,Diomedea exulans,0.6
11202,Thalassarche salvini,0.6
16203,Megaptera novaeangliae,1
9102,Thalassarche chrysostoma,0.6
3201,Thalassarche chrysostoma,0.6
9116,Thalassarche chrysostoma,0.6
8207,Thalassarche chrysostoma,0.6
5201,Pterodroma arminjoniana,0.6
15102,Thalassarche bulleri,0.6
16202,Thalassarche chrysostoma,0.6
10208,Thalassarche chrysostoma,0.6
11202,Thalassarche chrysostoma,0.6
8203,Thalassarche chrysostoma,0.6
7203,Thalassarche chrysostoma,0.6
8110,Thalassarche chrysostoma,0.6
